Nitrogen,Phosphorus,Potassium,Temperature,Humidity,pH_Value,Rainfall,Crop
34.0,9.0,35.0,26.344613,56.339006,5.370471,1186.257951,Cassava
29.0,13.0,36.0,27.043529,63.304375,5.763767,884.010242,Cassava
35.0,14.0,40.0,30.442963,67.536706,4.440573,1206.529066,Cassava
42.0,12.0,40.0,30.086963,67.828864,5.225188,1294.014815,Cassava
28.0,14.0,23.0,28.445656,64.349542,4.739743,1124.418283,Cassava
28.0,17.0,26.0,28.805051,71.85995,4.80515,1387.823246,Cassava
43.0,23.0,36.0,31.821929,60.026657,4.763042,910.717944,Cassava
36.0,16.0,36.0,26.961914,66.503344,4.654404,825.962153,Cassava
26.0,16.0,36.0,29.922453,68.342069,5.019409,729.830355,Cassava
34.0,15.0,50.0,27.974299,71.101072,4.66762,1319.287976,Cassava
26.0,7.0,36.0,27.934029,72.481304,5.108183,1167.785818,Cassava
26.0,15.0,40.0,31.35682,59.627505,4.979905,1039.994759,Cassava
32.0,15.0,39.0,30.646083,56.761201,4.904421,1100.394353,Cassava
15.0,25.0,37.0,30.615125,76.443738,4.636975,847.411971,Cassava
16.0,14.0,30.0,31.894245,69.826198,4.769291,1490.235356,Cassava
26.0,16.0,38.0,28.55461,62.260594,5.302156,1073.259813,Cassava
22.0,15.0,27.0,30.273078,78.358064,5.200367,1069.691063,Cassava
33.0,10.0,31.0,27.693306,68.309722,4.608978,1180.637992,Cassava
23.0,20.0,29.0,29.342833,75.75508,5.039733,1136.581662,Cassava
19.0,18.0,33.0,28.161628,67.972629,5.300555,1090.299124,Cassava
42.0,18.0,49.0,28.75219,81.925235,4.332238,907.714598,Cassava
28.0,11.0,19.0,30.047408,79.787386,5.217344,1134.864304,Cassava
31.0,21.0,37.0,26.372626,65.757251,4.73495,1388.764409,Cassava
19.0,9.0,21.0,33.940207,74.300997,5.228239,1292.175608,Cassava
26.0,17.0,29.0,25.884355,72.017632,4.694696,1336.773593,Cassava
31.0,24.0,40.0,25.34311,77.080421,4.278047,957.981178,Cassava
21.0,11.0,33.0,31.511088,60.745536,4.348983,871.871132,Cassava
33.0,13.0,25.0,30.558323,72.30236,5.019234,1027.358354,Cassava
25.0,15.0,27.0,30.122712,74.908971,5.103889,1060.030484,Cassava
28.0,13.0,37.0,30.133698,55.188824,4.638273,1246.954473,Cassava
25.0,9.0,27.0,28.468158,59.21719,5.255437,745.356367,Cassava
45.0,15.0,34.0,26.167139,53.225375,4.335392,1325.319058,Cassava
30.0,11.0,33.0,28.697092,65.614152,4.973568,1021.558578,Cassava
22.0,17.0,28.0,26.73938,72.522796,4.515594,973.161407,Cassava
37.0,11.0,48.0,31.035311,78.016499,4.739266,867.821212,Cassava
20.0,21.0,37.0,28.117651,68.018663,5.018959,752.125799,Cassava
32.0,12.0,18.0,26.353707,78.900309,4.655835,1198.170705,Cassava
14.0,14.0,34.0,27.664397,57.83929,4.846178,1063.197234,Cassava
19.0,18.0,28.0,29.573622,55.576323,5.402517,817.807038,Cassava
32.0,10.0,38.0,27.034316,67.111166,4.769243,816.885821,Cassava
36.0,16.0,27.0,26.362227,70.188458,5.334277,989.558754,Cassava
31.0,20.0,32.0,29.133587,67.271137,4.548117,1350.423875,Cassava
29.0,9.0,36.0,29.136913,53.027905,5.211922,1003.273557,Cassava
28.0,16.0,39.0,27.181948,66.87616,5.576627,779.434268,Cassava
18.0,16.0,24.0,27.2753,58.368713,4.011342,1005.766248,Cassava
24.0,18.0,30.0,29.10333,72.187708,4.681242,1000.909757,Cassava
26.0,10.0,29.0,24.734981,70.066188,5.230829,600.0,Cassava
38.0,10.0,28.0,24.840594,60.920841,4.918782,1040.226924,Cassava
33.0,17.0,45.0,26.632045,63.902932,5.148458,1008.431785,Cassava
16.0,16.0,35.0,27.945037,60.085505,4.758406,1175.317146,Cassava
33.0,16.0,24.0,29.30836,67.061246,5.034636,1382.812097,Cassava
27.0,16.0,39.0,32.335926,74.185996,4.937729,1252.781705,Cassava
25.0,12.0,47.0,30.729915,60.599918,5.467113,1001.600036,Cassava
35.0,16.0,40.0,28.08416,71.028326,5.101768,850.825336,Cassava
38.0,16.0,22.0,28.450558,63.788197,5.135041,1500.0,Cassava
37.0,12.0,29.0,25.893424,61.94989,4.835249,1060.659318,Cassava
23.0,22.0,41.0,28.451866,66.750787,4.804958,1052.507273,Cassava
28.0,17.0,28.0,27.749488,60.253304,4.826977,1045.657484,Cassava
33.0,10.0,36.0,29.339068,63.624455,5.157781,1085.655257,Cassava
38.0,18.0,38.0,26.3492,59.114855,4.831606,1024.015126,Cassava
26.0,11.0,26.0,29.850301,81.253076,5.11591,946.740839,Cassava
29.0,18.0,32.0,32.485121,67.746845,5.83016,951.565391,Cassava
21.0,20.0,15.0,28.217224,62.601921,5.34845,1044.104411,Cassava
20.0,12.0,25.0,29.54445,68.997859,4.869591,952.183541,Cassava
37.0,19.0,31.0,30.294374,66.713704,5.480486,921.687759,Cassava
41.0,17.0,24.0,27.456827,65.953213,4.83677,1069.157441,Cassava
29.0,18.0,44.0,29.08264,71.799167,4.18475,1004.104101,Cassava
38.0,23.0,22.0,28.53274,72.802554,4.596765,1320.718738,Cassava
33.0,14.0,29.0,28.753958,63.786492,4.251683,600.0,Cassava
25.0,12.0,33.0,26.490175,63.469272,4.859395,1246.471233,Cassava
33.0,11.0,43.0,28.563726,65.574638,5.007367,1274.295335,Cassava
42.0,12.0,22.0,29.794796,51.386552,5.670575,676.789758,Cassava
30.0,15.0,41.0,32.272973,56.893663,5.130771,988.316233,Cassava
43.0,16.0,33.0,30.994104,77.06812,4.91236,983.140644,Cassava
10.0,16.0,26.0,34.098274,79.014774,5.331762,796.647895,Cassava
37.0,18.0,36.0,26.504896,65.756748,4.115546,909.992996,Cassava
31.0,15.0,34.0,30.768034,71.535899,5.094246,850.096348,Cassava
28.0,21.0,28.0,28.976689,69.678751,5.308346,1365.40868,Cassava
31.0,14.0,33.0,34.193488,85.0,4.408566,1218.422111,Cassava
14.0,25.0,30.0,26.398424,75.337024,5.457502,1278.879917,Cassava
28.0,18.0,33.0,26.316723,66.604577,5.135399,1179.900972,Cassava
33.0,12.0,37.0,26.941579,60.811217,4.833885,846.770681,Cassava
42.0,11.0,44.0,22.977871,56.254876,5.253113,955.586352,Cassava
26.0,17.0,24.0,27.133037,68.924245,5.908277,1138.087421,Cassava
24.0,14.0,47.0,26.526255,62.205545,5.072747,830.016994,Cassava
26.0,18.0,19.0,28.891024,57.544224,5.099288,1178.339717,Cassava
37.0,17.0,31.0,29.388566,62.97399,4.816256,1006.741428,Cassava
33.0,15.0,37.0,33.378044,59.929164,4.660062,982.532255,Cassava
26.0,12.0,34.0,30.971102,79.309991,5.332134,1177.972794,Cassava
34.0,9.0,28.0,27.00005,73.671478,4.657566,1129.967396,Cassava
31.0,13.0,31.0,26.164122,67.444192,5.028626,985.02609,Cassava
38.0,18.0,29.0,29.77899,77.859609,4.808937,1258.679365,Cassava
24.0,16.0,28.0,25.067394,68.041578,5.191592,855.408601,Cassava
27.0,10.0,38.0,33.261793,61.471011,5.133465,1160.868409,Cassava
27.0,16.0,35.0,31.566544,78.161869,5.415016,1156.758226,Cassava
18.0,17.0,28.0,27.280143,71.27237,4.795993,994.281641,Cassava
32.0,11.0,39.0,24.04585,60.239277,4.89205,1108.703944,Cassava
32.0,16.0,35.0,32.020068,66.167629,4.608495,824.799556,Cassava
30.0,15.0,38.0,28.202196,61.370672,4.822283,1216.324863,Cassava
28.0,10.0,37.0,31.718322,57.820402,5.15092,1016.717615,Cassava
43.0,32.0,67.0,25.798711,75.988061,5.945081,719.829146,SweetPotato
57.0,25.0,58.0,24.849267,55.0,5.745414,919.045082,SweetPotato
41.0,28.0,63.0,23.119261,82.530248,5.944027,779.004829,SweetPotato
35.0,25.0,77.0,21.706126,69.162462,6.095587,709.310581,SweetPotato
33.0,25.0,65.0,24.396447,76.649097,5.91759,864.381181,SweetPotato
53.0,26.0,63.0,23.786971,63.760564,5.914613,692.183842,SweetPotato
36.0,29.0,48.0,24.790386,73.676643,5.647283,803.381739,SweetPotato
63.0,25.0,71.0,24.270344,63.679507,5.661356,798.90572,SweetPotato
29.0,34.0,70.0,25.099105,66.257386,5.395062,930.307468,SweetPotato
63.0,23.0,86.0,21.92953,81.484188,6.529848,856.963788,SweetPotato
49.0,27.0,59.0,25.634788,68.855906,5.452209,796.996765,SweetPotato
47.0,25.0,65.0,23.395199,71.304597,5.650554,898.131956,SweetPotato
43.0,35.0,65.0,27.150522,75.220406,5.641373,966.824906,SweetPotato
51.0,28.0,80.0,21.621624,72.974091,6.222173,866.937237,SweetPotato
47.0,33.0,61.0,26.471928,70.902513,5.793818,801.242314,SweetPotato
57.0,20.0,66.0,23.395822,72.189766,6.349187,642.579652,SweetPotato
49.0,29.0,69.0,21.697164,84.420494,5.657543,672.18636,SweetPotato
49.0,32.0,65.0,22.032228,69.654287,6.000438,763.373035,SweetPotato
44.0,28.0,58.0,22.359305,71.206594,5.599275,726.858536,SweetPotato
47.0,33.0,65.0,23.848332,76.303926,6.672254,777.563444,SweetPotato
50.0,25.0,74.0,24.045671,76.633156,5.472465,806.797991,SweetPotato
32.0,35.0,51.0,21.8526,77.122182,6.011535,863.563131,SweetPotato
35.0,39.0,64.0,22.951291,73.832381,6.12816,791.540147,SweetPotato
54.0,26.0,55.0,27.284541,63.141971,6.048968,858.380197,SweetPotato
49.0,25.0,76.0,26.455086,79.800589,5.833296,807.73693,SweetPotato
46.0,35.0,46.0,23.872647,63.121928,5.853265,562.944012,SweetPotato
48.0,35.0,56.0,23.076007,71.815813,5.915772,687.279753,SweetPotato
51.0,25.0,67.0,23.240063,65.474345,5.847079,782.709493,SweetPotato
43.0,25.0,80.0,24.227036,69.61517,6.246996,654.836631,SweetPotato
40.0,26.0,62.0,20.954415,71.972574,6.695788,871.991448,SweetPotato
49.0,21.0,56.0,22.485247,71.928143,5.699303,983.6901,SweetPotato
39.0,23.0,83.0,19.662832,72.531525,5.406871,946.251422,SweetPotato
51.0,22.0,47.0,23.798446,79.682268,5.868218,774.386855,SweetPotato
32.0,24.0,38.0,24.294392,72.721206,6.8,978.887136,SweetPotato
57.0,27.0,67.0,22.033627,68.53506,5.610677,817.840095,SweetPotato
52.0,29.0,57.0,26.147974,75.784523,6.490082,759.549683,SweetPotato
50.0,35.0,51.0,20.548469,77.136823,6.503972,726.39168,SweetPotato
56.0,23.0,70.0,20.07125,62.634353,5.700708,763.703638,SweetPotato
62.0,32.0,65.0,23.448904,73.5844,6.104834,753.418782,SweetPotato
57.0,26.0,56.0,25.094197,74.207036,6.486223,820.449947,SweetPotato
31.0,27.0,48.0,26.367855,68.214619,5.763514,819.268878,SweetPotato
36.0,31.0,72.0,22.082231,78.254241,5.826711,800.365522,SweetPotato
42.0,22.0,70.0,25.157362,69.099666,5.690595,852.43258,SweetPotato
48.0,29.0,61.0,22.922983,70.753459,5.534688,942.877553,SweetPotato
52.0,28.0,83.0,22.654745,68.961569,5.66626,913.946496,SweetPotato
41.0,30.0,51.0,24.76732,70.093474,5.459382,621.812244,SweetPotato
49.0,29.0,46.0,24.304646,63.422349,5.91227,500.0,SweetPotato
41.0,40.0,55.0,19.847216,61.359695,5.62281,912.118389,SweetPotato
42.0,24.0,62.0,25.953081,79.56703,5.984163,635.974556,SweetPotato
35.0,25.0,65.0,25.760183,64.918232,5.339878,773.028152,SweetPotato
39.0,24.0,60.0,21.748875,64.051646,6.019117,659.586437,SweetPotato
35.0,25.0,66.0,23.791607,57.079659,6.20007,583.762347,SweetPotato
39.0,24.0,49.0,23.98806,66.16623,5.182255,864.975527,SweetPotato
57.0,33.0,78.0,23.521348,62.061461,6.03466,891.098619,SweetPotato
39.0,35.0,62.0,21.89939,79.852091,6.341961,730.818752,SweetPotato
70.0,25.0,75.0,21.656753,76.058903,5.464529,500.0,SweetPotato
52.0,23.0,66.0,22.948892,65.871098,6.502126,734.450666,SweetPotato
49.0,30.0,68.0,25.345458,83.514615,6.050847,847.016481,SweetPotato
40.0,25.0,69.0,24.0872,75.890593,5.646196,622.530612,SweetPotato
54.0,31.0,67.0,22.258771,68.051012,5.879923,822.00319,SweetPotato
42.0,29.0,70.0,24.543397,55.003566,6.100998,798.162818,SweetPotato
49.0,20.0,77.0,18.0,83.745655,5.927362,869.51498,SweetPotato
70.0,35.0,65.0,25.297531,61.662565,6.093952,814.349644,SweetPotato
47.0,36.0,70.0,19.520572,60.127608,5.568558,683.231727,SweetPotato
58.0,24.0,62.0,22.275118,76.135423,5.96097,943.58858,SweetPotato
41.0,26.0,78.0,20.76066,84.638514,5.391063,780.976451,SweetPotato
47.0,29.0,55.0,20.410637,78.305637,5.859959,796.723455,SweetPotato
63.0,29.0,82.0,25.321654,73.383455,5.574593,688.007845,SweetPotato
42.0,31.0,62.0,22.064598,73.568526,5.635209,746.80613,SweetPotato
64.0,38.0,47.0,23.693008,75.120493,6.344994,693.823674,SweetPotato
54.0,27.0,64.0,22.906159,74.553572,6.292872,779.246473,SweetPotato
42.0,24.0,55.0,23.954082,71.687149,6.11929,1005.405018,SweetPotato
53.0,21.0,72.0,23.153644,70.625207,5.506767,635.371863,SweetPotato
56.0,24.0,55.0,20.434016,69.624441,5.786093,606.372632,SweetPotato
53.0,27.0,58.0,24.992534,65.476212,6.336715,976.540439,SweetPotato
33.0,36.0,42.0,22.012487,68.31595,5.951018,774.881159,SweetPotato
41.0,25.0,58.0,19.886836,59.842259,6.734959,719.711271,SweetPotato
45.0,29.0,36.0,22.14377,69.409962,6.041594,924.788562,SweetPotato
47.0,27.0,45.0,26.00152,64.068453,5.969138,727.326135,SweetPotato
53.0,33.0,71.0,24.700443,63.378464,5.788718,1019.121166,SweetPotato
49.0,40.0,71.0,22.302696,71.079365,5.948075,881.351105,SweetPotato
35.0,25.0,67.0,22.301485,78.352014,5.845111,741.450631,SweetPotato
51.0,25.0,52.0,22.35673,75.5099,6.154919,1058.876986,SweetPotato
53.0,33.0,62.0,27.153496,60.576996,6.244413,727.314209,SweetPotato
53.0,31.0,62.0,23.763871,64.062231,5.617044,889.051445,SweetPotato
57.0,37.0,50.0,23.860083,75.644627,5.420756,835.91511,SweetPotato
55.0,30.0,79.0,25.060567,64.105076,5.238966,956.208955,SweetPotato
52.0,26.0,72.0,23.477578,68.652201,6.082877,987.381344,SweetPotato
47.0,30.0,60.0,22.481916,73.300313,5.502788,803.840498,SweetPotato
33.0,33.0,63.0,22.6073,64.189933,5.124959,709.589856,SweetPotato
51.0,32.0,65.0,22.856797,70.632253,6.039888,855.196657,SweetPotato
49.0,30.0,40.0,22.925556,61.995847,6.79748,718.674156,SweetPotato
50.0,33.0,60.0,24.455259,66.391794,5.897814,1041.60647,SweetPotato
36.0,33.0,55.0,23.103892,71.918692,6.201857,816.38424,SweetPotato
38.0,34.0,51.0,24.46528,60.442038,5.929459,756.161414,SweetPotato
57.0,31.0,59.0,22.838567,72.642848,5.8644,822.161637,SweetPotato
47.0,27.0,82.0,23.15727,69.882173,6.230868,638.344845,SweetPotato
54.0,28.0,70.0,19.003599,73.31494,5.795501,683.406315,SweetPotato
48.0,34.0,56.0,24.832655,71.343485,5.996261,944.049669,SweetPotato
48.0,23.0,69.0,23.692977,78.184843,6.015811,721.172687,SweetPotato
32.0,25.0,35.0,30.70126,56.407144,7.098477,445.985738,Sorghum
44.0,20.0,47.0,30.978374,44.636035,6.58309,488.438506,Sorghum
49.0,19.0,32.0,31.269443,40.749559,7.336562,436.606406,Sorghum
46.0,22.0,31.0,32.2194,35.917714,6.934821,475.363078,Sorghum
48.0,21.0,33.0,30.819637,34.181162,6.696349,348.510827,Sorghum
34.0,20.0,29.0,29.517485,35.495184,6.973858,517.063497,Sorghum
29.0,25.0,37.0,31.345147,46.60276,5.964562,500.096438,Sorghum
52.0,26.0,49.0,33.799764,48.05235,6.186616,434.63291,Sorghum
37.0,22.0,39.0,29.734733,35.512856,6.153037,552.739653,Sorghum
38.0,28.0,35.0,28.050941,50.37023,6.821472,575.005611,Sorghum
51.0,17.0,34.0,32.214161,42.101634,7.616257,371.395211,Sorghum
44.0,21.0,25.0,29.759238,45.880758,7.86565,438.982018,Sorghum
44.0,19.0,43.0,25.654661,54.673324,7.069026,438.468612,Sorghum
57.0,15.0,36.0,31.694843,50.381036,7.000422,424.807752,Sorghum
35.0,22.0,35.0,28.929344,43.388816,5.849471,566.357987,Sorghum
47.0,22.0,55.0,29.818933,39.652847,6.478663,484.493909,Sorghum
40.0,28.0,39.0,30.663961,32.089108,6.356108,478.838813,Sorghum
42.0,25.0,31.0,30.380999,40.68508,6.439576,339.691011,Sorghum
52.0,18.0,33.0,31.418904,43.733219,6.665928,550.833442,Sorghum
44.0,29.0,45.0,29.129027,39.076923,6.513955,400.859328,Sorghum
44.0,27.0,37.0,31.026212,44.212458,5.76035,504.79461,Sorghum
49.0,24.0,26.0,29.480907,45.461111,7.123955,522.190155,Sorghum
37.0,21.0,43.0,31.477621,43.650864,6.213628,608.852688,Sorghum
33.0,18.0,32.0,31.230735,41.099985,6.869623,395.294368,Sorghum
32.0,21.0,50.0,28.129123,46.011928,7.787041,300.0,Sorghum
24.0,26.0,44.0,32.171964,47.651644,6.290308,514.707964,Sorghum
56.0,30.0,33.0,28.928073,38.457606,5.5,644.040895,Sorghum
31.0,28.0,46.0,31.616116,53.465594,6.606998,599.115708,Sorghum
38.0,20.0,37.0,30.734575,44.408471,7.30048,516.772753,Sorghum
38.0,18.0,43.0,33.676367,45.113098,7.729174,460.669105,Sorghum
42.0,23.0,40.0,29.553068,49.249287,6.135225,564.569808,Sorghum
47.0,15.0,30.0,29.301366,46.399297,6.99835,422.116304,Sorghum
47.0,23.0,32.0,29.961161,50.71882,6.517345,538.108622,Sorghum
35.0,21.0,44.0,29.39364,46.722745,6.697026,540.437613,Sorghum
39.0,20.0,34.0,31.599884,41.325376,8.0,584.816793,Sorghum
42.0,16.0,34.0,26.767379,47.169021,5.998515,700.0,Sorghum
38.0,24.0,29.0,27.892635,38.137643,6.87687,531.393277,Sorghum
53.0,20.0,40.0,27.864394,45.651358,6.983847,459.28291,Sorghum
44.0,17.0,52.0,31.900615,44.80062,7.292893,497.954055,Sorghum
46.0,12.0,29.0,33.421227,43.751299,6.798992,358.473928,Sorghum
45.0,22.0,37.0,29.791102,44.228775,6.904025,444.42295,Sorghum
49.0,29.0,47.0,29.662357,33.708906,6.554176,467.257405,Sorghum
41.0,29.0,36.0,30.140104,41.707651,6.884563,458.072928,Sorghum
30.0,20.0,40.0,32.323757,45.557069,6.578404,512.18839,Sorghum
43.0,20.0,29.0,28.145294,45.959138,7.060786,434.206405,Sorghum
35.0,24.0,40.0,30.476738,38.833949,6.565195,589.682453,Sorghum
36.0,18.0,35.0,31.950395,52.594247,6.93855,500.016565,Sorghum
45.0,23.0,44.0,31.002188,39.802951,6.735369,499.255974,Sorghum
50.0,25.0,45.0,30.379163,50.816743,7.313025,473.768423,Sorghum
40.0,27.0,55.0,32.002092,47.563166,6.724303,512.415255,Sorghum
42.0,22.0,41.0,25.0,41.122636,5.863484,566.007861,Sorghum
54.0,21.0,39.0,31.355751,55.651865,7.380961,430.629583,Sorghum
42.0,18.0,38.0,28.691849,37.838179,6.297134,447.350681,Sorghum
60.0,19.0,34.0,26.338734,50.514925,6.423117,475.701918,Sorghum
45.0,21.0,39.0,31.022405,51.003494,6.452169,392.330326,Sorghum
26.0,23.0,34.0,32.747317,40.976279,7.437219,434.459371,Sorghum
46.0,26.0,38.0,29.725103,53.354792,5.682163,461.90233,Sorghum
43.0,19.0,46.0,31.905749,43.499721,8.0,569.951134,Sorghum
50.0,28.0,29.0,33.224557,46.732162,7.278028,521.004906,Sorghum
45.0,21.0,45.0,32.629829,46.561931,6.861619,515.487193,Sorghum
39.0,22.0,46.0,33.279929,44.194148,6.722553,568.071837,Sorghum
30.0,19.0,36.0,31.484255,49.86485,6.892777,489.010257,Sorghum
38.0,12.0,21.0,30.150867,49.760932,7.010561,531.237188,Sorghum
33.0,26.0,32.0,26.796068,34.508808,7.072608,491.74226,Sorghum
35.0,25.0,46.0,29.507875,52.826041,7.027802,521.228988,Sorghum
45.0,21.0,36.0,28.313507,35.025048,6.79479,453.379307,Sorghum
53.0,22.0,29.0,34.341885,51.195277,6.651331,304.894627,Sorghum
43.0,24.0,33.0,29.648228,51.760231,6.674363,489.257667,Sorghum
30.0,16.0,43.0,30.24641,38.454201,6.652546,613.819851,Sorghum
44.0,20.0,41.0,31.102971,42.535114,7.316885,574.097232,Sorghum
50.0,25.0,35.0,30.087205,38.365772,7.046778,577.231799,Sorghum
35.0,17.0,34.0,33.390102,43.710474,5.5,598.890458,Sorghum
39.0,23.0,34.0,28.754701,43.151794,7.07795,507.092607,Sorghum
40.0,17.0,30.0,30.389215,49.677963,6.847368,515.785257,Sorghum
34.0,24.0,48.0,28.515059,52.861852,6.740646,450.587848,Sorghum
45.0,22.0,34.0,27.359955,53.374103,6.555741,474.714172,Sorghum
39.0,16.0,46.0,28.776462,41.626992,7.312056,549.261692,Sorghum
43.0,27.0,48.0,29.925926,43.744669,7.223763,596.310755,Sorghum
33.0,19.0,44.0,29.141396,34.899371,6.363561,488.844298,Sorghum
37.0,19.0,33.0,28.615158,40.16478,6.953526,463.984859,Sorghum
46.0,23.0,39.0,27.187365,50.78911,6.264172,500.042237,Sorghum
37.0,27.0,36.0,29.833789,54.693497,6.060191,548.09654,Sorghum
54.0,18.0,30.0,26.990559,37.593907,6.436641,384.491615,Sorghum
37.0,22.0,39.0,31.520112,41.445214,7.181197,316.305524,Sorghum
42.0,24.0,28.0,30.16488,44.841565,7.226563,455.957052,Sorghum
47.0,25.0,45.0,27.084897,46.680967,7.006543,402.343006,Sorghum
29.0,23.0,33.0,29.381582,40.142379,7.112548,459.348784,Sorghum
26.0,21.0,38.0,28.495687,47.544366,7.008089,488.177574,Sorghum
28.0,19.0,39.0,30.638349,42.156964,6.429259,463.740127,Sorghum
50.0,22.0,35.0,32.680901,44.913286,6.965961,616.197403,Sorghum
36.0,18.0,41.0,26.249655,48.277705,7.150205,526.139581,Sorghum
60.0,12.0,33.0,30.230052,45.038534,7.127146,524.037949,Sorghum
35.0,24.0,43.0,29.679734,42.381685,7.344457,549.776572,Sorghum
41.0,26.0,27.0,31.34268,44.342341,7.104152,408.893351,Sorghum
52.0,13.0,37.0,30.426393,44.469822,6.925724,583.128943,Sorghum
56.0,18.0,51.0,28.496061,42.779934,7.285075,493.938857,Sorghum
56.0,24.0,29.0,29.361892,43.447224,6.736739,553.638449,Sorghum
50.0,30.0,31.0,28.407948,54.591883,6.309063,414.251421,Sorghum
48.0,22.0,40.0,32.152014,48.365517,6.668467,375.699299,Sorghum
45.0,19.0,38.0,30.042623,43.227118,6.377549,565.431173,Sorghum
27.0,22.0,31.0,28.26783,43.423678,5.311724,402.076596,Millet
20.0,15.0,19.0,30.42437,45.809108,6.559856,451.36863,Millet
20.0,18.0,23.0,28.687968,38.01215,5.932319,515.858931,Millet
32.0,11.0,27.0,29.348028,36.32658,5.655167,446.659668,Millet
18.0,12.0,37.0,34.016285,33.489097,5.937827,392.451602,Millet
35.0,17.0,40.0,33.217107,35.047537,6.157737,448.156193,Millet
20.0,21.0,29.0,26.881005,55.0,5.947628,385.142148,Millet
29.0,17.0,24.0,31.991358,47.468077,5.147217,376.673213,Millet
23.0,14.0,28.0,31.947352,31.893554,6.698533,350.401004,Millet
29.0,15.0,30.0,27.244168,32.065252,6.887438,484.438935,Millet
22.0,11.0,23.0,31.965066,42.891196,6.575761,317.709993,Millet
24.0,18.0,36.0,33.691037,43.283589,5.681157,482.265741,Millet
25.0,19.0,26.0,27.305892,43.293303,6.149254,409.990489,Millet
19.0,14.0,28.0,27.797993,38.470265,6.246739,277.048568,Millet
29.0,14.0,29.0,32.442388,39.247274,6.549397,400.735451,Millet
22.0,17.0,28.0,30.651589,41.967277,6.58417,227.998144,Millet
24.0,14.0,30.0,31.323543,40.515358,5.882913,418.785561,Millet
19.0,15.0,21.0,30.817414,26.684198,6.290998,436.966204,Millet
10.0,23.0,22.0,30.93767,38.621202,6.47864,333.535083,Millet
24.0,15.0,18.0,26.816467,34.891561,6.977911,383.648339,Millet
39.0,14.0,28.0,32.513562,41.051269,6.602253,511.79102,Millet
30.0,13.0,30.0,32.807016,55.0,6.644528,339.597731,Millet
25.0,18.0,28.0,29.449462,42.20489,6.291913,300.876469,Millet
23.0,15.0,35.0,29.895655,38.118822,6.95523,478.716438,Millet
25.0,13.0,25.0,26.325342,45.530809,6.454881,512.381103,Millet
28.0,21.0,29.0,31.234211,42.896127,5.819456,375.258697,Millet
18.0,21.0,18.0,31.372938,42.520567,6.951685,445.802412,Millet
32.0,13.0,23.0,29.850742,43.641104,6.598952,468.903314,Millet
29.0,8.0,29.0,32.698448,52.339261,6.028478,323.026104,Millet
29.0,19.0,30.0,29.198215,33.214669,6.010254,341.028592,Millet
28.0,13.0,23.0,31.355054,42.841792,6.398288,461.161216,Millet
25.0,19.0,25.0,27.552806,34.441713,6.481592,492.951,Millet
29.0,8.0,16.0,29.943475,43.333076,6.348646,414.40166,Millet
29.0,19.0,23.0,29.58155,34.487881,6.405654,313.412995,Millet
23.0,11.0,30.0,30.540739,37.495799,7.099979,514.094278,Millet
22.0,18.0,28.0,29.113135,38.229461,6.785772,337.832037,Millet
26.0,16.0,28.0,29.684466,45.8549,6.345318,351.540355,Millet
34.0,12.0,25.0,31.982513,45.510727,6.720655,398.963648,Millet
18.0,14.0,25.0,28.951766,32.525696,5.733738,483.791229,Millet
16.0,18.0,21.0,26.144215,40.329605,6.448964,434.778318,Millet
26.0,16.0,29.0,34.199001,35.742521,7.154653,404.040585,Millet
25.0,18.0,28.0,33.31549,32.448971,6.140977,407.430197,Millet
26.0,23.0,28.0,26.89857,38.697898,5.826183,378.046027,Millet
26.0,10.0,22.0,31.655299,38.149103,5.923956,414.069766,Millet
24.0,22.0,12.0,28.792861,54.560299,5.705183,200.0,Millet
34.0,16.0,32.0,30.632369,42.597759,5.857619,354.237478,Millet
15.0,12.0,22.0,30.706138,31.734295,6.064746,391.892535,Millet
20.0,10.0,20.0,29.437421,36.611356,5.547216,294.429014,Millet
24.0,15.0,29.0,28.118962,46.1283,6.257809,402.042632,Millet
15.0,19.0,23.0,28.342701,52.530657,6.701139,360.687015,Millet
24.0,15.0,31.0,27.801139,30.4841,5.796122,497.883299,Millet
35.0,21.0,29.0,28.003627,28.720454,7.009642,485.111381,Millet
25.0,10.0,29.0,29.838772,51.225791,6.505396,342.39361,Millet
26.0,15.0,17.0,28.282176,42.337685,6.76529,364.44136,Millet
17.0,11.0,32.0,31.636925,34.790244,5.921083,369.82367,Millet
21.0,17.0,27.0,33.569391,43.207775,6.677263,343.383837,Millet
23.0,19.0,23.0,28.607872,25.0,5.704033,388.651749,Millet
23.0,14.0,26.0,30.574571,40.020253,6.695124,321.920255,Millet
33.0,6.0,14.0,31.199244,41.966927,6.33592,295.856927,Millet
28.0,16.0,27.0,31.132805,45.545621,6.526626,418.589786,Millet
18.0,17.0,19.0,30.182293,33.916624,5.662203,419.067071,Millet
26.0,17.0,17.0,31.782438,40.514123,5.802465,318.697897,Millet
28.0,20.0,16.0,31.157397,34.447452,6.548614,437.67488,Millet
32.0,11.0,32.0,27.02961,41.532303,5.775826,330.789559,Millet
34.0,18.0,21.0,32.085975,34.627922,6.481603,392.721567,Millet
19.0,20.0,34.0,32.129498,37.551395,5.566431,432.424081,Millet
20.0,9.0,22.0,28.168113,34.025108,6.674087,372.64712,Millet
17.0,17.0,15.0,30.091051,43.906817,5.633738,406.831864,Millet
24.0,14.0,18.0,31.63999,45.150707,6.52615,338.849925,Millet
28.0,15.0,32.0,29.497647,38.592277,6.562815,361.247339,Millet
31.0,17.0,24.0,32.575147,40.229428,5.901614,360.58984,Millet
25.0,14.0,22.0,35.673294,31.308452,6.541013,322.739516,Millet
23.0,13.0,26.0,28.113634,38.20194,6.380221,362.625809,Millet
26.0,16.0,28.0,26.685493,39.698772,5.980579,266.596719,Millet
20.0,11.0,32.0,30.729165,55.0,5.745723,340.619238,Millet
38.0,11.0,34.0,31.73175,33.328198,5.268687,355.058715,Millet
15.0,18.0,23.0,29.445921,48.785063,6.424825,357.067417,Millet
26.0,11.0,17.0,33.487826,45.981153,5.467599,358.095179,Millet
37.0,18.0,23.0,26.787346,41.683818,6.297672,370.676506,Millet
25.0,17.0,27.0,31.663005,50.551723,6.118276,408.560906,Millet
24.0,9.0,19.0,28.545934,42.232633,6.589571,436.216195,Millet
23.0,13.0,19.0,34.126507,42.334955,6.098977,329.516434,Millet
24.0,20.0,27.0,34.782037,39.681276,6.085276,290.77594,Millet
33.0,12.0,25.0,28.160024,47.341413,6.615935,302.056891,Millet
12.0,14.0,25.0,28.681063,46.578815,6.417529,340.895796,Millet
34.0,17.0,20.0,32.063011,36.245936,6.408078,350.365508,Millet
16.0,18.0,24.0,29.070886,32.084517,6.484634,321.100275,Millet
23.0,15.0,19.0,29.891013,38.782116,5.482214,284.271834,Millet
22.0,13.0,30.0,30.060932,35.199769,6.628394,343.071542,Millet
29.0,21.0,31.0,25.392784,39.618853,6.556234,387.699863,Millet
15.0,22.0,14.0,29.966789,47.424629,5.741658,416.652063,Millet
28.0,19.0,19.0,28.344653,37.25619,6.12796,335.980386,Millet
37.0,16.0,16.0,28.816505,39.74306,6.230346,346.090152,Millet
17.0,12.0,21.0,33.464717,40.348136,6.182752,310.131118,Millet
26.0,12.0,24.0,26.984383,45.090585,6.41693,372.799258,Millet
21.0,17.0,16.0,31.951692,26.518664,6.965683,315.609996,Millet
28.0,17.0,19.0,29.330489,36.359798,6.790883,415.118947,Millet
25.0,21.0,19.0,29.328576,41.267702,5.59389,249.989346,Millet
21.0,18.0,26.0,31.896893,47.200474,6.561035,349.825923,Millet
28.0,10.0,25.0,30.816123,37.048585,6.914467,396.077514,Millet
31.0,34.0,24.0,26.868972,68.425878,6.594795,899.142945,Groundnut
45.0,31.0,31.0,29.368889,69.627224,6.237381,906.976036,Groundnut
32.0,30.0,35.0,30.639169,68.611449,6.560655,869.548173,Groundnut
24.0,36.0,51.0,29.712977,73.894329,6.212789,840.11548,Groundnut
29.0,24.0,41.0,26.832636,62.738418,6.80823,893.597539,Groundnut
19.0,39.0,28.0,28.578268,64.115024,6.797184,600.0,Groundnut
30.0,31.0,41.0,25.930974,63.636703,6.648962,918.206949,Groundnut
25.0,27.0,27.0,28.915824,71.650959,6.601265,862.61779,Groundnut
35.0,31.0,45.0,28.720965,72.001993,6.993133,827.75251,Groundnut
27.0,42.0,34.0,25.008294,69.756127,6.499912,1054.68622,Groundnut
29.0,31.0,37.0,26.141146,73.417468,6.169075,782.506598,Groundnut
26.0,36.0,47.0,27.546978,61.609796,6.625853,809.692401,Groundnut
40.0,29.0,28.0,27.518624,75.836121,7.084093,1049.15533,Groundnut
28.0,39.0,28.0,26.064837,75.116193,6.215867,766.79387,Groundnut
41.0,38.0,33.0,28.622366,71.17811,6.39879,794.988472,Groundnut
35.0,46.0,45.0,28.402358,76.408995,6.616605,835.297458,Groundnut
33.0,33.0,27.0,27.689169,59.216884,6.484907,934.073448,Groundnut
32.0,38.0,20.0,26.790734,64.877759,6.224955,870.780251,Groundnut
32.0,35.0,34.0,29.677931,63.823483,6.81412,720.737465,Groundnut
18.0,42.0,41.0,30.648651,71.107397,7.149611,796.783144,Groundnut
28.0,29.0,46.0,27.226302,62.249296,6.554917,789.264557,Groundnut
35.0,39.0,34.0,27.020533,71.287476,6.246861,842.277895,Groundnut
30.0,33.0,35.0,28.785932,74.352681,6.066291,892.584366,Groundnut
22.0,34.0,46.0,27.427153,70.976015,6.572233,891.820576,Groundnut
30.0,35.0,24.0,27.776964,68.918755,6.809086,672.398825,Groundnut
40.0,36.0,35.0,29.183445,62.560633,6.633047,956.394099,Groundnut
37.0,33.0,39.0,24.94503,63.265745,6.499327,875.256885,Groundnut
30.0,35.0,41.0,30.109284,73.748095,6.335004,988.453205,Groundnut
36.0,44.0,34.0,28.116289,71.396745,6.194194,894.419833,Groundnut
28.0,40.0,38.0,27.341611,67.304902,6.73373,960.132296,Groundnut
20.0,40.0,20.0,27.857225,65.410452,6.755856,896.654531,Groundnut
24.0,31.0,33.0,27.939887,57.370961,6.067196,984.622576,Groundnut
39.0,28.0,41.0,25.230078,62.145738,6.945155,902.225064,Groundnut
28.0,40.0,31.0,30.391901,77.057095,6.66074,840.208475,Groundnut
29.0,40.0,38.0,28.066121,61.097722,6.891887,1077.243472,Groundnut
28.0,43.0,41.0,28.708803,68.447399,6.124204,938.903712,Groundnut
41.0,30.0,35.0,29.52248,72.53722,6.117569,907.374442,Groundnut
40.0,33.0,39.0,26.36614,61.225387,6.458289,722.369558,Groundnut
43.0,24.0,31.0,28.757555,68.423552,6.64078,721.169238,Groundnut
29.0,31.0,36.0,27.571774,72.189578,7.002981,879.271548,Groundnut
32.0,40.0,42.0,29.354833,67.562497,6.697702,864.55212,Groundnut
21.0,31.0,39.0,24.596436,80.0,6.432049,788.587743,Groundnut
39.0,38.0,33.0,27.841449,59.157004,6.212617,864.09827,Groundnut
23.0,33.0,39.0,27.035487,72.793643,6.8444,1008.862693,Groundnut
31.0,36.0,43.0,28.691621,66.635991,6.229882,919.540247,Groundnut
23.0,27.0,23.0,28.752071,71.359601,6.955971,735.899149,Groundnut
26.0,35.0,46.0,26.867799,69.706536,6.420372,838.849117,Groundnut
25.0,18.0,35.0,26.860522,63.834219,6.945363,769.503352,Groundnut
26.0,33.0,40.0,27.822935,68.644982,6.690101,811.230008,Groundnut
27.0,24.0,46.0,26.565372,58.210493,6.461641,808.638433,Groundnut
27.0,42.0,28.0,29.347174,70.516238,6.354569,802.235442,Groundnut
35.0,39.0,33.0,27.409268,68.990792,6.404546,724.486463,Groundnut
23.0,37.0,35.0,24.0,70.693301,6.619929,837.234532,Groundnut
31.0,44.0,32.0,27.400285,72.790592,6.521604,793.939236,Groundnut
37.0,28.0,50.0,26.33833,69.338099,6.333733,600.0,Groundnut
27.0,45.0,32.0,25.389959,68.240447,6.453623,1055.297202,Groundnut
26.0,40.0,34.0,26.020117,63.094658,6.522002,958.876965,Groundnut
29.0,32.0,39.0,28.175054,63.938896,5.903954,812.369928,Groundnut
37.0,41.0,29.0,30.125825,73.433673,6.628287,851.881905,Groundnut
31.0,27.0,35.0,28.501095,74.681677,6.225678,732.834565,Groundnut
27.0,29.0,40.0,27.029595,66.309448,6.177067,1019.572288,Groundnut
33.0,30.0,35.0,28.729447,67.730014,6.027544,1039.728869,Groundnut
23.0,31.0,37.0,27.265456,62.976928,5.99771,865.669373,Groundnut
34.0,27.0,34.0,26.888639,73.363784,6.120475,952.353064,Groundnut
32.0,42.0,27.0,26.15302,70.827084,6.301474,867.528678,Groundnut
28.0,32.0,40.0,25.197074,77.206087,7.046913,716.327456,Groundnut
25.0,36.0,50.0,27.376122,63.108385,6.352754,808.817663,Groundnut
25.0,30.0,38.0,28.252886,65.609961,6.54977,863.192797,Groundnut
33.0,22.0,39.0,27.845402,68.65723,6.612135,804.545228,Groundnut
37.0,36.0,42.0,27.334453,70.732448,6.536698,828.134672,Groundnut
26.0,22.0,29.0,26.486806,66.421662,6.478316,840.860044,Groundnut
33.0,34.0,49.0,28.973194,63.135195,6.165318,841.91215,Groundnut
17.0,25.0,39.0,25.892589,71.907038,6.90626,855.225849,Groundnut
26.0,47.0,49.0,29.241645,71.105677,7.006015,743.939493,Groundnut
30.0,40.0,32.0,26.396453,62.918629,6.028856,778.298385,Groundnut
25.0,35.0,50.0,26.796104,74.277214,6.213272,721.541573,Groundnut
24.0,42.0,43.0,25.653144,73.350994,6.421653,947.781555,Groundnut
26.0,29.0,41.0,27.197757,68.171482,6.229929,639.435306,Groundnut
32.0,37.0,39.0,29.5605,67.897989,6.64167,965.359034,Groundnut
29.0,35.0,36.0,28.825005,70.270289,6.296084,988.63494,Groundnut
17.0,36.0,46.0,29.565475,63.191485,7.106216,819.781941,Groundnut
17.0,42.0,38.0,28.835428,67.650157,6.833354,600.0,Groundnut
26.0,39.0,24.0,26.234128,56.738082,6.559521,813.868944,Groundnut
33.0,36.0,30.0,27.470737,71.882278,6.787556,843.581584,Groundnut
15.0,23.0,36.0,26.751681,59.692534,6.809652,748.940178,Groundnut
27.0,28.0,40.0,30.12892,75.017099,6.342095,798.478161,Groundnut
27.0,33.0,37.0,26.085138,65.8494,6.271459,1003.01952,Groundnut
38.0,35.0,46.0,29.429916,66.441665,6.52188,916.492716,Groundnut
28.0,27.0,24.0,29.428726,64.36133,6.741258,757.543589,Groundnut
32.0,49.0,39.0,30.927392,66.059806,6.538937,690.240083,Groundnut
31.0,44.0,25.0,27.344501,74.592657,6.058441,817.298268,Groundnut
17.0,38.0,43.0,29.139715,55.060957,6.275209,828.654322,Groundnut
35.0,34.0,37.0,31.650643,73.884827,6.479288,899.619919,Groundnut
31.0,33.0,40.0,27.011773,69.190117,6.478814,796.468329,Groundnut
33.0,28.0,31.0,25.543936,61.464892,7.052312,901.149958,Groundnut
45.0,34.0,46.0,24.991984,62.123438,6.111923,1043.515404,Groundnut
17.0,36.0,45.0,29.140339,75.881965,6.641565,931.550102,Groundnut
40.0,26.0,42.0,24.98696,62.772466,6.916952,845.191149,Groundnut
28.0,36.0,37.0,27.40429,61.733247,7.136006,831.684953,Groundnut
32.0,33.0,42.0,28.699701,73.186573,6.386769,814.332687,Groundnut
47.0,30.0,46.0,17.000623,70.885735,6.127301,599.977814,GardenBean
36.0,31.0,49.0,16.619512,73.271662,6.293759,672.116296,GardenBean
40.0,47.0,35.0,17.308891,83.346789,6.303603,885.107289,GardenBean
40.0,35.0,35.0,19.787033,68.721675,6.394526,838.619119,GardenBean
37.0,40.0,39.0,17.892982,83.042761,6.026628,743.736042,GardenBean
32.0,30.0,42.0,20.424506,72.196642,6.418513,774.312346,GardenBean
42.0,30.0,37.0,19.562485,81.42242,5.8,720.575749,GardenBean
40.0,41.0,48.0,15.956692,66.121836,6.174023,885.658339,GardenBean
43.0,27.0,43.0,20.678956,77.281064,6.202345,729.964742,GardenBean
37.0,33.0,40.0,20.959438,69.874087,6.426665,773.184209,GardenBean
47.0,35.0,31.0,17.711047,66.074504,6.304526,864.603014,GardenBean
35.0,36.0,32.0,20.256345,75.223791,6.018887,672.262852,GardenBean
50.0,34.0,42.0,17.958303,79.653042,6.103001,905.878918,GardenBean
30.0,37.0,27.0,19.675807,69.268328,6.339736,596.953859,GardenBean
43.0,39.0,46.0,17.223903,65.605511,6.284187,912.964213,GardenBean
43.0,39.0,39.0,16.272408,73.485669,6.184175,712.732442,GardenBean
35.0,29.0,55.0,18.810929,73.510362,6.203833,725.730125,GardenBean
43.0,33.0,54.0,19.277288,77.07059,6.439234,560.998983,GardenBean
48.0,42.0,39.0,18.784177,79.31773,6.196461,704.520528,GardenBean
27.0,40.0,39.0,17.368745,73.667275,6.282382,646.019347,GardenBean
43.0,27.0,46.0,18.780182,84.390819,6.733987,689.235365,GardenBean
25.0,37.0,50.0,19.984731,75.255715,6.015263,736.268903,GardenBean
34.0,23.0,30.0,19.419193,72.060012,5.929631,845.779161,GardenBean
50.0,35.0,29.0,19.828502,64.975223,6.456718,770.760335,GardenBean
37.0,46.0,36.0,18.293793,72.529107,6.164271,780.767665,GardenBean
33.0,29.0,43.0,21.609092,72.116233,6.236352,640.448061,GardenBean
39.0,30.0,43.0,17.382888,79.377707,6.143769,661.924591,GardenBean
52.0,40.0,46.0,20.377609,76.589908,6.24804,929.872502,GardenBean
29.0,26.0,33.0,21.627404,67.395533,6.619708,676.479897,GardenBean
34.0,31.0,26.0,20.365635,74.964625,6.460426,915.620825,GardenBean
49.0,39.0,45.0,19.135456,77.760575,6.472445,725.69388,GardenBean
51.0,31.0,35.0,18.549065,82.556976,6.016755,750.228794,GardenBean
39.0,34.0,28.0,21.364958,78.970022,6.069769,857.036516,GardenBean
33.0,39.0,41.0,16.938645,78.260741,5.8,877.189242,GardenBean
53.0,38.0,45.0,17.753776,74.336482,6.138124,738.918744,GardenBean
50.0,37.0,39.0,18.784396,76.174547,6.491341,711.175695,GardenBean
44.0,33.0,37.0,21.727777,80.997227,6.403389,744.407955,GardenBean
35.0,37.0,39.0,20.183582,66.536447,6.255697,783.795753,GardenBean
40.0,34.0,38.0,17.757518,72.04314,6.29554,839.130369,GardenBean
39.0,38.0,32.0,18.941446,69.673615,6.162223,750.422986,GardenBean
42.0,32.0,36.0,18.394218,76.123257,6.340952,811.88863,GardenBean
49.0,34.0,43.0,18.22238,80.889244,6.453176,913.835973,GardenBean
45.0,29.0,42.0,21.262001,70.656944,5.976823,788.130961,GardenBean
34.0,35.0,41.0,17.030862,60.614296,6.35993,781.165286,GardenBean
48.0,30.0,34.0,22.395806,71.691564,6.486487,598.108917,GardenBean
42.0,28.0,39.0,20.990813,79.115453,6.21698,500.0,GardenBean
44.0,37.0,27.0,21.463551,77.010727,6.44014,788.837573,GardenBean
49.0,36.0,41.0,18.666709,76.397843,6.8,740.517577,GardenBean
33.0,40.0,49.0,19.230107,72.432038,6.279131,698.521733,GardenBean
40.0,32.0,31.0,16.920327,66.837428,6.378661,774.35302,GardenBean
37.0,37.0,36.0,18.555608,76.885648,6.152389,743.959627,GardenBean
31.0,38.0,42.0,20.388579,69.328022,6.33625,862.778025,GardenBean
42.0,38.0,48.0,21.832914,86.230942,6.392054,758.611087,GardenBean
55.0,30.0,37.0,17.507118,77.19484,6.338968,675.307671,GardenBean
29.0,36.0,36.0,18.842089,70.74837,6.096061,849.016624,GardenBean
40.0,37.0,28.0,19.227661,70.576243,6.341272,728.286893,GardenBean
44.0,35.0,41.0,16.987579,73.479512,6.592439,802.653668,GardenBean
41.0,22.0,52.0,20.564429,72.658789,6.389727,702.258929,GardenBean
39.0,36.0,42.0,18.196817,80.254269,6.492397,685.017311,GardenBean
32.0,48.0,40.0,19.148297,75.043931,6.252598,758.416823,GardenBean
41.0,33.0,42.0,18.686491,69.902862,6.44998,751.282864,GardenBean
35.0,31.0,40.0,18.079191,84.586468,6.355854,797.982704,GardenBean
27.0,37.0,35.0,19.487319,74.276127,6.109818,723.135425,GardenBean
47.0,37.0,45.0,19.111903,78.305502,6.363704,566.364022,GardenBean
46.0,42.0,41.0,18.830656,70.593932,6.101661,706.722612,GardenBean
40.0,27.0,40.0,18.188769,76.033448,6.173424,829.381847,GardenBean
41.0,39.0,34.0,20.075144,75.742216,6.337866,720.262392,GardenBean
46.0,39.0,48.0,22.476511,63.417964,6.359449,725.36166,GardenBean
41.0,34.0,44.0,19.751797,85.285541,6.062154,848.637651,GardenBean
45.0,37.0,37.0,21.293013,81.227609,6.510797,678.802677,GardenBean
38.0,41.0,46.0,16.997601,71.775706,6.414401,595.719678,GardenBean
48.0,40.0,37.0,19.783971,67.827289,6.159054,733.936888,GardenBean
42.0,28.0,35.0,17.524737,75.946345,5.992483,701.582605,GardenBean
41.0,40.0,35.0,16.841535,74.485507,6.271019,653.375368,GardenBean
32.0,35.0,29.0,18.169131,75.991746,6.210811,732.462154,GardenBean
42.0,35.0,43.0,21.645419,75.072833,6.322628,799.150565,GardenBean
35.0,35.0,29.0,21.210028,76.83495,6.227377,749.071144,GardenBean
36.0,34.0,33.0,19.937408,82.104912,5.898509,780.698107,GardenBean
35.0,42.0,28.0,16.741139,77.181378,6.222331,931.34077,GardenBean
34.0,34.0,39.0,19.146695,68.121929,6.238876,715.712114,GardenBean
53.0,28.0,39.0,20.04306,81.630352,6.426732,777.834863,GardenBean
48.0,33.0,38.0,19.815965,83.187442,6.16036,699.078664,GardenBean
52.0,36.0,34.0,16.181172,88.0,6.635735,665.364028,GardenBean
33.0,42.0,33.0,17.897428,67.708433,5.917672,691.509235,GardenBean
40.0,39.0,43.0,19.38466,75.360139,6.562233,702.124143,GardenBean
32.0,30.0,37.0,20.465324,62.340247,6.255136,785.94758,GardenBean
36.0,50.0,42.0,15.54697,77.097635,6.471917,984.907579,GardenBean
34.0,37.0,35.0,19.208177,70.930078,6.31596,678.395656,GardenBean
47.0,43.0,41.0,19.757488,84.771296,6.527911,708.337469,GardenBean
38.0,34.0,48.0,21.029302,69.662156,6.222528,743.687699,GardenBean
46.0,38.0,44.0,20.747144,64.540575,6.080276,789.579885,GardenBean
44.0,40.0,38.0,20.548628,71.360923,6.584101,776.355081,GardenBean
54.0,42.0,42.0,18.060107,62.937268,6.277304,878.409579,GardenBean
31.0,41.0,39.0,16.065596,78.206157,6.344312,507.360793,GardenBean
48.0,40.0,40.0,18.792505,62.435535,6.54695,511.307013,GardenBean
47.0,33.0,38.0,21.302937,74.159362,6.093609,700.412183,GardenBean
34.0,32.0,39.0,22.008218,62.364254,6.419098,859.730019,GardenBean
46.0,37.0,41.0,20.778988,72.206332,6.182021,593.435197,GardenBean
42.0,41.0,34.0,20.272813,83.202918,6.273566,500.0,GardenBean
39.0,34.0,34.0,20.183351,76.019628,6.314456,807.117941,GardenBean
49.0,35.0,38.0,24.465954,71.420197,6.301427,960.842433,Soyabean
40.0,28.0,41.0,23.835986,77.187387,6.210959,893.112556,Soyabean
41.0,31.0,30.0,23.466259,80.675332,6.633254,732.546179,Soyabean
41.0,42.0,37.0,26.660798,79.058467,6.615596,815.050687,Soyabean
48.0,28.0,34.0,25.657492,67.039292,6.615473,868.47039,Soyabean
43.0,26.0,40.0,26.607049,71.23162,6.474268,708.492724,Soyabean
51.0,33.0,34.0,27.104756,70.774176,6.781387,811.316561,Soyabean
30.0,43.0,33.0,26.424987,74.946273,6.403176,978.279641,Soyabean
42.0,36.0,38.0,27.052421,75.931768,6.691054,1071.276644,Soyabean
40.0,34.0,40.0,25.888748,68.305537,6.492251,849.66783,Soyabean
46.0,38.0,31.0,24.100811,72.839193,6.37833,990.778603,Soyabean
44.0,25.0,35.0,27.692503,62.400363,6.618506,670.312792,Soyabean
53.0,41.0,29.0,25.057421,79.709725,6.581927,979.134149,Soyabean
34.0,40.0,20.0,24.503046,69.938129,6.571395,803.52619,Soyabean
48.0,35.0,36.0,25.715331,72.77932,6.516256,936.881474,Soyabean
51.0,45.0,39.0,24.539503,70.951751,6.492421,870.26971,Soyabean
60.0,30.0,37.0,25.332111,78.230138,6.977674,1058.449681,Soyabean
44.0,45.0,23.0,26.550486,60.0,6.736851,795.067722,Soyabean
50.0,39.0,33.0,26.557347,72.416948,6.644565,975.312756,Soyabean
35.0,35.0,22.0,24.563472,71.970906,6.52236,866.459104,Soyabean
31.0,37.0,43.0,25.219671,70.231818,6.701431,881.003343,Soyabean
53.0,37.0,28.0,27.718933,81.131133,6.603599,877.937533,Soyabean
47.0,46.0,43.0,26.79424,68.063353,6.505241,798.519227,Soyabean
56.0,30.0,41.0,29.320104,76.358981,6.439287,898.308124,Soyabean
38.0,32.0,30.0,27.888205,74.281264,6.483817,892.482213,Soyabean
51.0,45.0,28.0,27.830869,78.807596,6.0,928.94883,Soyabean
61.0,33.0,37.0,23.77941,69.164055,6.54212,910.140617,Soyabean
50.0,44.0,30.0,27.222177,68.835156,6.402305,995.759346,Soyabean
49.0,49.0,36.0,25.915029,77.98035,6.818534,1010.821034,Soyabean
48.0,35.0,32.0,25.118429,74.626607,6.503869,773.925201,Soyabean
37.0,42.0,24.0,26.268825,64.775313,6.262207,1004.2527,Soyabean
57.0,29.0,22.0,27.512338,69.803475,6.490024,757.639629,Soyabean
43.0,43.0,36.0,26.801331,74.431913,6.290776,970.542707,Soyabean
51.0,39.0,32.0,24.594442,76.688821,6.594681,974.368654,Soyabean
37.0,41.0,32.0,27.187934,69.103847,6.558189,670.641973,Soyabean
39.0,33.0,39.0,24.97986,60.0,6.691568,911.15751,Soyabean
58.0,26.0,42.0,26.346693,75.116116,6.341824,843.780466,Soyabean
45.0,41.0,33.0,25.51464,66.398397,6.506802,808.948169,Soyabean
58.0,23.0,33.0,25.649814,62.413306,6.226996,1062.10228,Soyabean
47.0,35.0,38.0,27.225989,60.0,6.640299,821.558503,Soyabean
35.0,44.0,27.0,24.33569,76.569904,6.603774,803.234769,Soyabean
54.0,39.0,36.0,29.112312,73.143087,6.599161,909.083393,Soyabean
43.0,51.0,38.0,23.086262,71.371718,6.500324,982.27077,Soyabean
52.0,45.0,39.0,25.043732,79.445122,6.582955,883.00217,Soyabean
48.0,33.0,23.0,26.592339,75.686623,6.820868,1039.964465,Soyabean
37.0,38.0,30.0,26.934903,80.5815,6.442981,963.717079,Soyabean
49.0,37.0,30.0,25.839239,65.536323,6.527729,638.614642,Soyabean
63.0,26.0,36.0,25.908175,72.327247,6.282775,836.463964,Soyabean
51.0,31.0,38.0,26.65688,64.416433,6.326348,832.578948,Soyabean
47.0,34.0,44.0,25.630289,71.353088,6.519563,957.523314,Soyabean
55.0,23.0,32.0,28.22909,71.256921,6.720787,600.0,Soyabean
49.0,38.0,32.0,27.342959,75.633068,6.448744,1200.0,Soyabean
49.0,36.0,42.0,27.396519,72.727819,6.452817,963.723131,Soyabean
40.0,26.0,37.0,24.454149,75.617036,6.418623,917.865216,Soyabean
49.0,40.0,43.0,25.872979,76.017201,6.393049,1041.788126,Soyabean
55.0,43.0,37.0,25.519254,83.274643,6.558994,1181.238486,Soyabean
42.0,39.0,28.0,24.391038,70.923517,6.200548,1004.489597,Soyabean
57.0,35.0,27.0,26.576263,67.794886,6.756188,1013.857572,Soyabean
47.0,42.0,26.0,25.139767,73.730418,6.366916,915.682803,Soyabean
41.0,42.0,39.0,27.048646,68.4886,6.644381,883.01691,Soyabean
54.0,40.0,42.0,24.287693,79.909804,6.246,842.904547,Soyabean
45.0,32.0,46.0,28.750465,71.08391,6.633768,800.866561,Soyabean
53.0,39.0,40.0,24.565868,69.672118,6.634389,817.558308,Soyabean
45.0,46.0,42.0,26.350884,70.143421,6.57684,737.933284,Soyabean
47.0,33.0,32.0,27.266975,76.092087,6.301114,890.895426,Soyabean
51.0,52.0,28.0,25.086975,71.711265,6.54991,697.839891,Soyabean
50.0,34.0,40.0,27.36395,69.291666,6.263389,922.909983,Soyabean
34.0,38.0,38.0,24.033306,80.82676,6.449447,895.640327,Soyabean
40.0,33.0,36.0,28.323388,68.219151,6.705883,917.632236,Soyabean
54.0,39.0,37.0,26.022639,72.67783,6.65934,837.344212,Soyabean
47.0,25.0,37.0,25.045742,75.761531,6.503037,1200.0,Soyabean
44.0,34.0,43.0,25.521309,64.343324,6.305039,1063.213908,Soyabean
38.0,30.0,43.0,27.294271,74.901303,6.629118,750.6549,Soyabean
40.0,38.0,38.0,25.064872,67.224462,6.503876,927.94417,Soyabean
33.0,44.0,40.0,24.801028,76.613914,6.035937,827.039263,Soyabean
47.0,42.0,38.0,25.645541,67.686745,6.656526,778.262433,Soyabean
43.0,21.0,32.0,24.116861,75.963845,6.495153,739.191351,Soyabean
41.0,52.0,40.0,28.91287,78.029165,6.74049,951.866003,Soyabean
47.0,40.0,27.0,25.093769,76.807183,6.280946,818.234372,Soyabean
50.0,32.0,41.0,27.330587,73.756583,6.0,1016.139123,Soyabean
62.0,39.0,28.0,26.335152,71.343495,6.555817,1019.253866,Soyabean
37.0,39.0,37.0,24.424746,69.617902,6.558313,1064.869726,Soyabean
56.0,33.0,30.0,25.990472,79.855173,6.161866,797.713588,Soyabean
54.0,39.0,38.0,27.254404,69.002524,6.3043,957.043873,Soyabean
42.0,33.0,35.0,25.698782,67.31467,7.0,975.894506,Soyabean
49.0,35.0,25.0,27.908981,75.826845,6.438878,843.098619,Soyabean
44.0,33.0,38.0,27.634425,68.519316,6.646192,807.387365,Soyabean
49.0,27.0,32.0,27.470264,67.749683,6.369868,1093.14248,Soyabean
58.0,39.0,40.0,25.264549,65.281979,6.081939,927.299505,Soyabean
52.0,42.0,35.0,24.272252,70.085451,6.465948,976.31613,Soyabean
51.0,41.0,37.0,25.01826,72.086425,6.446879,801.350879,Soyabean
44.0,43.0,29.0,26.313986,73.715459,6.420024,753.685864,Soyabean
37.0,40.0,31.0,26.873259,77.256531,6.477072,831.666027,Soyabean
46.0,34.0,32.0,22.525486,75.13449,6.552854,885.117434,Soyabean
56.0,43.0,40.0,25.987019,71.545639,6.469977,772.293599,Soyabean
37.0,28.0,45.0,26.252943,71.509022,6.247199,898.818623,Soyabean
40.0,31.0,30.0,25.555929,75.050787,6.597237,697.379377,Soyabean
48.0,31.0,41.0,28.066038,78.862851,6.110126,765.594309,Soyabean
41.0,45.0,22.0,26.674848,73.131571,6.089929,980.50935,Soyabean
42.0,44.0,28.0,28.096307,70.154346,6.647836,972.454862,Soyabean
19.0,13.0,24.0,29.20614,41.456658,6.024894,524.219978,SesameSeed
16.0,13.0,21.0,28.775614,40.936658,6.341071,512.324512,SesameSeed
16.0,8.0,20.0,30.358695,46.789494,6.713746,486.578256,SesameSeed
19.0,13.0,19.0,31.849801,45.267848,6.536437,378.25877,SesameSeed
25.0,16.0,21.0,35.716112,41.2135,6.159384,441.1468,SesameSeed
27.0,10.0,20.0,31.985367,47.910562,6.502509,533.924654,SesameSeed
19.0,17.0,14.0,32.783616,41.854829,5.887386,401.414598,SesameSeed
15.0,16.0,19.0,28.785681,38.241689,6.960107,300.0,SesameSeed
23.0,12.0,14.0,27.537917,38.705147,6.417886,459.102579,SesameSeed
17.0,14.0,19.0,30.149595,37.606296,6.94742,465.076971,SesameSeed
19.0,19.0,17.0,30.257208,41.13795,6.289387,484.489439,SesameSeed
29.0,16.0,30.0,27.411569,48.668621,6.29057,525.996305,SesameSeed
26.0,14.0,19.0,29.579293,38.474524,6.194325,519.632407,SesameSeed
22.0,13.0,13.0,30.958362,43.442379,6.85047,493.113886,SesameSeed
15.0,14.0,18.0,30.864944,39.216553,6.216228,558.687197,SesameSeed
23.0,12.0,21.0,31.210291,41.198455,6.757838,368.672115,SesameSeed
27.0,7.0,26.0,30.698315,34.949794,6.347019,510.320727,SesameSeed
19.0,21.0,16.0,28.783179,41.397309,5.709615,518.857685,SesameSeed
29.0,14.0,12.0,28.766638,41.531473,6.271874,388.23064,SesameSeed
28.0,15.0,23.0,27.122517,45.20144,6.028357,369.799057,SesameSeed
30.0,14.0,13.0,34.28346,43.616405,6.513561,422.784051,SesameSeed
23.0,12.0,17.0,30.032281,36.508039,6.023837,428.692099,SesameSeed
25.0,13.0,18.0,29.460353,47.920991,6.87039,527.739362,SesameSeed
29.0,9.0,19.0,27.770899,43.551515,6.46357,431.982285,SesameSeed
24.0,21.0,22.0,36.0,43.491968,6.428962,415.055604,SesameSeed
19.0,10.0,16.0,27.424013,42.454088,6.762357,432.185638,SesameSeed
19.0,11.0,18.0,28.970765,39.911213,6.885563,553.304263,SesameSeed
23.0,13.0,19.0,30.998008,43.589012,6.49196,475.913036,SesameSeed
15.0,18.0,20.0,31.440511,44.877942,6.19152,462.452428,SesameSeed
21.0,14.0,19.0,32.299037,33.765522,5.790412,467.299615,SesameSeed
27.0,10.0,21.0,34.33826,39.806196,6.22558,565.444223,SesameSeed
10.0,18.0,23.0,31.214778,41.225265,6.253115,422.557979,SesameSeed
30.0,16.0,21.0,27.465526,43.780853,6.542823,567.08558,SesameSeed
28.0,16.0,21.0,29.383332,48.466555,6.361941,489.734741,SesameSeed
19.0,16.0,12.0,30.738798,38.641296,6.775173,463.770643,SesameSeed
24.0,22.0,19.0,34.963742,40.010191,6.254807,650.0,SesameSeed
22.0,21.0,21.0,26.645267,39.937329,6.477184,401.105236,SesameSeed
28.0,12.0,22.0,32.886184,38.492362,6.973595,450.241997,SesameSeed
27.0,19.0,16.0,30.431794,40.764068,6.63673,388.729813,SesameSeed
14.0,15.0,16.0,32.010793,46.354011,6.475985,541.672338,SesameSeed
25.0,16.0,16.0,29.755213,37.230823,6.259222,593.243225,SesameSeed
20.0,9.0,21.0,27.978162,44.639072,6.246707,591.894595,SesameSeed
22.0,13.0,24.0,31.802095,33.990489,6.159755,560.676413,SesameSeed
18.0,11.0,17.0,31.570634,39.69331,6.283597,461.166567,SesameSeed
31.0,17.0,23.0,32.332937,40.852553,6.802266,449.433132,SesameSeed
27.0,17.0,20.0,29.968069,50.874298,6.411245,358.018116,SesameSeed
18.0,7.0,18.0,28.560427,41.125988,5.960091,617.511147,SesameSeed
14.0,14.0,18.0,26.258911,31.493783,7.207268,507.828465,SesameSeed
19.0,18.0,22.0,31.966496,32.505555,6.627986,440.563017,SesameSeed
24.0,13.0,20.0,31.017335,42.670148,5.937223,567.963982,SesameSeed
23.0,16.0,29.0,27.682122,45.568854,6.32326,406.906484,SesameSeed
28.0,15.0,15.0,28.707423,44.377279,6.544355,503.463542,SesameSeed
26.0,15.0,21.0,28.879779,43.337851,7.181837,462.915961,SesameSeed
27.0,13.0,17.0,26.440837,48.311298,6.056755,519.7074,SesameSeed
23.0,10.0,15.0,28.037562,39.802044,6.890416,470.549852,SesameSeed
14.0,10.0,19.0,27.278807,46.974553,7.059795,373.435048,SesameSeed
20.0,16.0,20.0,29.01005,34.339926,6.248538,480.290346,SesameSeed
27.0,14.0,30.0,28.227126,37.975261,6.388995,548.42049,SesameSeed
21.0,14.0,18.0,26.095188,33.464793,6.085476,472.954852,SesameSeed
24.0,13.0,14.0,34.854217,41.125773,6.418616,529.258059,SesameSeed
20.0,13.0,20.0,33.006098,42.268694,6.485364,401.812936,SesameSeed
16.0,17.0,10.0,28.130353,43.070507,6.76386,473.161744,SesameSeed
21.0,13.0,19.0,30.653811,42.809417,6.936073,431.284268,SesameSeed
23.0,10.0,19.0,31.001916,37.862233,6.200762,527.288659,SesameSeed
18.0,16.0,22.0,32.858606,41.548796,5.71307,477.204409,SesameSeed
20.0,13.0,23.0,28.035348,35.012767,6.491502,523.305157,SesameSeed
16.0,14.0,17.0,32.621056,49.316145,6.617415,551.13973,SesameSeed
28.0,19.0,18.0,28.685027,40.98187,6.599767,523.4133,SesameSeed
20.0,14.0,16.0,26.79393,40.055569,6.369331,494.11829,SesameSeed
29.0,15.0,14.0,31.737928,50.444702,6.549901,405.125142,SesameSeed
30.0,10.0,20.0,33.09782,36.288767,7.106178,474.804972,SesameSeed
21.0,13.0,13.0,36.0,36.872064,6.652694,437.683672,SesameSeed
16.0,16.0,17.0,27.120659,37.018898,6.350653,450.915523,SesameSeed
10.0,9.0,15.0,31.677407,42.160643,6.299921,448.782609,SesameSeed
14.0,15.0,21.0,29.016477,44.658158,6.432059,406.40521,SesameSeed
14.0,14.0,27.0,31.880061,46.198377,7.154696,337.986299,SesameSeed
29.0,14.0,13.0,26.470825,55.0,6.42668,428.229987,SesameSeed
22.0,17.0,11.0,26.969353,31.252838,6.492082,488.536562,SesameSeed
24.0,15.0,18.0,28.1379,45.543678,6.307075,380.627607,SesameSeed
10.0,19.0,19.0,30.189514,39.714347,6.939593,476.097757,SesameSeed
15.0,11.0,20.0,28.461405,39.567924,7.283935,608.01879,SesameSeed
26.0,14.0,17.0,31.58173,39.401139,6.680245,546.613959,SesameSeed
23.0,14.0,18.0,32.464547,37.956152,6.533109,590.047906,SesameSeed
21.0,11.0,21.0,31.438986,50.922624,6.514713,502.378951,SesameSeed
25.0,17.0,24.0,33.88509,46.711487,5.546277,556.725688,SesameSeed
30.0,21.0,10.0,30.997984,42.61598,6.79806,424.322469,SesameSeed
20.0,14.0,17.0,27.079448,49.255079,6.553667,429.896181,SesameSeed
22.0,16.0,20.0,33.272104,34.937355,6.671337,300.0,SesameSeed
23.0,14.0,15.0,28.547625,35.846474,6.215415,558.030183,SesameSeed
34.0,12.0,27.0,32.185004,31.610161,6.346217,582.822679,SesameSeed
10.0,8.0,16.0,33.776962,39.002927,6.33559,436.277593,SesameSeed
25.0,12.0,19.0,31.096051,43.308493,6.908649,457.223381,SesameSeed
21.0,10.0,21.0,26.409219,43.014293,6.348496,422.229652,SesameSeed
25.0,19.0,16.0,27.796291,43.24671,7.333064,501.785749,SesameSeed
18.0,14.0,11.0,33.174587,35.444716,6.672345,553.745278,SesameSeed
21.0,13.0,17.0,29.594106,46.515774,5.989727,353.005962,SesameSeed
25.0,17.0,24.0,30.190976,43.698138,6.448581,503.660697,SesameSeed
35.0,10.0,18.0,31.821179,46.165271,6.23933,455.632976,SesameSeed
26.0,12.0,15.0,31.671175,33.036189,5.622247,482.937607,SesameSeed
17.0,14.0,23.0,30.66912,44.057454,7.139788,507.12958,SesameSeed
107.0,50.0,110.0,28.317427,68.315512,6.456072,1584.321624,Sugarcane
108.0,48.0,101.0,22.0,71.214415,6.865305,1420.856905,Sugarcane
107.0,50.0,98.0,28.104885,69.347639,6.183289,2437.57338,Sugarcane
126.0,45.0,138.0,31.256374,71.712025,6.924962,2310.238601,Sugarcane
117.0,47.0,126.0,26.17626,73.715098,6.302323,1401.380254,Sugarcane
114.0,33.0,107.0,27.491291,80.022927,7.281427,2224.635025,Sugarcane
90.0,58.0,64.0,28.042053,73.073046,7.918914,1630.160353,Sugarcane
104.0,52.0,99.0,22.0,65.486246,6.319622,1788.756242,Sugarcane
124.0,44.0,150.0,32.845504,81.840407,7.017104,1731.017812,Sugarcane
111.0,65.0,101.0,26.156423,69.977459,6.386629,1552.075408,Sugarcane
121.0,51.0,125.0,29.814912,74.647677,7.270477,2045.155703,Sugarcane
138.0,42.0,131.0,28.274577,77.679219,6.117371,1787.765959,Sugarcane
127.0,57.0,109.0,31.76981,76.197663,6.990293,1607.034573,Sugarcane
111.0,53.0,90.0,29.555746,81.565077,6.313506,1358.623167,Sugarcane
102.0,53.0,61.0,27.889197,77.874019,6.646508,1481.921496,Sugarcane
70.0,47.0,117.0,26.176861,69.832143,6.234487,1257.585965,Sugarcane
107.0,54.0,90.0,30.574412,88.071373,7.161175,1753.667065,Sugarcane
105.0,48.0,108.0,23.629053,76.166001,6.33151,1391.000322,Sugarcane
116.0,54.0,83.0,30.179315,74.115959,7.025982,1670.331846,Sugarcane
108.0,35.0,100.0,25.642484,80.783553,6.577951,2161.030556,Sugarcane
105.0,47.0,106.0,31.755938,76.496706,6.692764,2109.789872,Sugarcane
82.0,64.0,110.0,28.919379,77.395369,6.823878,1740.316932,Sugarcane
95.0,44.0,85.0,30.174722,89.953104,6.369088,1723.874582,Sugarcane
118.0,45.0,127.0,28.713171,73.349271,6.855184,2313.962365,Sugarcane
137.0,46.0,94.0,23.94382,73.093435,7.515167,1906.226836,Sugarcane
108.0,40.0,75.0,26.262104,75.699471,6.360953,1651.658062,Sugarcane
115.0,32.0,103.0,30.248212,81.429096,7.335905,1322.194565,Sugarcane
125.0,48.0,106.0,28.933305,65.960796,7.499049,1868.161965,Sugarcane
97.0,51.0,108.0,31.570574,63.206665,6.341923,1998.797132,Sugarcane
116.0,50.0,130.0,29.548514,71.477308,6.022473,1560.504543,Sugarcane
98.0,49.0,101.0,25.986575,65.196462,6.90098,1837.360827,Sugarcane
124.0,50.0,103.0,26.430233,72.451012,6.476296,1640.928012,Sugarcane
112.0,58.0,85.0,28.767585,78.014998,7.684302,1694.79028,Sugarcane
115.0,48.0,120.0,22.483485,69.655507,6.767404,1003.653383,Sugarcane
97.0,45.0,108.0,32.850949,66.439041,6.3489,1683.465579,Sugarcane
121.0,48.0,97.0,29.648542,75.416023,6.17642,2040.810791,Sugarcane
143.0,55.0,71.0,31.69029,80.175261,7.294952,1560.579233,Sugarcane
94.0,61.0,131.0,24.39043,64.830159,6.464408,1765.75791,Sugarcane
105.0,45.0,83.0,31.735869,79.921394,6.771914,1523.214788,Sugarcane
114.0,51.0,94.0,34.301897,79.903837,7.227901,1858.132503,Sugarcane
123.0,53.0,111.0,25.065716,80.724511,6.507871,1685.043041,Sugarcane
101.0,42.0,83.0,30.505645,82.310881,6.727036,1468.227538,Sugarcane
70.0,50.0,78.0,28.502886,88.212084,6.741716,2149.76544,Sugarcane
132.0,38.0,67.0,24.484472,72.863448,7.091662,2028.679604,Sugarcane
122.0,36.0,118.0,29.781498,75.657429,7.045372,1568.527971,Sugarcane
82.0,53.0,95.0,30.667368,72.501369,6.639943,1899.336493,Sugarcane
100.0,47.0,150.0,26.937071,75.011861,6.781825,1911.223601,Sugarcane
135.0,52.0,87.0,31.531383,84.19724,6.56411,1942.690371,Sugarcane
133.0,50.0,88.0,24.166415,66.929913,6.011194,1241.723231,Sugarcane
125.0,42.0,95.0,24.613634,69.833702,6.8788,2051.981962,Sugarcane
107.0,50.0,109.0,28.855153,83.263086,7.696096,1579.090311,Sugarcane
111.0,40.0,97.0,28.566002,81.120219,6.30814,1642.65162,Sugarcane
108.0,61.0,116.0,26.636909,72.82121,6.363485,2500.0,Sugarcane
128.0,39.0,87.0,30.604946,80.126412,6.314636,1840.562014,Sugarcane
96.0,48.0,80.0,29.880325,77.047295,7.112296,1634.103257,Sugarcane
97.0,42.0,73.0,30.731162,84.001648,6.974243,1088.411688,Sugarcane
126.0,55.0,65.0,28.179845,75.447058,6.670731,2166.92924,Sugarcane
109.0,47.0,96.0,30.066709,81.153793,6.29099,1346.437099,Sugarcane
132.0,46.0,100.0,27.341309,90.0,6.796188,1448.968329,Sugarcane
99.0,57.0,94.0,33.839929,78.588595,5.967689,1650.59431,Sugarcane
109.0,50.0,127.0,26.387381,75.295969,6.821713,2174.923538,Sugarcane
95.0,54.0,127.0,33.973773,79.334682,7.185762,1981.971996,Sugarcane
110.0,42.0,99.0,28.590709,72.808315,6.1244,1702.648747,Sugarcane
86.0,39.0,73.0,24.923672,89.327806,5.983741,1842.487619,Sugarcane
102.0,51.0,95.0,32.057006,76.080426,7.539719,1569.884292,Sugarcane
87.0,47.0,94.0,28.827344,73.3624,6.44412,1791.896107,Sugarcane
121.0,55.0,93.0,30.712923,69.985866,7.317974,1772.001023,Sugarcane
121.0,49.0,92.0,31.682025,81.583321,6.673001,2040.630969,Sugarcane
82.0,52.0,93.0,29.378684,80.203124,6.669023,2040.153437,Sugarcane
131.0,37.0,98.0,26.960174,72.015874,6.969206,1898.193215,Sugarcane
150.0,65.0,94.0,31.036855,78.458708,6.308001,1641.295733,Sugarcane
111.0,49.0,109.0,28.501964,65.948664,6.816249,1972.546688,Sugarcane
100.0,56.0,111.0,30.28323,76.109823,6.559255,1722.40946,Sugarcane
150.0,43.0,89.0,22.900301,77.716538,6.089753,1425.425689,Sugarcane
89.0,52.0,128.0,29.662152,85.243979,6.918741,1629.013662,Sugarcane
110.0,40.0,87.0,26.839677,70.375087,6.618346,1775.358095,Sugarcane
113.0,54.0,76.0,32.798605,67.329884,6.671488,2023.064735,Sugarcane
132.0,47.0,112.0,30.120027,69.627432,6.14492,1694.941548,Sugarcane
116.0,50.0,90.0,29.12363,66.980589,7.5457,1387.240387,Sugarcane
102.0,56.0,111.0,29.764406,83.019944,7.188357,1767.022505,Sugarcane
95.0,40.0,62.0,25.904054,84.291836,7.232078,1784.036812,Sugarcane
105.0,45.0,130.0,32.720467,76.921299,6.597278,1805.751289,Sugarcane
94.0,54.0,117.0,33.677563,82.32777,5.885409,2025.961455,Sugarcane
111.0,67.0,78.0,29.521575,75.80375,7.726459,2055.676972,Sugarcane
101.0,49.0,78.0,32.635049,74.42933,6.719451,1571.736738,Sugarcane
86.0,55.0,135.0,27.020215,73.001774,6.3756,1565.156963,Sugarcane
130.0,49.0,92.0,26.427505,73.137654,6.958401,1437.940387,Sugarcane
102.0,66.0,90.0,28.606404,65.713191,7.33356,1959.644701,Sugarcane
90.0,36.0,64.0,29.630847,76.585529,6.738475,2184.646033,Sugarcane
107.0,51.0,99.0,27.475635,74.757997,7.389288,1655.475422,Sugarcane
111.0,37.0,101.0,29.898197,79.472164,7.2915,1677.570831,Sugarcane
82.0,30.0,118.0,29.296613,75.561141,6.211809,2190.034767,Sugarcane
115.0,52.0,80.0,25.904402,74.023778,6.413105,1901.667356,Sugarcane
93.0,51.0,78.0,29.848862,69.772842,7.228769,1880.870711,Sugarcane
137.0,48.0,113.0,30.745173,75.432919,5.5,1392.725048,Sugarcane
118.0,49.0,123.0,28.94582,79.429423,6.675272,1953.618421,Sugarcane
104.0,70.0,77.0,31.496885,68.139966,6.034584,1471.259098,Sugarcane
98.0,48.0,124.0,25.33475,75.524843,6.511723,1409.793944,Sugarcane
108.0,54.0,106.0,29.716671,76.398258,6.60059,1645.968527,Sugarcane
120.0,45.0,125.0,25.45727,70.691611,6.570878,1574.262183,Sugarcane
140.0,42.0,252.0,21.389454,87.146544,5.965314,2065.106119,Plantain
113.0,35.0,159.0,25.163659,79.118879,5.977929,1815.400822,Plantain
166.0,38.0,222.0,27.555337,66.681332,5.544863,1918.281792,Plantain
170.0,43.0,153.0,26.180807,71.601911,6.75186,1669.467189,Plantain
102.0,43.0,245.0,24.832968,78.503782,5.990806,1697.182898,Plantain
167.0,48.0,195.0,20.235336,73.021744,6.21204,1880.517893,Plantain
127.0,40.0,253.0,22.73277,77.519457,5.976903,1474.065823,Plantain
164.0,42.0,224.0,25.525841,80.194377,6.45855,1699.762678,Plantain
143.0,37.0,159.0,22.795913,88.773528,6.13731,1559.308216,Plantain
146.0,41.0,259.0,25.569406,78.257277,5.858555,1550.640733,Plantain
141.0,43.0,264.0,26.908882,86.435251,6.382499,1209.245293,Plantain
172.0,39.0,239.0,27.695008,88.572561,5.819881,2175.011445,Plantain
118.0,29.0,176.0,21.566698,88.605858,5.998778,1607.769149,Plantain
158.0,42.0,193.0,31.150609,81.708528,5.617933,2125.745295,Plantain
169.0,42.0,211.0,27.148942,68.220265,5.822813,2099.26185,Plantain
161.0,36.0,178.0,24.9952,82.764949,6.303559,1439.920082,Plantain
196.0,32.0,269.0,28.050702,86.290399,5.660639,1495.244854,Plantain
133.0,49.0,210.0,31.623142,79.513597,5.805656,2500.0,Plantain
166.0,43.0,110.0,20.971584,90.467503,6.249289,2290.259264,Plantain
143.0,39.0,218.0,24.369265,85.159001,6.086918,1791.174816,Plantain
172.0,33.0,192.0,18.340391,83.40964,6.847611,1872.06447,Plantain
145.0,35.0,202.0,25.539424,86.518284,6.800169,1623.363007,Plantain
136.0,48.0,191.0,26.023104,82.000219,5.989623,1921.05876,Plantain
174.0,41.0,236.0,24.890346,65.043137,6.417141,1599.189068,Plantain
134.0,37.0,248.0,23.167306,77.005166,6.474785,1230.940946,Plantain
114.0,43.0,216.0,19.261359,87.183008,6.070756,1429.96438,Plantain
134.0,35.0,192.0,26.045894,75.154452,5.801338,1805.905969,Plantain
159.0,49.0,203.0,29.075217,78.659165,6.24631,1483.301174,Plantain
176.0,48.0,206.0,23.345148,73.730982,6.198146,1781.16231,Plantain
147.0,37.0,175.0,26.232168,90.703536,6.119271,1499.094909,Plantain
174.0,36.0,227.0,20.609196,90.088955,6.382695,1580.940902,Plantain
115.0,25.0,222.0,26.280197,74.696787,6.024781,2038.886286,Plantain
135.0,31.0,264.0,23.89853,80.883788,5.904401,1869.294553,Plantain
139.0,32.0,253.0,22.86523,75.917036,6.282725,1797.293962,Plantain
142.0,41.0,179.0,22.870982,83.689668,6.365791,2046.109912,Plantain
147.0,38.0,236.0,23.897888,83.058098,5.897007,1934.570406,Plantain
160.0,32.0,169.0,26.070813,84.870233,6.528427,2205.037722,Plantain
135.0,38.0,231.0,21.325943,81.991511,5.718856,1671.239407,Plantain
148.0,43.0,185.0,23.888077,95.0,6.076566,1679.702206,Plantain
144.0,43.0,166.0,24.883879,73.832457,6.172597,1435.689405,Plantain
125.0,29.0,216.0,21.92269,69.73638,6.059133,1679.885399,Plantain
142.0,39.0,110.0,30.030663,77.641459,6.080482,2070.13557,Plantain
142.0,32.0,138.0,22.610213,70.59207,6.811322,2163.996464,Plantain
141.0,45.0,198.0,23.125577,71.045226,5.994735,2068.885447,Plantain
146.0,45.0,208.0,22.260738,73.992112,6.982367,1297.626277,Plantain
147.0,35.0,191.0,30.035744,74.466867,6.381138,2103.28066,Plantain
135.0,35.0,145.0,26.548135,74.272291,6.277617,1285.214785,Plantain
173.0,37.0,174.0,22.377542,83.109314,6.392872,2051.472851,Plantain
119.0,26.0,220.0,28.097448,76.962866,7.0,1697.020333,Plantain
129.0,42.0,227.0,25.561956,78.922913,5.951922,1996.709328,Plantain
200.0,38.0,204.0,25.72031,85.365397,5.913875,1426.914463,Plantain
122.0,46.0,249.0,24.035464,75.402065,6.02354,2127.926937,Plantain
115.0,33.0,220.0,22.901635,78.412725,6.259643,1389.807071,Plantain
161.0,36.0,177.0,25.945745,82.19456,5.732269,1612.832625,Plantain
99.0,31.0,194.0,23.473756,68.350593,6.256702,1520.533504,Plantain
140.0,34.0,152.0,30.086916,65.690567,6.758064,1308.800241,Plantain
192.0,33.0,201.0,21.445985,82.076704,6.295422,1826.467719,Plantain
111.0,46.0,247.0,29.301239,82.952086,6.162194,2305.704953,Plantain
101.0,36.0,231.0,24.688307,92.385321,6.064552,2500.0,Plantain
112.0,41.0,258.0,25.83744,80.948569,6.519554,1827.20362,Plantain
165.0,38.0,193.0,27.332842,84.918438,6.00225,2112.670757,Plantain
170.0,32.0,256.0,23.235302,78.827164,6.803919,1864.986499,Plantain
134.0,39.0,198.0,27.419895,81.783363,6.830008,1939.687295,Plantain
160.0,44.0,261.0,18.0,90.003541,6.327025,1704.198378,Plantain
176.0,33.0,204.0,22.984029,67.256043,6.246545,1854.621539,Plantain
184.0,45.0,232.0,22.412624,82.481698,6.559198,1950.494037,Plantain
140.0,35.0,261.0,21.490183,92.81352,6.57844,1638.031276,Plantain
94.0,37.0,198.0,24.398126,81.692205,6.008202,1778.301596,Plantain
127.0,43.0,213.0,26.0801,89.903438,6.092033,1783.639567,Plantain
136.0,36.0,254.0,26.967448,76.224727,5.853296,2031.392929,Plantain
139.0,40.0,200.0,25.674455,79.807715,6.372719,1501.510992,Plantain
141.0,38.0,155.0,23.136058,80.201148,6.449988,1785.568182,Plantain
170.0,41.0,286.0,26.033246,66.694454,5.845022,2335.361531,Plantain
173.0,26.0,187.0,25.348,72.990933,6.11344,2125.936843,Plantain
141.0,29.0,211.0,27.620957,73.41875,5.845824,2177.770134,Plantain
169.0,44.0,249.0,27.175423,84.932396,5.98036,1806.840915,Plantain
153.0,46.0,182.0,25.085334,85.232919,6.415305,1889.879318,Plantain
146.0,35.0,167.0,22.487692,81.944219,6.029955,2080.626127,Plantain
165.0,39.0,215.0,23.17174,84.944617,6.159752,2236.871548,Plantain
147.0,42.0,137.0,23.46059,79.015104,5.761806,1253.551184,Plantain
190.0,44.0,194.0,24.117254,87.21159,6.306097,1431.676434,Plantain
113.0,28.0,214.0,25.750541,80.052731,6.236718,2166.644348,Plantain
134.0,35.0,195.0,27.002488,80.347184,6.031312,1722.47098,Plantain
142.0,38.0,146.0,24.856868,78.406444,6.193296,1611.918179,Plantain
155.0,44.0,266.0,25.045149,84.106703,6.304088,1448.834924,Plantain
173.0,55.0,209.0,25.401258,77.472807,6.00554,1644.595324,Plantain
144.0,39.0,259.0,23.555465,85.858588,5.807121,1407.336601,Plantain
114.0,32.0,195.0,22.408902,73.207105,6.791672,2385.506396,Plantain
164.0,42.0,172.0,20.084774,73.406502,6.060018,1793.717905,Plantain
162.0,48.0,215.0,23.053582,84.124561,6.220972,1783.773848,Plantain
102.0,41.0,197.0,26.324807,79.468735,6.553252,1964.661469,Plantain
145.0,35.0,160.0,23.031848,77.276652,7.0,2069.456647,Plantain
110.0,46.0,261.0,24.33414,85.340346,5.876654,2064.848684,Plantain
130.0,44.0,181.0,26.306008,76.356432,6.384948,2100.614144,Plantain
125.0,34.0,135.0,26.457931,78.798792,6.037734,1623.363246,Plantain
163.0,42.0,255.0,21.977308,88.395368,6.088363,1716.597295,Plantain
148.0,46.0,186.0,27.791766,89.234854,6.033936,2015.328864,Plantain
117.0,47.0,182.0,28.15658,89.434389,5.912304,1652.331063,Plantain
164.0,40.0,138.0,21.83642,78.307245,6.237613,1798.570143,Plantain
113.0,38.0,271.0,22.693257,87.384217,5.807649,1911.653854,Plantain
53.0,43.0,62.0,17.045745,56.219143,7.29868,489.68981,Onion
27.0,44.0,61.0,17.367135,63.444252,6.88168,459.272496,Onion
52.0,46.0,70.0,17.495265,59.340815,7.045889,538.828793,Onion
43.0,43.0,50.0,19.245786,58.895479,6.875955,432.071612,Onion
52.0,50.0,39.0,19.503749,55.366846,6.676493,524.453245,Onion
53.0,42.0,62.0,13.0,69.993619,6.267102,441.499634,Onion
61.0,30.0,63.0,20.747597,57.747,6.903418,428.187249,Onion
59.0,44.0,78.0,21.66001,64.196785,6.648342,449.001005,Onion
58.0,26.0,45.0,16.18959,48.749956,6.641913,469.967404,Onion
59.0,48.0,74.0,16.360944,67.079931,6.720263,496.093613,Onion
48.0,37.0,88.0,17.509443,66.313267,7.303664,518.836464,Onion
45.0,46.0,55.0,16.836791,60.584605,7.475258,300.0,Onion
54.0,56.0,45.0,18.992639,58.638345,6.906474,435.387955,Onion
52.0,37.0,55.0,14.217644,62.4,6.729161,468.674402,Onion
42.0,53.0,60.0,16.040559,73.732744,6.543921,620.404963,Onion
49.0,42.0,67.0,21.886234,49.42058,6.97182,413.599791,Onion
45.0,59.0,53.0,16.457916,64.692164,7.313555,513.023729,Onion
36.0,42.0,79.0,21.235542,54.530296,6.785691,619.602425,Onion
58.0,38.0,47.0,19.281744,59.88049,6.231461,394.962518,Onion
46.0,50.0,39.0,14.519611,58.512719,7.024213,531.518018,Onion
65.0,42.0,73.0,19.897724,57.43009,7.106204,435.818253,Onion
29.0,38.0,33.0,18.241132,59.937209,6.43768,459.629301,Onion
39.0,41.0,58.0,17.497972,53.194973,6.895886,435.751133,Onion
45.0,45.0,90.0,19.038906,66.175083,6.967319,441.451415,Onion
56.0,56.0,60.0,19.544194,49.235139,6.830992,700.0,Onion
49.0,30.0,47.0,20.056702,63.238587,6.6444,567.55647,Onion
48.0,45.0,59.0,21.092156,58.040785,7.114144,588.139029,Onion
34.0,50.0,59.0,19.397899,52.974451,6.745121,539.359479,Onion
33.0,47.0,62.0,15.473605,61.2143,6.463852,371.499457,Onion
48.0,55.0,68.0,17.45798,50.658293,6.317137,531.596638,Onion
31.0,44.0,48.0,24.0,60.238283,7.177821,585.834369,Onion
40.0,44.0,80.0,20.09388,51.462739,7.010333,431.728042,Onion
50.0,50.0,63.0,23.712432,62.767633,6.872873,577.226133,Onion
35.0,46.0,69.0,21.569955,54.453856,6.735529,556.346897,Onion
61.0,42.0,52.0,19.031965,57.294036,6.71246,648.163204,Onion
57.0,49.0,75.0,19.163096,61.763696,6.570308,466.577359,Onion
29.0,40.0,57.0,18.419524,55.364747,6.737822,412.191121,Onion
36.0,40.0,63.0,14.67683,59.652216,6.298777,471.069751,Onion
22.0,41.0,49.0,18.539704,50.917017,6.658623,614.845679,Onion
37.0,56.0,48.0,21.163484,63.785254,6.769156,353.72753,Onion
53.0,25.0,68.0,17.180792,70.589483,7.008569,334.529943,Onion
41.0,48.0,55.0,19.406297,75.0,6.839619,507.151622,Onion
50.0,45.0,50.0,20.3735,60.547009,7.05668,464.592857,Onion
30.0,32.0,52.0,16.498703,64.729225,7.200775,500.618231,Onion
53.0,47.0,68.0,17.507134,49.316246,7.125124,575.624942,Onion
39.0,49.0,52.0,16.260595,69.016406,6.972333,455.794452,Onion
45.0,50.0,59.0,16.691236,64.657371,6.853084,350.159534,Onion
44.0,25.0,60.0,15.667268,57.096399,6.594995,663.558525,Onion
32.0,56.0,37.0,16.519013,67.423085,7.042385,420.221737,Onion
33.0,39.0,42.0,21.622802,58.473144,7.286734,415.27703,Onion
55.0,50.0,64.0,16.485951,57.251849,6.938948,588.297601,Onion
49.0,51.0,51.0,18.77821,62.85201,7.348487,469.24087,Onion
56.0,38.0,73.0,17.393689,53.619873,6.453351,494.928812,Onion
48.0,50.0,72.0,21.093505,66.129749,6.549918,538.62321,Onion
46.0,42.0,69.0,21.384557,53.664061,7.072352,586.686648,Onion
28.0,28.0,82.0,20.400954,53.699671,6.918715,473.323145,Onion
42.0,54.0,59.0,19.173496,54.541861,7.191583,621.59616,Onion
45.0,39.0,68.0,17.991669,64.557,6.845977,329.136012,Onion
65.0,38.0,53.0,15.877876,56.299348,6.624326,560.782979,Onion
52.0,42.0,89.0,22.775764,51.912025,6.794466,432.837795,Onion
60.0,47.0,84.0,16.828719,56.36592,6.451502,609.781705,Onion
51.0,45.0,60.0,19.960022,59.807746,6.556566,511.363558,Onion
38.0,49.0,65.0,20.831044,52.914165,7.102835,446.167573,Onion
46.0,34.0,76.0,17.278383,53.089913,7.076925,553.027287,Onion
47.0,39.0,58.0,20.783628,72.667778,6.944381,571.455068,Onion
36.0,44.0,52.0,20.181269,54.836608,6.40252,551.35153,Onion
41.0,60.0,70.0,22.30152,58.061746,6.756815,417.624301,Onion
43.0,44.0,61.0,17.467438,57.796578,6.5315,461.27863,Onion
61.0,54.0,62.0,15.671099,57.471859,7.155899,499.674173,Onion
24.0,45.0,50.0,17.387923,63.72808,6.698232,496.699228,Onion
57.0,41.0,39.0,18.959478,65.688858,6.567706,559.979638,Onion
36.0,43.0,63.0,18.628068,58.164273,6.857747,338.807901,Onion
31.0,44.0,71.0,17.634437,52.58113,6.68356,526.746164,Onion
57.0,50.0,57.0,14.299766,67.646641,7.235773,476.801492,Onion
52.0,56.0,77.0,19.535063,59.427953,6.658949,432.919951,Onion
58.0,48.0,52.0,22.839158,70.381931,6.486201,440.601058,Onion
53.0,54.0,47.0,19.521353,46.526485,6.290242,482.836987,Onion
66.0,37.0,59.0,19.840098,61.172419,6.841996,300.0,Onion
51.0,42.0,59.0,19.75938,71.511638,6.703898,443.896834,Onion
43.0,39.0,69.0,19.373503,57.880415,6.478485,429.934814,Onion
48.0,48.0,51.0,20.549665,58.647039,7.159199,542.622657,Onion
57.0,42.0,76.0,19.369822,61.77307,7.023484,435.557865,Onion
37.0,51.0,84.0,17.81211,56.647225,6.842663,482.790896,Onion
38.0,38.0,60.0,16.748824,58.127568,7.204725,623.38213,Onion
42.0,45.0,75.0,17.952258,57.973109,7.022259,579.548122,Onion
24.0,50.0,47.0,19.191085,56.235476,6.636057,572.181712,Onion
46.0,28.0,73.0,17.804617,67.373139,6.579803,460.010206,Onion
26.0,62.0,73.0,19.191545,62.766468,7.062675,543.442582,Onion
46.0,43.0,70.0,19.46613,61.503769,6.953055,481.288176,Onion
54.0,29.0,60.0,20.332995,64.851426,6.894134,484.312543,Onion
40.0,46.0,30.0,21.322149,58.413865,6.629911,532.774827,Onion
62.0,45.0,52.0,18.671616,55.354777,7.008066,452.240513,Onion
30.0,44.0,52.0,15.622892,56.384254,6.65357,619.440248,Onion
57.0,53.0,48.0,17.740771,60.010698,6.823483,487.189589,Onion
52.0,51.0,61.0,18.596938,53.64473,7.226205,549.468845,Onion
28.0,47.0,55.0,14.461309,56.998434,6.678183,616.448038,Onion
70.0,49.0,50.0,21.555062,56.9033,6.441023,582.532302,Onion
44.0,44.0,47.0,18.813231,72.747337,6.576338,387.286472,Onion
36.0,59.0,51.0,19.338976,45.0,7.108518,535.591672,Onion
31.0,33.0,73.0,21.504158,58.922282,6.91623,568.057552,Onion
46.0,20.0,24.0,24.907529,35.623506,6.0,666.307219,SunflowerSeed
27.0,21.0,27.0,23.589779,45.926118,7.494733,511.602829,SunflowerSeed
32.0,20.0,41.0,24.51735,47.116554,6.783849,492.274473,SunflowerSeed
46.0,26.0,27.0,27.001249,38.750648,6.679406,561.108483,SunflowerSeed
31.0,24.0,48.0,28.577999,43.055505,6.840622,616.519909,SunflowerSeed
35.0,22.0,37.0,26.597365,38.114981,6.821343,613.847284,SunflowerSeed
52.0,28.0,38.0,25.284825,49.770057,7.244908,436.066592,SunflowerSeed
37.0,35.0,35.0,29.194433,54.912596,6.376226,702.928485,SunflowerSeed
31.0,35.0,44.0,24.124058,56.640647,6.568912,498.706806,SunflowerSeed
30.0,13.0,45.0,27.886574,52.488707,7.137263,528.7948,SunflowerSeed
40.0,28.0,41.0,24.193424,44.219622,7.249178,477.787651,SunflowerSeed
26.0,24.0,43.0,26.206864,38.407609,7.256617,750.0,SunflowerSeed
35.0,26.0,36.0,24.682025,39.458788,6.685185,569.365654,SunflowerSeed
40.0,23.0,42.0,24.843614,42.386105,6.608694,481.921994,SunflowerSeed
49.0,26.0,34.0,23.943318,44.666842,6.797346,619.113884,SunflowerSeed
44.0,26.0,38.0,28.765591,49.041509,7.095949,611.530862,SunflowerSeed
31.0,22.0,35.0,22.947807,43.915015,7.594191,534.981838,SunflowerSeed
48.0,20.0,33.0,22.92735,52.033855,6.181025,617.248537,SunflowerSeed
35.0,22.0,31.0,30.938782,48.606359,6.911708,483.976643,SunflowerSeed
26.0,26.0,42.0,27.737973,50.063274,6.466929,510.566538,SunflowerSeed
36.0,29.0,49.0,18.321682,56.841503,6.339103,389.182668,SunflowerSeed
50.0,30.0,48.0,23.417276,42.91861,7.386783,444.083913,SunflowerSeed
39.0,22.0,26.0,19.92643,52.512227,7.21785,694.610464,SunflowerSeed
38.0,27.0,49.0,22.338066,49.916161,7.179773,681.31429,SunflowerSeed
52.0,31.0,35.0,18.0,47.999082,7.36841,555.263092,SunflowerSeed
25.0,32.0,43.0,24.616429,55.311538,6.808112,683.034516,SunflowerSeed
26.0,25.0,29.0,21.802563,55.274085,6.826945,537.194041,SunflowerSeed
23.0,24.0,39.0,25.167735,44.321055,7.874292,530.527176,SunflowerSeed
41.0,26.0,40.0,20.44966,48.907036,6.901372,554.520852,SunflowerSeed
39.0,18.0,24.0,25.232153,51.68727,7.294053,540.006272,SunflowerSeed
51.0,24.0,43.0,23.838234,48.36196,7.002553,532.784294,SunflowerSeed
40.0,29.0,50.0,29.205468,53.510128,6.260697,641.471849,SunflowerSeed
34.0,29.0,36.0,28.951799,51.687152,6.182148,562.010852,SunflowerSeed
38.0,23.0,50.0,27.198968,60.995367,6.768406,606.998541,SunflowerSeed
39.0,26.0,36.0,24.085481,40.818325,7.422441,632.510442,SunflowerSeed
22.0,20.0,45.0,30.559065,49.265384,7.315317,581.054864,SunflowerSeed
60.0,29.0,18.0,20.651501,44.548985,7.365631,472.378294,SunflowerSeed
42.0,25.0,59.0,21.070036,53.624645,6.605182,441.770729,SunflowerSeed
39.0,23.0,51.0,24.765407,40.296969,7.646349,561.902451,SunflowerSeed
43.0,23.0,35.0,31.311307,52.077876,6.614043,536.299496,SunflowerSeed
44.0,25.0,20.0,24.433451,46.219709,7.08513,556.991314,SunflowerSeed
36.0,22.0,40.0,24.486913,45.595029,6.995859,548.715677,SunflowerSeed
32.0,29.0,25.0,20.962651,41.321011,6.93045,750.0,SunflowerSeed
43.0,23.0,42.0,27.648603,47.209544,7.535437,443.5819,SunflowerSeed
41.0,35.0,41.0,27.668894,56.507003,6.717956,390.804298,SunflowerSeed
30.0,34.0,29.0,27.209411,49.848868,6.460158,576.590147,SunflowerSeed
50.0,20.0,48.0,23.238182,53.766083,7.007998,519.886196,SunflowerSeed
40.0,25.0,45.0,23.021221,59.987851,6.840069,575.28543,SunflowerSeed
44.0,21.0,46.0,21.379258,51.582534,8.0,596.710642,SunflowerSeed
50.0,23.0,38.0,25.234843,46.647203,7.270603,652.728376,SunflowerSeed
38.0,37.0,25.0,21.974859,52.803513,6.836264,429.421934,SunflowerSeed
40.0,23.0,46.0,21.703234,46.734223,6.577555,505.462568,SunflowerSeed
45.0,27.0,35.0,23.813666,46.973464,6.247885,584.300901,SunflowerSeed
31.0,28.0,25.0,23.630363,40.880643,6.589912,611.637088,SunflowerSeed
38.0,19.0,50.0,23.49366,55.557545,7.045977,725.475964,SunflowerSeed
39.0,20.0,56.0,26.306045,47.683985,7.570931,626.456318,SunflowerSeed
29.0,18.0,37.0,25.221334,51.092589,7.448676,545.456912,SunflowerSeed
58.0,20.0,57.0,24.193163,43.784228,7.091638,478.76514,SunflowerSeed
25.0,10.0,38.0,25.512436,52.615686,6.870733,504.856812,SunflowerSeed
26.0,28.0,34.0,22.223724,45.428353,7.107525,502.583774,SunflowerSeed
49.0,37.0,32.0,25.29478,49.149748,6.792545,602.41869,SunflowerSeed
44.0,26.0,52.0,25.421687,55.266956,7.687346,570.559796,SunflowerSeed
28.0,17.0,30.0,20.791469,54.744556,6.924324,444.108034,SunflowerSeed
43.0,21.0,44.0,27.787943,49.86782,6.965465,515.127882,SunflowerSeed
51.0,22.0,32.0,22.531986,39.391214,6.113671,620.203804,SunflowerSeed
37.0,19.0,33.0,25.252867,65.0,6.921826,578.132988,SunflowerSeed
60.0,30.0,47.0,28.260353,60.475154,7.334594,595.491569,SunflowerSeed
22.0,30.0,34.0,27.591895,54.336049,6.572911,580.633737,SunflowerSeed
44.0,18.0,34.0,25.096133,45.480777,6.699712,680.114459,SunflowerSeed
48.0,29.0,48.0,23.985003,49.318447,7.317084,568.883445,SunflowerSeed
46.0,34.0,52.0,27.653033,46.739477,6.409337,519.118176,SunflowerSeed
36.0,36.0,43.0,26.889146,57.583136,7.42312,476.739597,SunflowerSeed
35.0,40.0,32.0,23.268578,51.575017,6.787142,569.968757,SunflowerSeed
41.0,20.0,33.0,22.774298,45.295017,6.844573,354.743679,SunflowerSeed
45.0,40.0,38.0,19.197405,47.175469,6.550449,535.25688,SunflowerSeed
43.0,23.0,40.0,25.431289,56.727129,7.151219,533.532811,SunflowerSeed
47.0,21.0,29.0,24.768446,59.600587,7.983949,440.842332,SunflowerSeed
28.0,27.0,44.0,28.181336,59.169989,7.312599,475.738733,SunflowerSeed
35.0,22.0,38.0,26.005354,54.542192,6.654286,614.772602,SunflowerSeed
29.0,27.0,22.0,28.735842,48.484251,7.454248,568.45694,SunflowerSeed
34.0,17.0,29.0,23.04738,35.0,6.873328,558.143067,SunflowerSeed
47.0,24.0,33.0,28.186821,51.78296,7.549794,574.507803,SunflowerSeed
38.0,33.0,37.0,23.519034,49.989027,7.322671,557.410207,SunflowerSeed
60.0,25.0,55.0,27.177269,50.839893,6.0,649.429005,SunflowerSeed
39.0,26.0,40.0,20.915477,50.323384,6.598368,559.874335,SunflowerSeed
38.0,28.0,30.0,25.658379,42.042427,7.377754,433.342951,SunflowerSeed
38.0,32.0,39.0,19.442874,53.344451,7.060663,680.410397,SunflowerSeed
32.0,15.0,34.0,24.252015,53.793298,6.590498,579.627221,SunflowerSeed
37.0,29.0,40.0,26.232991,54.094033,6.746564,502.859702,SunflowerSeed
48.0,23.0,43.0,23.541288,55.679462,6.237505,449.727863,SunflowerSeed
39.0,26.0,48.0,22.058775,53.62431,6.964651,581.673138,SunflowerSeed
30.0,31.0,37.0,27.369132,47.539824,7.884276,540.62624,SunflowerSeed
29.0,18.0,52.0,24.710304,49.574979,7.321973,675.931743,SunflowerSeed
33.0,19.0,46.0,23.629202,50.546749,7.876167,522.327418,SunflowerSeed
38.0,13.0,31.0,25.117309,50.646197,7.352959,483.009537,SunflowerSeed
48.0,22.0,57.0,32.0,55.989306,7.410992,621.663697,SunflowerSeed
25.0,33.0,40.0,28.229808,53.862013,7.789631,624.022551,SunflowerSeed
35.0,24.0,30.0,28.255206,62.464061,7.150905,563.492109,SunflowerSeed
39.0,17.0,52.0,26.21953,63.238814,6.925109,604.108564,SunflowerSeed
21.0,22.0,56.0,25.466159,50.477897,7.413063,546.98503,SunflowerSeed
83.0,28.0,46.0,22.82086,79.430907,4.919691,2183.696517,Tea
94.0,17.0,42.0,17.589429,77.539245,5.005684,2257.619049,Tea
88.0,26.0,75.0,15.536318,86.781154,4.696079,2119.685579,Tea
78.0,18.0,54.0,20.531649,87.55656,4.99167,1533.800554,Tea
96.0,14.0,56.0,23.186347,86.24095,4.839803,1962.698616,Tea
52.0,18.0,61.0,20.592635,72.721246,4.750941,1722.630182,Tea
105.0,23.0,36.0,19.491515,79.145446,5.140868,1951.374614,Tea
60.0,16.0,68.0,19.981938,83.833743,4.550196,2235.201017,Tea
72.0,17.0,25.0,22.395618,86.728422,5.096842,2073.236201,Tea
80.0,21.0,42.0,16.901922,88.296921,5.127966,2275.541808,Tea
78.0,19.0,45.0,18.731567,84.80782,4.721293,2082.020941,Tea
92.0,21.0,56.0,17.913544,85.852389,4.736715,1688.401774,Tea
67.0,20.0,52.0,16.197123,84.475247,4.892013,1400.0,Tea
83.0,21.0,48.0,18.211899,87.839468,5.023329,2035.714103,Tea
73.0,17.0,50.0,21.658531,85.752048,4.910258,1948.657648,Tea
84.0,20.0,40.0,20.359845,84.368131,5.062726,1765.533023,Tea
79.0,16.0,35.0,20.546345,82.497135,5.408375,1591.84946,Tea
81.0,24.0,57.0,19.351541,84.455232,4.817994,1823.661629,Tea
73.0,17.0,57.0,20.255977,86.713712,4.504053,1953.322044,Tea
74.0,23.0,66.0,17.078583,85.497862,5.16474,2159.810678,Tea
83.0,18.0,42.0,18.257176,86.132628,5.387662,2045.27146,Tea
91.0,20.0,57.0,19.46081,91.519242,5.05212,2385.936139,Tea
73.0,17.0,47.0,19.666038,85.484918,4.667185,1751.455027,Tea
70.0,15.0,62.0,19.768451,80.365608,4.917788,2211.454134,Tea
87.0,13.0,60.0,18.667995,88.948198,4.659184,2011.351698,Tea
80.0,15.0,52.0,18.094184,76.349289,5.117142,2166.72059,Tea
90.0,18.0,47.0,25.0,77.944085,4.598664,1895.236433,Tea
69.0,20.0,60.0,21.176289,85.880745,4.871967,2257.20329,Tea
59.0,23.0,56.0,19.991554,86.891821,4.688872,2070.853942,Tea
74.0,17.0,43.0,18.4403,77.027713,4.982974,1836.933204,Tea
71.0,16.0,37.0,17.917075,81.856222,4.854751,1997.114233,Tea
79.0,14.0,47.0,18.686079,80.605931,4.995958,1942.506594,Tea
72.0,21.0,65.0,19.702789,81.274613,4.955811,2117.402804,Tea
89.0,24.0,61.0,14.486955,89.284148,4.693469,1716.85358,Tea
77.0,24.0,39.0,15.233465,87.956431,5.112988,1992.955591,Tea
82.0,22.0,38.0,17.471482,83.892916,4.937321,2094.873741,Tea
82.0,21.0,63.0,19.497135,80.942613,4.692982,2007.925594,Tea
82.0,25.0,39.0,18.425744,76.441962,5.532641,2323.265899,Tea
80.0,20.0,55.0,22.547491,91.953036,5.073872,2185.765466,Tea
86.0,21.0,44.0,15.442248,87.315838,4.910152,1998.204609,Tea
70.0,18.0,66.0,17.196771,80.042653,5.317953,2052.005383,Tea
97.0,14.0,42.0,22.64822,88.029757,5.428872,2070.959732,Tea
77.0,17.0,61.0,19.314686,83.606748,4.912209,2096.791905,Tea
64.0,19.0,52.0,21.123622,82.392187,5.040323,1561.842081,Tea
82.0,19.0,53.0,23.922993,86.437185,4.693119,1927.633689,Tea
70.0,26.0,30.0,17.334869,79.84761,4.91173,1643.734624,Tea
88.0,19.0,28.0,18.761646,82.074963,4.898244,2306.787427,Tea
107.0,23.0,48.0,18.346175,84.680182,4.998055,1985.396115,Tea
71.0,17.0,52.0,14.308977,81.203073,5.036518,1953.598172,Tea
84.0,18.0,39.0,18.255048,87.746877,5.095555,2215.23136,Tea
59.0,14.0,39.0,21.114549,94.466772,5.011787,2101.357951,Tea
85.0,16.0,56.0,20.297415,79.77593,4.635207,1729.127717,Tea
69.0,21.0,56.0,20.4858,74.675298,4.705999,1982.982713,Tea
73.0,19.0,49.0,18.098778,72.790255,4.807934,1919.559926,Tea
67.0,22.0,58.0,17.425367,83.157378,4.876617,1581.312107,Tea
89.0,20.0,38.0,22.046214,80.286278,5.223201,1834.333704,Tea
92.0,18.0,46.0,17.806439,85.164019,4.647636,1955.950323,Tea
80.0,27.0,66.0,19.705797,84.742547,4.857072,1972.411776,Tea
70.0,19.0,51.0,19.392003,75.021986,5.197782,1644.264458,Tea
99.0,23.0,51.0,22.508121,73.836651,4.872032,2276.39974,Tea
71.0,18.0,73.0,21.33139,85.657226,5.069708,1975.495266,Tea
54.0,22.0,36.0,15.891379,84.758401,4.913719,2009.012738,Tea
86.0,22.0,58.0,16.149872,81.615419,5.016764,2096.153993,Tea
67.0,20.0,67.0,20.389384,74.719996,4.890597,1810.861699,Tea
92.0,11.0,47.0,18.84559,86.639791,5.123437,2109.525434,Tea
75.0,19.0,59.0,17.907588,91.122637,4.548285,1911.902085,Tea
87.0,23.0,40.0,21.437507,85.556702,4.855539,1784.81947,Tea
97.0,21.0,43.0,19.449903,79.254146,5.027109,2137.627398,Tea
65.0,21.0,54.0,19.125898,84.249492,5.088761,2358.001726,Tea
73.0,13.0,58.0,20.871589,76.349761,5.338168,2173.95905,Tea
79.0,16.0,61.0,18.099738,89.92458,4.848334,2221.514616,Tea
98.0,20.0,66.0,22.764446,84.458328,5.334665,1875.048654,Tea
72.0,20.0,49.0,17.108686,74.098321,4.778654,1616.571265,Tea
73.0,23.0,62.0,20.57663,82.316224,5.295448,2357.633005,Tea
86.0,18.0,47.0,22.441199,86.594488,5.162541,2493.083573,Tea
73.0,20.0,59.0,15.694491,82.134933,4.712501,2370.273626,Tea
82.0,19.0,52.0,18.175996,82.454984,5.02983,1919.411375,Tea
61.0,15.0,54.0,21.741298,77.143348,4.936679,1722.887759,Tea
107.0,11.0,54.0,21.777387,87.17263,5.112652,1744.236153,Tea
64.0,21.0,34.0,18.588411,80.368572,4.891949,1595.904184,Tea
76.0,20.0,39.0,17.236789,71.923906,4.870116,1974.229132,Tea
80.0,17.0,51.0,21.294246,81.920959,5.305965,2385.36271,Tea
103.0,13.0,33.0,21.840518,89.494438,4.924333,1966.000968,Tea
64.0,21.0,58.0,16.204808,81.833195,5.16487,2072.557496,Tea
104.0,18.0,59.0,16.110607,93.732716,4.891409,2330.143271,Tea
89.0,21.0,53.0,19.540616,86.402221,5.383332,1903.017125,Tea
85.0,26.0,39.0,20.510466,85.897046,4.773633,2488.52755,Tea
68.0,11.0,64.0,18.282234,83.28097,4.790323,2478.102658,Tea
87.0,16.0,70.0,20.630305,83.617597,5.346374,1968.533279,Tea
71.0,18.0,51.0,17.295672,82.524828,4.834314,1861.391777,Tea
95.0,24.0,55.0,13.924735,82.307291,5.366279,2167.337131,Tea
68.0,13.0,52.0,17.982637,86.972856,5.181879,1916.594014,Tea
79.0,26.0,55.0,19.151757,78.759345,4.909791,1722.426748,Tea
73.0,19.0,49.0,18.337984,77.974995,4.478544,2307.497277,Tea
68.0,19.0,50.0,16.219352,77.710108,4.944977,2291.947373,Tea
89.0,18.0,59.0,14.642442,95.455665,4.976424,2037.322785,Tea
86.0,17.0,73.0,17.766187,86.96992,5.253477,1696.912459,Tea
95.0,23.0,36.0,21.154374,85.705156,5.362996,1704.9137,Tea
59.0,15.0,49.0,22.014874,78.077918,4.771903,2025.735029,Tea
93.0,20.0,38.0,21.850512,87.490717,5.158307,1880.030952,Tea
61.0,40.0,54.0,24.430473,61.161172,5.07865,725.400466,Tobacco
77.0,29.0,58.0,22.213298,69.113516,5.979866,794.670361,Tobacco
74.0,29.0,55.0,19.825624,63.37787,5.699458,808.705753,Tobacco
82.0,30.0,32.0,22.585368,57.376246,5.551298,750.654866,Tobacco
53.0,25.0,60.0,24.247052,71.740201,5.872861,804.242397,Tobacco
61.0,22.0,59.0,26.610834,67.453554,6.046406,669.103611,Tobacco
74.0,37.0,58.0,20.604084,61.894895,5.0,905.790543,Tobacco
70.0,22.0,54.0,22.146857,66.135856,5.762909,849.26281,Tobacco
83.0,33.0,52.0,22.221193,60.481483,5.279071,615.507221,Tobacco
70.0,36.0,60.0,25.711611,66.645745,5.779769,642.489695,Tobacco
87.0,24.0,69.0,22.930117,50.544607,5.683261,645.307825,Tobacco
71.0,27.0,40.0,21.185347,57.400993,5.815289,817.796997,Tobacco
78.0,38.0,61.0,24.117391,67.396299,5.520196,621.527223,Tobacco
61.0,34.0,49.0,22.190723,61.251722,5.162958,716.897567,Tobacco
65.0,28.0,49.0,20.551225,63.537711,5.532904,795.47044,Tobacco
76.0,38.0,35.0,21.214453,55.766072,5.75578,743.383407,Tobacco
84.0,38.0,47.0,26.468084,71.739335,5.914002,775.888752,Tobacco
74.0,33.0,40.0,23.768418,68.452648,5.345324,643.419729,Tobacco
64.0,27.0,45.0,23.21552,61.496574,5.917036,809.485437,Tobacco
82.0,29.0,39.0,22.500213,60.476521,5.481553,688.678811,Tobacco
39.0,33.0,46.0,23.584298,67.648022,5.744237,717.538033,Tobacco
48.0,30.0,46.0,23.560472,72.412352,5.517428,773.773173,Tobacco
73.0,37.0,51.0,23.584338,67.268801,5.697364,760.307822,Tobacco
65.0,23.0,34.0,23.22969,73.359013,5.881888,752.398002,Tobacco
72.0,23.0,36.0,24.737597,57.888243,5.330976,674.937318,Tobacco
66.0,32.0,54.0,23.046209,58.403066,5.473224,720.045059,Tobacco
72.0,29.0,42.0,21.044122,56.555294,5.69809,750.218359,Tobacco
55.0,28.0,61.0,21.775154,64.708803,6.274412,612.491477,Tobacco
72.0,22.0,52.0,19.041963,63.378018,5.425571,703.746703,Tobacco
77.0,32.0,56.0,27.053634,61.740244,6.180435,788.767988,Tobacco
80.0,31.0,64.0,24.725509,66.546293,6.17115,622.25634,Tobacco
89.0,35.0,47.0,21.339859,68.661643,5.624699,865.658165,Tobacco
68.0,32.0,44.0,22.43631,54.871688,5.57248,876.961326,Tobacco
68.0,31.0,59.0,21.726247,59.51514,5.470063,625.484942,Tobacco
47.0,38.0,55.0,26.085094,66.600718,5.632267,885.761963,Tobacco
59.0,24.0,48.0,20.160246,60.161307,5.284253,735.641841,Tobacco
63.0,34.0,64.0,23.228952,58.50897,5.630178,791.851456,Tobacco
78.0,22.0,48.0,22.782944,67.592687,6.039189,700.334895,Tobacco
58.0,27.0,50.0,24.653677,56.0525,5.491118,842.304483,Tobacco
75.0,25.0,50.0,22.791982,60.992101,5.587412,790.609402,Tobacco
65.0,36.0,41.0,19.483582,64.14322,5.207703,668.584674,Tobacco
63.0,31.0,51.0,22.497764,59.6309,5.747256,633.4798,Tobacco
68.0,31.0,64.0,21.055676,66.415778,5.718765,603.969756,Tobacco
60.0,26.0,54.0,23.159159,59.655615,5.666563,768.794178,Tobacco
60.0,30.0,50.0,25.868354,69.543097,5.593625,807.247141,Tobacco
45.0,27.0,48.0,19.52115,61.871269,5.573883,815.096568,Tobacco
62.0,34.0,53.0,21.399555,65.856351,5.780494,738.201891,Tobacco
59.0,26.0,57.0,21.894614,66.23012,5.642508,634.300354,Tobacco
59.0,39.0,56.0,22.236738,59.3623,5.731893,681.79252,Tobacco
70.0,22.0,47.0,24.480251,52.232567,5.705896,865.234864,Tobacco
73.0,27.0,53.0,22.652911,64.303779,5.942091,701.537144,Tobacco
68.0,41.0,55.0,23.831605,62.861442,5.826018,764.341763,Tobacco
77.0,29.0,40.0,21.748454,65.27913,5.700144,642.434952,Tobacco
72.0,24.0,52.0,23.459849,61.367363,6.04479,783.658305,Tobacco
61.0,33.0,28.0,24.555595,60.347862,5.75927,704.231544,Tobacco
59.0,29.0,55.0,21.535401,72.542365,5.98929,854.671271,Tobacco
69.0,27.0,57.0,24.562716,55.13823,5.807805,827.355771,Tobacco
72.0,26.0,57.0,23.104746,66.169752,5.171101,700.429405,Tobacco
82.0,45.0,46.0,25.09092,59.626991,5.989257,737.333597,Tobacco
79.0,30.0,53.0,22.59716,60.821107,5.685146,694.888376,Tobacco
59.0,21.0,64.0,23.762489,60.914486,5.636492,608.05668,Tobacco
64.0,40.0,64.0,22.918788,58.482829,5.723151,664.255757,Tobacco
73.0,35.0,50.0,22.807575,65.356121,5.560304,769.821733,Tobacco
78.0,27.0,51.0,23.517861,69.453218,5.709028,782.52595,Tobacco
76.0,26.0,61.0,24.073615,64.850068,5.496112,764.85479,Tobacco
64.0,35.0,35.0,20.50087,63.01691,5.981311,719.826695,Tobacco
50.0,30.0,47.0,25.867267,57.567798,5.620467,843.306661,Tobacco
53.0,21.0,63.0,19.280674,65.084126,5.550528,756.35419,Tobacco
68.0,41.0,60.0,21.630376,73.281748,5.409519,820.325383,Tobacco
69.0,29.0,54.0,22.811462,60.596527,5.719882,572.622487,Tobacco
52.0,40.0,35.0,23.824712,60.620082,5.698648,500.0,Tobacco
66.0,38.0,50.0,26.152345,59.694554,5.75099,778.378803,Tobacco
73.0,26.0,44.0,19.283417,60.052929,5.382915,607.523435,Tobacco
51.0,37.0,53.0,21.984612,50.0,5.233693,728.75483,Tobacco
78.0,28.0,42.0,18.746333,64.525177,5.812654,719.790296,Tobacco
60.0,21.0,40.0,23.063244,58.272239,6.036007,908.74006,Tobacco
80.0,29.0,29.0,23.543367,54.448684,5.383148,789.999655,Tobacco
59.0,34.0,62.0,26.181591,66.26595,6.063255,766.585903,Tobacco
53.0,29.0,46.0,23.24127,57.089911,5.723817,833.699115,Tobacco
60.0,30.0,52.0,25.08805,60.806655,5.648164,786.849759,Tobacco
64.0,38.0,50.0,24.167674,69.832212,5.546637,704.232301,Tobacco
60.0,32.0,39.0,22.129504,55.453921,5.290025,857.147593,Tobacco
62.0,27.0,37.0,20.182079,54.837009,5.906809,639.024987,Tobacco
69.0,35.0,40.0,23.550005,63.846531,5.448342,782.324719,Tobacco
63.0,33.0,43.0,20.015796,68.247437,5.44725,595.243021,Tobacco
64.0,18.0,54.0,25.590414,54.628291,5.907901,770.394386,Tobacco
44.0,34.0,42.0,22.675876,64.538449,5.160424,769.298964,Tobacco
70.0,34.0,67.0,25.390355,65.404998,5.253865,917.645496,Tobacco
64.0,32.0,60.0,22.039571,52.204198,5.645285,593.502611,Tobacco
84.0,36.0,58.0,23.537702,66.492507,5.726254,689.911282,Tobacco
54.0,28.0,49.0,23.418698,66.883029,5.776031,832.268243,Tobacco
43.0,33.0,65.0,22.909912,60.941072,5.571532,783.531726,Tobacco
72.0,23.0,48.0,22.134681,68.761732,6.3,768.030505,Tobacco
69.0,34.0,50.0,23.784912,68.182278,5.590748,654.38643,Tobacco
53.0,42.0,52.0,21.147673,63.01559,5.589996,690.918165,Tobacco
47.0,26.0,57.0,20.581129,60.242773,5.442783,874.504101,Tobacco
83.0,27.0,56.0,25.485654,57.635861,5.682216,744.849081,Tobacco
82.0,28.0,45.0,24.454336,62.312182,5.80989,787.53597,Tobacco
35.0,32.0,45.0,23.131783,65.348795,5.96293,738.481167,Tobacco
60.0,26.0,56.0,26.330285,60.879116,5.262786,631.691448,Tobacco
107.0,37.0,69.0,30.811295,86.51701,6.610397,1933.541162,Cocoa
100.0,33.0,74.0,28.401477,86.113377,5.687243,1929.567018,Cocoa
127.0,25.0,70.0,23.794799,87.543479,6.60404,2261.575828,Cocoa
77.0,31.0,79.0,26.652921,85.286887,5.691131,1953.72747,Cocoa
105.0,37.0,93.0,26.283568,84.996836,6.076396,1840.388599,Cocoa
73.0,25.0,67.0,26.907472,91.222461,5.592372,2221.714598,Cocoa
95.0,35.0,91.0,29.125821,92.883804,6.004702,1981.40546,Cocoa
107.0,44.0,67.0,27.78511,77.160725,6.123573,1754.994103,Cocoa
61.0,37.0,66.0,27.846269,85.05211,5.950499,2250.299366,Cocoa
89.0,39.0,88.0,30.626946,81.418789,6.228441,2000.352059,Cocoa
84.0,33.0,89.0,26.607078,83.382948,6.031685,1950.760751,Cocoa
82.0,37.0,89.0,31.728399,87.093084,5.832827,1996.256182,Cocoa
98.0,28.0,60.0,26.657385,88.48108,5.81862,1671.626223,Cocoa
109.0,36.0,71.0,28.178396,84.416942,6.259492,1812.810018,Cocoa
91.0,35.0,88.0,27.437593,75.05063,5.790803,1950.931476,Cocoa
96.0,33.0,78.0,28.246838,79.981763,6.292929,1899.387439,Cocoa
94.0,39.0,64.0,28.889184,89.661798,6.391268,2280.83138,Cocoa
93.0,29.0,83.0,28.86767,72.0,5.466012,2006.525522,Cocoa
76.0,30.0,68.0,26.493765,91.174621,6.362536,2172.27502,Cocoa
109.0,32.0,101.0,25.754171,87.710396,6.659335,1952.442792,Cocoa
97.0,26.0,98.0,33.0,91.844116,6.080641,2224.635006,Cocoa
98.0,33.0,85.0,27.032031,83.96744,6.191707,2053.357217,Cocoa
80.0,22.0,95.0,29.398425,74.280692,6.331842,1953.489326,Cocoa
86.0,37.0,78.0,24.784717,87.237886,5.911846,1946.546397,Cocoa
90.0,32.0,87.0,27.440775,91.628196,6.05833,1701.845957,Cocoa
69.0,29.0,97.0,27.745601,89.808553,5.579456,2081.798087,Cocoa
67.0,27.0,81.0,28.94563,81.554004,6.044363,1939.546769,Cocoa
83.0,30.0,74.0,23.0,85.451158,6.159396,1819.48209,Cocoa
100.0,35.0,55.0,28.332281,82.229251,6.165172,2237.68006,Cocoa
83.0,34.0,76.0,25.700517,80.739814,6.340936,1624.943833,Cocoa
77.0,28.0,88.0,28.648691,89.968021,5.752063,1840.151067,Cocoa
80.0,27.0,90.0,25.927342,78.772832,5.829566,2217.206875,Cocoa
86.0,35.0,84.0,26.289035,80.352155,6.606562,2032.035965,Cocoa
87.0,28.0,70.0,27.452745,79.259067,5.951895,1937.556679,Cocoa
125.0,32.0,52.0,25.895341,77.250713,6.064011,2015.260921,Cocoa
108.0,32.0,71.0,27.048931,85.761354,5.978557,1996.647684,Cocoa
108.0,33.0,74.0,25.613248,91.039816,5.737062,1555.667738,Cocoa
110.0,36.0,73.0,24.333659,84.038641,6.519529,1859.19191,Cocoa
78.0,25.0,86.0,30.035914,77.170111,5.831136,2370.29563,Cocoa
74.0,21.0,103.0,25.407903,89.367712,5.639269,1778.575725,Cocoa
76.0,28.0,79.0,27.642638,93.765649,5.855763,1867.241736,Cocoa
113.0,41.0,75.0,29.505782,81.63954,5.359454,1809.178602,Cocoa
84.0,42.0,74.0,26.770112,82.511518,5.791588,1927.376042,Cocoa
74.0,41.0,79.0,26.349668,87.681435,5.690199,1798.388064,Cocoa
86.0,30.0,67.0,28.452476,93.433743,6.197577,2076.552791,Cocoa
89.0,22.0,79.0,30.235868,82.296862,5.784507,2001.301487,Cocoa
97.0,19.0,83.0,25.661369,78.071261,6.284097,2151.12238,Cocoa
96.0,28.0,80.0,27.699704,88.283377,6.447515,1676.755297,Cocoa
80.0,30.0,83.0,24.535011,89.155154,6.249976,1861.511474,Cocoa
103.0,39.0,83.0,27.213598,85.031884,5.931076,1891.312116,Cocoa
83.0,36.0,54.0,28.068409,82.097707,6.045157,2068.468197,Cocoa
90.0,33.0,86.0,26.290751,90.170769,5.512005,1743.762489,Cocoa
103.0,27.0,69.0,27.086016,87.745787,5.957191,2188.069989,Cocoa
83.0,26.0,63.0,25.183546,81.004135,5.72466,2258.468054,Cocoa
84.0,33.0,63.0,28.154157,85.255293,6.222184,1692.89319,Cocoa
101.0,35.0,83.0,30.111388,77.971121,6.8,1822.373047,Cocoa
80.0,34.0,75.0,25.805712,88.56663,6.159943,1811.697808,Cocoa
87.0,26.0,56.0,26.754656,83.636385,5.362835,2600.0,Cocoa
101.0,35.0,84.0,29.005092,82.734304,5.884406,1838.225973,Cocoa
123.0,34.0,59.0,30.424181,84.829053,6.039197,2386.182615,Cocoa
102.0,26.0,79.0,25.01362,85.2096,6.027954,1620.675681,Cocoa
100.0,27.0,81.0,27.662431,89.653636,5.76614,1692.690749,Cocoa
100.0,35.0,89.0,28.566262,88.073671,6.078493,1771.482822,Cocoa
76.0,30.0,101.0,27.795887,84.186672,5.6024,1730.120779,Cocoa
94.0,40.0,60.0,23.046416,88.971074,5.697629,1880.346329,Cocoa
92.0,34.0,77.0,29.00218,87.083834,6.206655,1765.717667,Cocoa
97.0,29.0,74.0,31.038673,82.781682,5.674988,1736.971186,Cocoa
94.0,31.0,83.0,28.233324,84.351466,6.172228,2251.202719,Cocoa
98.0,32.0,80.0,25.937788,84.229241,5.561772,2268.186342,Cocoa
88.0,28.0,73.0,26.973746,87.627359,6.564744,2196.81709,Cocoa
93.0,27.0,72.0,31.539826,83.091482,5.752234,2086.239728,Cocoa
74.0,35.0,63.0,29.819925,82.969872,5.928427,1974.113197,Cocoa
88.0,36.0,90.0,29.280053,95.237538,6.105796,1820.77202,Cocoa
113.0,35.0,83.0,28.712825,89.886625,5.819088,1702.179049,Cocoa
97.0,40.0,89.0,26.677726,81.044877,6.04589,2044.378883,Cocoa
92.0,29.0,73.0,27.598858,87.968893,6.184114,1644.856098,Cocoa
121.0,41.0,69.0,27.844155,85.61542,6.307396,1691.580558,Cocoa
72.0,27.0,63.0,29.099149,87.036066,6.253279,2249.757447,Cocoa
76.0,26.0,82.0,31.017838,85.714175,5.945021,2444.168751,Cocoa
118.0,22.0,64.0,30.236676,91.186142,5.953078,2052.256736,Cocoa
93.0,29.0,102.0,25.161231,86.797226,6.751715,2237.67886,Cocoa
89.0,29.0,61.0,28.44799,84.677139,6.303965,1886.079437,Cocoa
75.0,34.0,81.0,29.473527,90.419391,5.705016,1602.204712,Cocoa
99.0,33.0,98.0,29.237721,86.213082,6.031996,2109.164621,Cocoa
101.0,25.0,85.0,26.741532,85.631689,5.892754,2098.015224,Cocoa
76.0,29.0,80.0,33.0,86.632918,5.956693,1968.633824,Cocoa
90.0,29.0,65.0,25.445831,84.513233,5.606562,1886.982381,Cocoa
87.0,22.0,60.0,25.833623,85.04798,5.868185,2200.17475,Cocoa
96.0,26.0,88.0,28.46719,81.949188,6.579698,1693.709411,Cocoa
76.0,27.0,97.0,32.233606,81.09393,6.185304,1748.817049,Cocoa
111.0,39.0,72.0,26.32761,79.807434,5.202828,1687.892308,Cocoa
106.0,33.0,63.0,27.468343,77.761687,6.389352,1972.09297,Cocoa
87.0,35.0,46.0,30.154587,80.42547,6.348681,1667.147817,Cocoa
89.0,23.0,65.0,27.964276,84.093811,5.885029,1772.097033,Cocoa
90.0,38.0,76.0,27.330792,85.536211,6.229524,1766.503554,Cocoa
81.0,39.0,98.0,29.131266,83.589258,5.724992,1882.241834,Cocoa
86.0,21.0,86.0,28.545036,72.750342,5.849518,1563.282644,Cocoa
88.0,28.0,81.0,30.060878,93.187849,6.479535,1972.673298,Cocoa
117.0,34.0,72.0,30.582938,90.649697,5.913046,2274.298949,Cocoa
107.0,35.0,70.0,28.614006,87.317951,5.401686,1985.227757,Cocoa
79.0,38.0,47.0,23.477946,84.293947,6.037928,2174.173558,Vanilla
77.0,28.0,58.0,25.422579,85.865825,6.327913,1901.733122,Vanilla
71.0,27.0,49.0,25.022158,81.942344,6.449936,1906.834646,Vanilla
63.0,25.0,64.0,24.579021,90.194802,6.385933,2147.343424,Vanilla
63.0,32.0,58.0,26.17496,87.669946,6.445206,2235.709931,Vanilla
71.0,21.0,46.0,23.310486,81.17917,6.21186,1725.026869,Vanilla
58.0,34.0,53.0,23.464664,84.66068,6.166009,2204.404127,Vanilla
42.0,31.0,44.0,24.478579,89.346406,6.117358,1991.3597,Vanilla
68.0,38.0,51.0,23.347736,85.827912,6.239939,2061.438783,Vanilla
50.0,28.0,48.0,25.414422,85.212234,6.235854,1832.096415,Vanilla
52.0,30.0,63.0,23.216254,87.701629,6.287202,1929.676552,Vanilla
63.0,38.0,72.0,24.907348,89.37439,6.226726,2293.225065,Vanilla
61.0,39.0,40.0,24.319689,82.25459,6.225947,2106.572675,Vanilla
47.0,28.0,35.0,24.886867,90.200514,6.110195,2023.44432,Vanilla
64.0,32.0,50.0,23.672465,84.798827,6.419491,2076.702329,Vanilla
73.0,33.0,39.0,23.889641,87.928288,6.263773,2197.842365,Vanilla
50.0,34.0,53.0,24.672817,87.858319,6.2186,2188.098899,Vanilla
76.0,30.0,59.0,24.863734,85.891736,6.115463,2084.9946,Vanilla
45.0,38.0,66.0,24.492437,83.905361,6.010256,2318.591822,Vanilla
86.0,21.0,54.0,27.569652,86.857254,6.485434,2294.092527,Vanilla
58.0,29.0,51.0,22.716674,94.501321,6.349835,2182.674406,Vanilla
64.0,34.0,35.0,24.384433,82.5533,5.957695,2110.922357,Vanilla
42.0,34.0,53.0,21.667468,94.769252,6.387366,2231.464219,Vanilla
62.0,39.0,53.0,25.169747,86.961115,6.416047,2162.853484,Vanilla
65.0,38.0,58.0,22.492556,88.141486,6.272388,2312.160014,Vanilla
62.0,30.0,46.0,23.999042,83.653157,6.53766,2279.912275,Vanilla
56.0,39.0,49.0,23.830284,84.914922,6.28901,1896.34922,Vanilla
52.0,28.0,39.0,25.005604,85.988361,5.994972,1882.807366,Vanilla
75.0,37.0,32.0,23.504976,83.81722,6.31573,1959.750091,Vanilla
63.0,41.0,43.0,23.42845,87.164328,6.294082,2295.227738,Vanilla
79.0,38.0,38.0,27.084542,86.371936,6.141407,1784.738201,Vanilla
57.0,32.0,56.0,25.01222,95.403125,6.353241,2178.951478,Vanilla
58.0,30.0,48.0,23.490108,83.336103,5.94982,2172.508618,Vanilla
71.0,23.0,48.0,24.048499,88.410762,6.428302,2332.529612,Vanilla
45.0,33.0,44.0,27.461639,88.991385,6.091938,2136.067738,Vanilla
49.0,25.0,30.0,24.076703,83.718718,6.07271,1831.358122,Vanilla
75.0,27.0,66.0,23.259302,90.74731,6.229512,1908.129008,Vanilla
50.0,25.0,43.0,23.267007,86.406692,6.327935,1863.600896,Vanilla
42.0,29.0,49.0,23.511572,78.030441,6.279506,1992.411207,Vanilla
83.0,31.0,39.0,23.429904,90.639398,6.116321,2063.419687,Vanilla
47.0,33.0,61.0,22.196634,83.532236,6.158904,1866.911695,Vanilla
65.0,28.0,54.0,22.47644,83.8089,6.046052,2394.132398,Vanilla
63.0,37.0,45.0,23.007223,90.751608,6.209558,1834.943726,Vanilla
35.0,30.0,49.0,25.564828,86.611354,6.443504,2369.220685,Vanilla
60.0,27.0,68.0,23.813773,91.671089,6.249233,2337.032606,Vanilla
67.0,33.0,52.0,24.127109,92.840664,6.404695,2279.66051,Vanilla
66.0,42.0,51.0,26.786158,85.420286,6.511972,1961.246679,Vanilla
72.0,33.0,44.0,26.831013,91.17305,6.144157,2168.490176,Vanilla
58.0,30.0,35.0,23.992175,84.978157,6.216417,1844.525773,Vanilla
70.0,23.0,51.0,23.364446,96.932464,6.640815,2282.181407,Vanilla
55.0,30.0,55.0,22.944025,85.228172,6.509982,2085.203044,Vanilla
47.0,33.0,62.0,25.746996,92.10435,5.948967,2018.135957,Vanilla
48.0,29.0,32.0,24.131527,91.37516,6.319687,1855.251031,Vanilla
46.0,23.0,42.0,23.804309,89.264351,6.250101,1604.498776,Vanilla
74.0,27.0,47.0,23.035404,85.317827,6.398762,1892.291829,Vanilla
46.0,39.0,52.0,23.1146,87.39441,6.115904,2322.559639,Vanilla
66.0,39.0,51.0,25.076105,79.385648,6.09887,2019.433314,Vanilla
60.0,27.0,51.0,22.132211,88.89768,6.128307,2066.134229,Vanilla
61.0,35.0,56.0,26.290764,89.398461,6.147053,2231.110872,Vanilla
77.0,25.0,44.0,23.53908,88.533998,6.396758,2461.133776,Vanilla
58.0,39.0,61.0,24.230655,78.0,6.037384,2365.000931,Vanilla
69.0,33.0,56.0,22.09344,82.937454,6.137929,1905.532999,Vanilla
63.0,37.0,50.0,24.477741,85.007636,5.927978,1711.485886,Vanilla
61.0,22.0,67.0,23.909022,89.166636,6.431281,2571.922852,Vanilla
88.0,35.0,67.0,24.409855,89.157356,6.478785,2553.798322,Vanilla
47.0,31.0,61.0,27.149076,87.319105,6.191127,2137.690719,Vanilla
77.0,36.0,30.0,24.819856,90.540982,6.196369,1845.902351,Vanilla
70.0,36.0,67.0,23.069613,83.89503,6.33158,2292.645307,Vanilla
57.0,32.0,60.0,23.219624,90.44094,6.515407,2078.403263,Vanilla
80.0,28.0,71.0,25.571236,89.898968,6.32355,2077.403775,Vanilla
42.0,36.0,64.0,26.837648,89.510219,6.124442,2278.891769,Vanilla
57.0,31.0,67.0,25.007452,87.271838,5.958612,2166.874949,Vanilla
49.0,27.0,60.0,25.739683,95.322975,6.049277,1862.837018,Vanilla
67.0,27.0,65.0,25.597528,89.972783,6.26318,2035.051613,Vanilla
50.0,24.0,70.0,27.054316,84.126657,6.132041,2232.230586,Vanilla
67.0,29.0,54.0,20.990738,88.993222,6.285094,2202.050444,Vanilla
60.0,37.0,38.0,25.700994,91.009934,6.150474,2152.403315,Vanilla
57.0,32.0,50.0,26.270725,85.647566,6.059534,2286.684591,Vanilla
67.0,29.0,56.0,22.090297,92.357089,6.038134,2027.656602,Vanilla
60.0,36.0,53.0,22.905797,89.528135,6.531224,2135.733955,Vanilla
51.0,27.0,41.0,22.968591,78.630087,6.410018,1600.0,Vanilla
90.0,32.0,38.0,23.188178,89.198688,6.561493,2010.069961,Vanilla
57.0,31.0,46.0,23.632909,86.375883,6.347191,2252.780582,Vanilla
38.0,36.0,60.0,24.936685,90.148719,6.172602,2021.921107,Vanilla
53.0,23.0,67.0,26.058214,91.776859,6.488201,2006.754522,Vanilla
49.0,27.0,61.0,26.446371,88.780648,6.244048,1891.70941,Vanilla
72.0,23.0,62.0,22.991918,94.661009,6.289752,2300.673179,Vanilla
66.0,30.0,52.0,22.979535,87.285172,6.242292,2209.692655,Vanilla
67.0,38.0,37.0,26.868479,90.499271,5.8,2265.08292,Vanilla
58.0,29.0,48.0,25.664139,91.21977,6.538852,1754.757208,Vanilla
59.0,29.0,50.0,24.649157,87.610616,6.338381,2067.909991,Vanilla
58.0,36.0,48.0,25.352006,91.115097,6.309368,2043.977798,Vanilla
62.0,37.0,53.0,24.446353,85.621308,6.23888,2043.885659,Vanilla
72.0,31.0,56.0,25.444252,86.309726,6.279417,1976.794491,Vanilla
66.0,35.0,60.0,23.89508,82.750045,6.14249,2030.779146,Vanilla
68.0,26.0,50.0,24.983849,88.965636,6.360984,2269.928957,Vanilla
68.0,39.0,35.0,21.781017,89.301007,6.014722,1717.429729,Vanilla
72.0,43.0,48.0,23.261988,92.717053,6.283492,2455.458954,Vanilla
66.0,34.0,53.0,23.28138,91.16456,6.351083,2196.768225,Vanilla
66.0,20.0,64.0,23.826098,86.860818,6.21424,2091.533621,Vanilla
