Nitrogen,Phosphorus,Potassium,Temperature,Humidity,pH_Value,Rainfall,Crop
86.0,76.0,54.0,29.3159075,80.11585705,5.926824754,90.10978128,Banana
35.0,52.0,15.0,28.69841277,61.14754363,9.93509073,65.67591794,MothBeans
20.0,77.0,23.0,34.87248659,38.83786012,5.180271502,148.2502786,PigeonPeas
116.0,54.0,83.0,30.179315,74.115959,7.025982,1670.331846,Sugarcane
82.0,30.0,118.0,29.296613,75.561141,6.211809,2190.034767,Sugarcane
21.0,139.0,201.0,19.3642553,83.36094029,5.980598579,67.15094741,Grapes
30.0,35.0,41.0,30.109284,73.748095,6.335004,988.453205,Groundnut
3.0,141.0,197.0,21.98141856,91.12719303,6.142803397,115.4789148,Apple
36.0,16.0,27.0,26.362227,70.188458,5.334277,989.558754,Cassava
23.0,62.0,19.0,16.51783455,20.4555596,5.609435128,98.77794225,KidneyBeans
14.0,76.0,20.0,29.05941162,62.10652364,7.042474679,36.5011366,Lentil
70.0,38.0,35.0,24.39736241,79.26861738,7.014063944,164.2697011,Jute
10.0,55.0,23.0,21.18853178,19.63438599,5.728233081,137.1948633,KidneyBeans
26.0,16.0,38.0,28.55461,62.260594,5.302156,1073.259813,Cassava
58.0,67.0,45.0,38.72382798,91.72514851,6.702424548,62.62377075,Papaya
11.0,74.0,17.0,21.36383757,69.92375891,6.633864582,46.6352865,Lentil
8.0,37.0,33.0,28.07802689,54.9640534,6.128167757,97.45373619,Mango
131.0,60.0,17.0,25.32023717,81.79475917,7.425041316,83.46532547,Cotton
18.0,14.0,25.0,28.951766,32.525696,5.733738,483.791229,Millet
36.0,24.0,41.0,24.94467632,94.25702672,7.009180374,103.8799347,Pomegranate
51.0,32.0,65.0,22.856797,70.632253,6.039888,855.196657,SweetPotato
60.0,21.0,40.0,23.063244,58.272239,6.036007,908.74006,Tobacco
63.0,43.0,17.0,19.28889933,65.47050802,6.807487794,71.3195307,Maize
70.0,23.0,51.0,23.364446,96.932464,6.640815,2282.181407,Vanilla
61.0,35.0,56.0,26.290764,89.398461,6.147053,2231.110872,Vanilla
9.0,16.0,36.0,23.77989026,92.93386903,5.893332378,106.977723,Pomegranate
48.0,35.0,32.0,25.118429,74.626607,6.503869,773.925201,Soyabean
40.0,38.0,38.0,25.064872,67.224462,6.503876,927.94417,Soyabean
9.0,48.0,20.0,29.66461594,84.28187572,6.377568542,56.09542002,MungBean
28.0,29.0,46.0,27.226302,62.249296,6.554917,789.264557,Groundnut
78.0,22.0,48.0,22.782944,67.592687,6.039189,700.334895,Tobacco
69.0,66.0,49.0,40.00439101,90.17015833,6.52711001,92.11877372,Papaya
24.0,130.0,195.0,29.99677232,81.54156612,6.112305667,67.12534492,Grapes
40.0,28.0,41.0,24.193424,44.219622,7.249178,477.787651,SunflowerSeed
176.0,33.0,204.0,22.984029,67.256043,6.246545,1854.621539,Plantain
26.0,17.0,17.0,31.782438,40.514123,5.802465,318.697897,Millet
84.0,36.0,58.0,23.537702,66.492507,5.726254,689.911282,Tobacco
110.0,25.0,54.0,28.91105641,90.78413842,6.425930938,23.44398467,Muskmelon
174.0,41.0,236.0,24.890346,65.043137,6.417141,1599.189068,Plantain
33.0,16.0,24.0,29.30836,67.061246,5.034636,1382.812097,Cassava
72.0,27.0,63.0,29.099149,87.036066,6.253279,2249.757447,Cocoa
32.0,129.0,201.0,16.36251869,83.00471609,6.48754639,71.55665483,Grapes
66.0,35.0,60.0,23.89508,82.750045,6.14249,2030.779146,Vanilla
13.0,5.0,8.0,23.85340379,90.10522549,7.474710503,103.923226,Orange
82.0,37.0,89.0,31.728399,87.093084,5.832827,1996.256182,Cocoa
107.0,71.0,55.0,29.42017919,83.96754496,6.088064451,117.229079,Banana
82.0,28.0,45.0,24.454336,62.312182,5.80989,787.53597,Tobacco
118.0,12.0,47.0,27.96872279,92.17444796,6.010739645,28.94766949,Muskmelon
36.0,144.0,196.0,23.65167552,94.50528753,6.496934492,115.3611268,Apple
37.0,79.0,19.0,27.54384835,69.3478631,7.143942758,69.40878198,Blackgram
101.0,49.0,78.0,32.635049,74.42933,6.719451,1571.736738,Sugarcane
80.0,17.0,51.0,21.294246,81.920959,5.305965,2385.36271,Tea
14.0,18.0,35.0,31.09154239,47.02058367,4.791146778,91.46664318,Mango
18.0,79.0,20.0,20.27514686,23.2353604,5.877347515,139.7521543,KidneyBeans
23.0,24.0,32.0,28.1218093,46.16888595,5.630619901,93.30247448,Mango
24.0,37.0,21.0,30.573999,58.22686794,5.818219385,62.74803826,MothBeans
16.0,143.0,197.0,22.61711614,93.51978375,5.90402645,116.9256766,Apple
38.0,60.0,76.0,18.65054116,17.80852431,8.868741443,77.92798682,ChickPea
60.0,36.0,53.0,22.905797,89.528135,6.531224,2135.733955,Vanilla
2.0,21.0,35.0,25.02887163,91.53720922,6.293662363,179.8248944,Coconut
32.0,55.0,52.0,37.58899717,91.99740365,6.9677596,159.6577388,Papaya
49.0,49.0,36.0,25.915029,77.98035,6.818534,1010.821034,Soyabean
85.0,33.0,25.0,26.20811417,52.50987966,6.910823945,189.0944824,Coffee
39.0,77.0,21.0,22.99774444,60.24218572,4.603563116,159.689339,PigeonPeas
36.0,7.0,37.0,19.8671184,86.35590206,5.782435567,108.3168858,Pomegranate
54.0,39.0,36.0,29.112312,73.143087,6.599161,909.083393,Soyabean
31.0,36.0,29.0,33.93679864,52.72170281,6.460542749,97.4611918,Mango
85.0,89.0,51.0,29.21144871,84.70189923,6.158164422,108.5501443,Banana
55.0,60.0,15.0,32.79766751,68.77994074,7.163043872,64.11411069,Blackgram
35.0,46.0,69.0,21.569955,54.453856,6.735529,556.346897,Onion
26.0,80.0,83.0,17.08498521,16.14565756,7.528599957,71.31007253,ChickPea
118.0,18.0,52.0,28.04943594,90.83130708,6.562832807,20.76223014,Muskmelon
61.0,52.0,41.0,24.97669518,83.891805,6.880431223,204.8001847,Rice
6.0,77.0,25.0,20.61162204,24.36314135,5.792744849,69.63833855,KidneyBeans
12.0,129.0,205.0,22.36238282,91.15761594,6.119432215,118.6832725,Apple
4.0,40.0,26.0,27.58258929,48.56916221,6.720041791,95.8445641,Mango
89.0,83.0,47.0,28.09577643,77.79586769,5.63127166,109.5408614,Banana
44.0,47.0,45.0,38.73218907,94.73613484,6.579441304,218.142147,Papaya
61.0,33.0,37.0,23.77941,69.164055,6.54212,910.140617,Soyabean
1.0,66.0,23.0,19.54317155,56.92831399,4.803564468,173.1686574,PigeonPeas
101.0,70.0,48.0,25.36059237,75.03193255,6.012696655,116.5531455,Banana
64.0,38.0,47.0,23.693008,75.120493,6.344994,693.823674,SweetPotato
20.0,142.0,196.0,10.89875873,80.01639435,6.207600783,68.69420397,Grapes
78.0,40.0,38.0,26.46428311,83.85642678,7.549873681,248.2256491,Rice
21.0,78.0,19.0,27.16159076,66.76017239,6.92009048,69.85112265,Blackgram
43.0,68.0,81.0,17.47809436,17.93253975,6.761599706,78.92060234,ChickPea
40.0,46.0,30.0,21.322149,58.413865,6.629911,532.774827,Onion
73.0,35.0,50.0,22.807575,65.356121,5.560304,769.821733,Tobacco
38.0,49.0,65.0,20.831044,52.914165,7.102835,446.167573,Onion
77.0,51.0,44.0,23.25583402,82.7015932,7.124333547,166.2160846,Jute
36.0,42.0,79.0,21.235542,54.530296,6.785691,619.602425,Onion
73.0,19.0,49.0,18.337984,77.974995,4.478544,2307.497277,Tea
122.0,36.0,118.0,29.781498,75.657429,7.045372,1568.527971,Sugarcane
20.0,29.0,27.0,25.09897688,92.36099489,6.047044342,157.7592626,Coconut
58.0,36.0,48.0,25.352006,91.115097,6.309368,2043.977798,Vanilla
42.0,74.0,83.0,19.2582557,14.2804191,7.545258424,65.78042032,ChickPea
37.0,37.0,36.0,18.555608,76.885648,6.152389,743.959627,GardenBean
25.0,15.0,27.0,30.122712,74.908971,5.103889,1060.030484,Cassava
97.0,22.0,50.0,26.26028739,86.14585891,6.7698938,58.97878791,Watermelon
68.0,41.0,60.0,21.630376,73.281748,5.409519,820.325383,Tobacco
19.0,65.0,25.0,18.09551014,18.29318436,5.625096446,144.7902323,KidneyBeans
95.0,74.0,50.0,25.90113128,80.47152737,6.002481605,110.10323,Banana
85.0,37.0,39.0,24.52783742,82.73685569,6.364134968,224.6757231,Rice
52.0,23.0,66.0,22.948892,65.871098,6.502126,734.450666,SweetPotato
33.0,143.0,204.0,21.1316077,91.95769858,5.814434775,122.5391946,Apple
105.0,74.0,45.0,25.14517635,81.38204104,6.098369122,119.218154,Banana
111.0,5.0,55.0,26.283443,84.42478917,6.520663422,50.78669728,Watermelon
33.0,73.0,23.0,29.23540524,59.38967583,5.985792703,103.3301803,PigeonPeas
45.0,22.0,37.0,29.791102,44.228775,6.904025,444.42295,Sorghum
27.0,30.0,31.0,28.98545306,90.73966792,5.718120393,148.8398374,Coconut
14.0,25.0,30.0,26.398424,75.337024,5.457502,1278.879917,Cassava
37.0,33.0,39.0,24.94503,63.265745,6.499327,875.256885,Groundnut
60.0,27.0,51.0,22.132211,88.89768,6.128307,2066.134229,Vanilla
21.0,74.0,15.0,29.49096726,67.10604388,6.471862118,153.2504506,PigeonPeas
42.0,67.0,77.0,18.99424448,15.9362937,7.114405288,78.69707199,ChickPea
43.0,66.0,79.0,19.46233971,15.22538951,7.976607593,74.58565097,ChickPea
99.0,38.0,21.0,22.88330922,71.59722446,6.352471866,67.72777298,Maize
3.0,67.0,24.0,17.00067625,19.90790546,5.520880014,103.2926407,KidneyBeans
94.0,50.0,37.0,25.66585205,80.66385045,6.94801983,209.5869708,Rice
3.0,23.0,30.0,29.70143197,95.65754365,6.078807239,215.1968037,Coconut
78.0,38.0,61.0,24.117391,67.396299,5.520196,621.527223,Tobacco
23.0,37.0,24.0,28.77833449,44.2252605,7.991902443,33.95825723,MothBeans
0.0,65.0,24.0,28.49584395,62.44616219,7.841496029,53.14531023,Lentil
30.0,65.0,25.0,32.88733849,64.59457409,7.70650895,71.50569456,Blackgram
47.0,27.0,45.0,26.00152,64.068453,5.969138,727.326135,SweetPotato
14.0,75.0,24.0,24.54757829,57.3414485,6.436160044,118.3606557,PigeonPeas
27.0,61.0,18.0,33.30711818,67.07780816,5.266227032,108.5090168,PigeonPeas
121.0,55.0,93.0,30.712923,69.985866,7.317974,1772.001023,Sugarcane
18.0,14.0,11.0,28.04799508,90.00621688,6.550814117,117.1311498,Orange
96.0,86.0,51.0,29.90888522,76.98740841,6.257369799,91.99964712,Banana
22.0,70.0,19.0,18.23775702,21.07643273,5.515615023,69.44951585,KidneyBeans
77.0,57.0,21.0,24.9321581,73.80435276,6.550563823,79.74078719,Maize
28.0,58.0,25.0,27.4818649,62.04814951,6.861640036,37.81123974,Lentil
44.0,18.0,34.0,25.096133,45.480777,6.699712,680.114459,SunflowerSeed
117.0,76.0,47.0,25.56202173,77.38229006,6.119216009,93.10247183,Banana
42.0,59.0,55.0,40.10207731,94.35110201,6.979102243,149.1199989,Papaya
6.0,63.0,23.0,26.01630259,49.94704718,5.906596905,160.3337447,PigeonPeas
21.0,17.0,27.0,33.569391,43.207775,6.677263,343.383837,Millet
96.0,33.0,78.0,28.246838,79.981763,6.292929,1899.387439,Cocoa
91.0,35.0,39.0,23.79391957,80.41817957,6.970859754,206.2611855,Rice
106.0,33.0,63.0,27.468343,77.761687,6.389352,1972.09297,Cocoa
37.0,18.0,39.0,24.1469628,94.5110662,6.424670614,110.2316633,Pomegranate
32.0,11.0,27.0,29.348028,36.32658,5.655167,446.659668,Millet
85.0,21.0,52.0,29.62800691,90.10051615,6.075144116,23.69586761,Muskmelon
53.0,47.0,68.0,17.507134,49.316246,7.125124,575.624942,Onion
35.0,22.0,35.0,28.929344,43.388816,5.849471,566.357987,Sorghum
16.0,65.0,16.0,18.13027797,62.45851612,6.078724107,50.6128521,Lentil
38.0,56.0,25.0,25.74095321,45.38497051,7.88118645,67.43488235,MothBeans
12.0,80.0,19.0,21.91041045,65.21662467,5.962001484,36.10211371,Lentil
26.0,35.0,31.0,33.44619894,53.05980465,5.339556562,98.05089394,Mango
37.0,135.0,205.0,11.82768186,80.2827185,5.510924849,74.10225057,Grapes
31.0,27.0,48.0,26.367855,68.214619,5.763514,819.268878,SweetPotato
20.0,69.0,15.0,23.44260668,22.77255917,5.934136378,107.4137246,KidneyBeans
63.0,50.0,52.0,28.64555584,93.22642604,6.751747609,115.8163936,Papaya
37.0,66.0,85.0,20.93175255,18.91295403,6.456148474,78.06910795,ChickPea
75.0,25.0,50.0,22.791982,60.992101,5.587412,790.609402,Tobacco
42.0,30.0,37.0,19.562485,81.42242,5.8,720.575749,GardenBean
38.0,132.0,197.0,20.42094753,81.54185044,5.931101816,66.93065667,Grapes
28.0,19.0,39.0,30.638349,42.156964,6.429259,463.740127,Sorghum
67.0,60.0,25.0,24.92162194,66.78627406,5.750254943,109.2162279,Maize
1.0,76.0,19.0,24.18553163,46.68746847,6.669529416,177.3377996,PigeonPeas
34.0,37.0,35.0,19.208177,70.930078,6.31596,678.395656,GardenBean
20.0,68.0,23.0,25.54960633,63.95425534,7.707332484,63.1830529,Blackgram
14.0,74.0,19.0,18.39759147,36.82639309,6.624966131,93.12330644,PigeonPeas
113.0,38.0,271.0,22.693257,87.384217,5.807649,1911.653854,Plantain
76.0,60.0,39.0,20.0454142,80.3477562,6.766240045,208.5810155,Rice
60.0,37.0,38.0,25.700994,91.009934,6.150474,2152.403315,Vanilla
110.0,39.0,25.0,22.60612115,77.34264002,7.208795456,75.13617229,Cotton
92.0,11.0,47.0,18.84559,86.639791,5.123437,2109.525434,Tea
47.0,43.0,41.0,19.757488,84.771296,6.527911,708.337469,GardenBean
0.0,123.0,205.0,22.02775403,92.96129462,5.790993052,121.1349176,Apple
131.0,35.0,18.0,24.49112609,82.24415809,7.057693366,64.02949379,Cotton
125.0,34.0,135.0,26.457931,78.798792,6.037734,1623.363246,Plantain
41.0,22.0,52.0,20.564429,72.658789,6.389727,702.258929,GardenBean
23.0,55.0,16.0,21.01142393,69.69141302,5.111488821,185.2039114,PigeonPeas
24.0,131.0,196.0,22.03296178,83.74372787,5.732453638,65.34440794,Grapes
61.0,59.0,17.0,23.33844615,59.24580604,6.47444292,105.0083144,Maize
43.0,24.0,31.0,28.757555,68.423552,6.64078,721.169238,Groundnut
101.0,87.0,54.0,29.07311132,76.50045221,6.376756633,100.1692639,Banana
67.0,35.0,22.0,23.30546753,63.24648023,6.385684214,108.7603001,Maize
53.0,67.0,17.0,31.77681682,69.01852894,7.296972161,61.46892873,Blackgram
40.0,25.0,45.0,23.021221,59.987851,6.840069,575.28543,SunflowerSeed
17.0,74.0,17.0,26.03026959,69.55863145,7.393210848,37.11395801,Lentil
42.0,44.0,28.0,28.096307,70.154346,6.647836,972.454862,Soyabean
93.0,56.0,42.0,23.85724032,82.22572988,7.382762603,195.0948311,Rice
9.0,141.0,202.0,21.01245395,81.17931863,6.119495295,66.38448261,Grapes
97.0,59.0,43.0,26.35927159,84.04403589,6.286500176,271.3586137,Rice
73.0,20.0,59.0,15.694491,82.134933,4.712501,2370.273626,Tea
130.0,44.0,181.0,26.306008,76.356432,6.384948,2100.614144,Plantain
7.0,60.0,25.0,28.2753171,82.76020821,6.397636709,56.04995423,MungBean
55.0,30.0,37.0,17.507118,77.19484,6.338968,675.307671,GardenBean
167.0,48.0,195.0,20.235336,73.021744,6.21204,1880.517893,Plantain
27.0,62.0,77.0,18.19737048,14.71070537,6.576415562,70.18185181,ChickPea
93.0,27.0,72.0,31.539826,83.091482,5.752234,2086.239728,Cocoa
22.0,59.0,23.0,27.32220619,51.27868781,4.371745575,36.5037914,MothBeans
80.0,34.0,75.0,25.805712,88.56663,6.159943,1811.697808,Cocoa
29.0,142.0,203.0,29.67229086,83.71498986,5.891195653,66.48490371,Grapes
21.0,10.0,21.0,26.409219,43.014293,6.348496,422.229652,SesameSeed
90.0,29.0,65.0,25.445831,84.513233,5.606562,1886.982381,Cocoa
95.0,82.0,48.0,27.39489579,83.31172003,5.719014989,92.78133617,Banana
118.0,13.0,54.0,24.41311871,89.81574032,6.039584629,44.07843475,Watermelon
74.0,46.0,45.0,25.75734909,88.36668522,6.025028997,189.4263485,Jute
23.0,5.0,44.0,21.20725375,94.26304717,7.16300467,107.5660804,Pomegranate
25.0,17.0,24.0,30.190976,43.698138,6.448581,503.660697,SesameSeed
30.0,122.0,197.0,21.37784654,92.72043743,5.573241391,106.1417017,Apple
37.0,56.0,48.0,21.163484,63.785254,6.769156,353.72753,Onion
37.0,10.0,32.0,28.96318258,95.16333673,6.165084855,222.803013,Coconut
31.0,60.0,24.0,25.40474421,65.8567539,7.722335992,51.92057267,Lentil
40.0,140.0,195.0,14.97846952,80.49979873,6.294395676,71.63437433,Grapes
38.0,12.0,21.0,30.150867,49.760932,7.010561,531.237188,Sorghum
82.0,29.0,39.0,22.500213,60.476521,5.481553,688.678811,Tobacco
23.0,33.0,39.0,27.035487,72.793643,6.8444,1008.862693,Groundnut
70.0,25.0,75.0,21.656753,76.058903,5.464529,500.0,SweetPotato
27.0,72.0,17.0,28.98039357,57.23265151,6.347929353,120.7435664,PigeonPeas
11.0,36.0,33.0,35.99009679,52.22780489,5.978634285,95.3713484,Mango
45.0,59.0,53.0,16.457916,64.692164,7.313555,513.023729,Onion
33.0,30.0,35.0,28.729447,67.730014,6.027544,1039.728869,Groundnut
104.0,23.0,47.0,26.98212846,86.70068316,6.770434148,42.91292205,Watermelon
94.0,39.0,64.0,28.889184,89.661798,6.391268,2280.83138,Cocoa
35.0,36.0,32.0,20.256345,75.223791,6.018887,672.262852,GardenBean
0.0,133.0,200.0,23.67287749,90.4935574,5.708418722,104.2298028,Apple
52.0,29.0,57.0,26.147974,75.784523,6.490082,759.549683,SweetPotato
98.0,32.0,80.0,25.937788,84.229241,5.561772,2268.186342,Cocoa
49.0,27.0,59.0,25.634788,68.855906,5.452209,796.996765,SweetPotato
46.0,12.0,29.0,33.421227,43.751299,6.798992,358.473928,Sorghum
77.0,58.0,19.0,22.8056033,56.50768935,5.791649933,101.5952794,Maize
33.0,29.0,43.0,21.609092,72.116233,6.236352,640.448061,GardenBean
112.0,41.0,258.0,25.83744,80.948569,6.519554,1827.20362,Plantain
32.0,73.0,81.0,20.45078582,15.40312102,5.988992796,92.68373702,ChickPea
105.0,88.0,54.0,25.78749808,84.51194224,6.020445317,114.2005455,Banana
98.0,53.0,38.0,20.26707606,81.63895217,5.01450727,270.4417274,Rice
120.0,20.0,34.0,23.56960509,50.56339727,6.906124587,130.3797119,Coffee
29.0,11.0,5.0,23.13338811,91.94670335,7.639788459,104.4224145,Orange
44.0,45.0,23.0,26.550486,60.0,6.736851,795.067722,Soyabean
35.0,17.0,40.0,33.217107,35.047537,6.157737,448.156193,Millet
38.0,30.0,43.0,27.294271,74.901303,6.629118,750.6549,Soyabean
22.0,64.0,82.0,19.48974337,17.17260319,6.4740245,87.51312796,ChickPea
61.0,37.0,66.0,27.846269,85.05211,5.950499,2250.299366,Cocoa
40.0,58.0,75.0,18.59190771,14.77959596,7.168096055,89.60982451,ChickPea
101.0,35.0,83.0,30.111388,77.971121,6.8,1822.373047,Cocoa
126.0,37.0,21.0,25.84997269,84.16855231,6.61448588,77.03421249,Cotton
69.0,33.0,56.0,22.09344,82.937454,6.137929,1905.532999,Vanilla
40.0,64.0,47.0,32.50037548,93.47888842,6.893509446,71.73759526,Papaya
48.0,29.0,32.0,24.131527,91.37516,6.319687,1855.251031,Vanilla
87.0,38.0,29.0,25.20406808,57.88370456,6.652642579,156.1457255,Coffee
37.0,18.0,30.0,27.63551259,99.34854917,6.38488418,157.9171537,Coconut
53.0,20.0,40.0,27.864394,45.651358,6.983847,459.28291,Sorghum
31.0,30.0,29.0,26.58580443,90.98617591,5.558807063,178.8116076,Coconut
29.0,45.0,16.0,28.43683487,87.91332682,6.583381939,43.12063289,MungBean
1.0,30.0,29.0,28.33333307,51.39586505,6.434197756,91.67241761,Mango
22.0,68.0,16.0,27.70496805,63.20915034,7.74672376,37.46160727,Lentil
35.0,25.0,66.0,23.791607,57.079659,6.20007,583.762347,SweetPotato
83.0,15.0,49.0,28.92705913,91.39356832,6.438008153,23.20076686,Muskmelon
9.0,57.0,24.0,29.89232778,89.71503316,7.165121109,42.99498978,MungBean
32.0,48.0,18.0,26.45707778,56.40226277,5.993513566,64.16167699,MothBeans
60.0,46.0,22.0,24.89364635,65.61418761,6.625404348,87.9298085,Maize
22.0,34.0,46.0,27.427153,70.976015,6.572233,891.820576,Groundnut
50.0,64.0,25.0,28.84079155,63.37230676,6.734447425,70.25496749,Blackgram
4.0,47.0,20.0,25.97948991,64.95585424,4.193189124,72.19245835,MothBeans
41.0,62.0,15.0,29.38400259,64.14928485,7.358974541,65.24194361,Blackgram
73.0,33.0,39.0,23.889641,87.928288,6.263773,2197.842365,Vanilla
81.0,18.0,50.0,26.44019475,80.91934337,6.507110986,47.81847573,Watermelon
60.0,55.0,36.0,26.12797248,80.49172597,7.132389299,150.6326874,Jute
16.0,16.0,35.0,27.945037,60.085505,4.758406,1175.317146,Cassava
137.0,48.0,113.0,30.745173,75.432919,5.5,1392.725048,Sugarcane
33.0,14.0,35.0,27.14865285,96.66355213,6.027707171,149.2433497,Coconut
42.0,60.0,47.0,33.46873719,92.12746225,6.834808348,136.8277041,Papaya
111.0,88.0,55.0,29.44795403,78.34971537,5.505393833,96.45042585,Banana
42.0,22.0,70.0,25.157362,69.099666,5.690595,852.43258,SweetPotato
25.0,9.0,27.0,28.468158,59.21719,5.255437,745.356367,Cassava
99.0,39.0,18.0,19.20129357,68.30578978,6.11275104,87.85092352,Maize
108.0,72.0,46.0,25.16278237,84.97849241,6.110844721,90.94554618,Banana
22.0,13.0,30.0,30.060932,35.199769,6.628394,343.071542,Millet
46.0,38.0,31.0,24.100811,72.839193,6.37833,990.778603,Soyabean
21.0,20.0,31.0,25.60033702,99.7240104,5.855457599,165.8248732,Coconut
78.0,58.0,15.0,25.00933355,67.816568,6.528631266,62.91359494,Maize
78.0,58.0,44.0,26.80079604,80.88684822,5.108681786,284.4364567,Rice
1.0,76.0,17.0,28.43430726,52.10010827,6.012719118,147.0414824,PigeonPeas
12.0,63.0,17.0,18.358923,19.37703396,5.717143397,138.414764,KidneyBeans
40.0,28.0,39.0,30.663961,32.089108,6.356108,478.838813,Sorghum
200.0,38.0,204.0,25.72031,85.365397,5.913875,1426.914463,Plantain
39.0,60.0,15.0,35.09357419,30.98685456,5.004074624,116.9106908,PigeonPeas
38.0,14.0,37.0,21.80523051,94.63612858,6.658402594,102.6488846,Pomegranate
14.0,67.0,15.0,19.56376468,24.67385131,5.690065688,139.2921004,KidneyBeans
46.0,76.0,77.0,18.2356751,19.68538502,6.967843048,83.74879344,ChickPea
76.0,39.0,24.0,24.2547451,55.64709899,6.995843776,64.23845455,Maize
106.0,20.0,51.0,29.73019662,90.97015715,6.342573112,20.49035619,Muskmelon
113.0,41.0,75.0,29.505782,81.63954,5.359454,1809.178602,Cocoa
22.0,37.0,20.0,27.62749466,86.49366929,6.605733068,39.26137642,MungBean
79.0,16.0,35.0,20.546345,82.497135,5.408375,1591.84946,Tea
38.0,138.0,204.0,25.11108456,83.25447587,6.325480034,73.01026829,Grapes
0.0,19.0,31.0,25.51791333,94.38420565,6.271952833,178.7297725,Coconut
20.0,40.0,20.0,27.857225,65.410452,6.755856,896.654531,Groundnut
117.0,43.0,25.0,24.68854799,78.51206972,7.839849298,69.31153566,Cotton
54.0,40.0,42.0,24.287693,79.909804,6.246,842.904547,Soyabean
30.0,33.0,35.0,28.785932,74.352681,6.066291,892.584366,Groundnut
52.0,58.0,16.0,30.64095781,61.14508627,7.167435834,71.36947525,Blackgram
86.0,55.0,135.0,27.020215,73.001774,6.3756,1565.156963,Sugarcane
35.0,25.0,67.0,22.301485,78.352014,5.845111,741.450631,SweetPotato
63.0,26.0,36.0,25.908175,72.327247,6.282775,836.463964,Soyabean
35.0,68.0,45.0,42.93605359,90.09448142,6.612429546,234.8466111,Papaya
69.0,20.0,60.0,21.176289,85.880745,4.871967,2257.20329,Tea
45.0,29.0,42.0,21.262001,70.656944,5.976823,788.130961,GardenBean
6.0,47.0,18.0,29.16174608,80.28038146,6.715276663,40.16545979,MungBean
37.0,18.0,23.0,26.787346,41.683818,6.297672,370.676506,Millet
106.0,40.0,30.0,23.42611644,64.10651528,6.779984384,122.6847408,Coffee
45.0,47.0,55.0,38.4191628,91.14220381,6.751452932,119.2653877,Papaya
148.0,43.0,185.0,23.888077,95.0,6.076566,1679.702206,Plantain
91.0,35.0,38.0,24.8972823,80.52586088,6.13428721,183.6793207,Rice
36.0,29.0,49.0,18.321682,56.841503,6.339103,389.182668,SunflowerSeed
71.0,52.0,18.0,25.10787449,55.97732754,5.790770203,78.16077693,Maize
39.0,65.0,53.0,35.33294932,92.11508608,6.560743093,235.6133585,Papaya
29.0,70.0,15.0,30.33499674,63.54718862,6.872594461,74.16699119,Blackgram
21.0,31.0,32.0,35.38598705,51.42664176,5.254532213,90.29643888,Mango
28.0,145.0,202.0,19.2077707,82.9042841,6.484323189,66.83113717,Grapes
76.0,57.0,18.0,18.9802729,74.52600826,6.092725883,94.26249353,Maize
7.0,11.0,32.0,29.25902906,95.11294697,5.542169139,184.7624496,Coconut
28.0,27.0,34.0,32.45465292,50.69693751,6.526654345,95.04871605,Mango
27.0,59.0,22.0,21.81167649,23.20591245,5.794158504,130.0608093,KidneyBeans
44.0,59.0,78.0,20.67526473,19.85388984,7.599033472,84.78344008,ChickPea
126.0,38.0,23.0,25.36243778,83.63276077,6.176716425,88.43618918,Cotton
108.0,61.0,116.0,26.636909,72.82121,6.363485,2500.0,Sugarcane
33.0,58.0,24.0,35.45790488,68.75810535,5.269504214,108.6333046,PigeonPeas
86.0,17.0,73.0,17.766187,86.96992,5.253477,1696.912459,Tea
6.0,59.0,21.0,26.58972517,66.14007674,6.139215944,50.90994463,Lentil
26.0,16.0,36.0,29.922453,68.342069,5.019409,729.830355,Cassava
69.0,51.0,23.0,22.21738222,72.85462807,6.80163854,106.6213157,Maize
24.0,50.0,47.0,19.191085,56.235476,6.636057,572.181712,Onion
7.0,77.0,18.0,20.5591255,60.54880693,6.655918078,191.0895109,PigeonPeas
64.0,21.0,58.0,16.204808,81.833195,5.16487,2072.557496,Tea
71.0,27.0,40.0,21.185347,57.400993,5.815289,817.796997,Tobacco
77.0,55.0,43.0,25.49941707,75.99987588,6.663559451,193.7141828,Jute
9.0,38.0,25.0,34.58561471,50.34035336,5.497946899,100.3060719,Mango
94.0,54.0,117.0,33.677563,82.32777,5.885409,2025.961455,Sugarcane
35.0,30.0,49.0,25.564828,86.611354,6.443504,2369.220685,Vanilla
108.0,89.0,53.0,29.12036889,80.18080728,5.908770059,112.3982055,Banana
77.0,32.0,56.0,27.053634,61.740244,6.180435,788.767988,Tobacco
44.0,74.0,85.0,20.18649426,19.63719995,7.150681303,78.26039559,ChickPea
13.0,126.0,204.0,23.1094265,92.79630809,6.383180271,108.183792,Apple
73.0,45.0,37.0,23.70467146,74.63745355,6.742688094,181.2783964,Jute
9.0,56.0,17.0,26.13708256,66.7729209,6.261937875,46.48280681,Lentil
25.0,30.0,38.0,28.252886,65.609961,6.54977,863.192797,Groundnut
31.0,58.0,15.0,28.31886863,60.19461399,6.167855382,45.36521251,Lentil
47.0,80.0,77.0,17.18248372,16.42891834,7.561108006,72.85017344,ChickPea
6.0,125.0,204.0,27.92004934,82.93262435,5.733539807,69.92092839,Grapes
9.0,21.0,32.0,32.26935342,53.56092806,5.870116071,95.94035356,Mango
39.0,33.0,39.0,24.97986,60.0,6.691568,911.15751,Soyabean
49.0,69.0,82.0,18.31561493,15.36143547,7.26311855,81.78710463,ChickPea
112.0,39.0,29.0,26.12492233,63.37479229,6.726528895,147.8035305,Coffee
44.0,77.0,21.0,32.63918668,61.3009051,7.326980454,61.83876146,Blackgram
27.0,24.0,29.0,26.61423461,96.97300803,6.142010637,191.006688,Coconut
29.0,18.0,44.0,29.08264,71.799167,4.18475,1004.104101,Cassava
50.0,25.0,43.0,23.267007,86.406692,6.327935,1863.600896,Vanilla
32.0,145.0,203.0,23.83053666,90.84422164,6.406818518,109.5966791,Apple
26.0,25.0,29.0,21.802563,55.274085,6.826945,537.194041,SunflowerSeed
114.0,32.0,195.0,22.408902,73.207105,6.791672,2385.506396,Plantain
57.0,33.0,78.0,23.521348,62.061461,6.03466,891.098619,SweetPotato
24.0,20.0,27.0,34.782037,39.681276,6.085276,290.77594,Millet
54.0,28.0,49.0,23.418698,66.883029,5.776031,832.268243,Tobacco
85.0,9.0,53.0,28.20619412,92.86798698,6.447662945,28.78654515,Muskmelon
51.0,52.0,28.0,25.086975,71.711265,6.54991,697.839891,Soyabean
32.0,68.0,52.0,32.68067385,92.61715632,6.800321319,248.8592986,Papaya
104.0,25.0,55.0,29.81196601,90.36881284,6.123802502,22.68766503,Muskmelon
23.0,10.0,15.0,28.037562,39.802044,6.890416,470.549852,SesameSeed
31.0,36.0,43.0,28.691621,66.635991,6.229882,919.540247,Groundnut
40.0,62.0,19.0,27.32198928,34.13737127,4.697750704,96.51524028,PigeonPeas
71.0,46.0,40.0,20.2801937,82.1235421,7.236705436,191.9535738,Rice
67.0,47.0,44.0,26.73072391,81.78596776,7.868474653,280.4044392,Rice
109.0,29.0,28.0,23.26316991,60.5160021,6.724688503,194.1755471,Coffee
61.0,51.0,51.0,39.30050027,94.16193416,6.574677594,120.9512466,Papaya
28.0,40.0,38.0,27.341611,67.304902,6.73373,960.132296,Groundnut
27.0,42.0,28.0,29.347174,70.516238,6.354569,802.235442,Groundnut
22.0,67.0,22.0,29.03017561,64.49166566,7.475926645,54.9393771,Lentil
15.0,25.0,37.0,30.615125,76.443738,4.636975,847.411971,Cassava
31.0,20.0,32.0,29.133587,67.271137,4.548117,1350.423875,Cassava
45.0,23.0,44.0,31.002188,39.802951,6.735369,499.255974,Sorghum
86.0,26.0,27.0,27.13140403,52.89368299,6.081172981,192.4280381,Coffee
111.0,53.0,19.0,23.96436009,78.02763149,6.419536555,84.63148859,Cotton
35.0,22.0,38.0,26.005354,54.542192,6.654286,614.772602,SunflowerSeed
28.0,40.0,31.0,30.391901,77.057095,6.66074,840.208475,Groundnut
25.0,16.0,16.0,29.755213,37.230823,6.259222,593.243225,SesameSeed
84.0,18.0,39.0,18.255048,87.746877,5.095555,2215.23136,Tea
85.0,16.0,56.0,20.297415,79.77593,4.635207,1729.127717,Tea
28.0,17.0,19.0,29.330489,36.359798,6.790883,415.118947,Millet
100.0,48.0,16.0,25.71895816,67.22190688,5.54990242,74.51490791,Maize
12.0,78.0,23.0,16.06522754,18.72479695,5.99812453,88.06638775,KidneyBeans
25.0,12.0,26.0,28.56973521,95.67906668,6.436314406,134.8370348,Coconut
26.0,65.0,22.0,17.84806561,18.77621951,5.949949081,143.0984171,KidneyBeans
9.0,143.0,197.0,23.75033085,92.88160462,5.570020684,117.6602827,Apple
39.0,28.0,10.0,31.34920143,91.48247612,7.181907673,109.1549823,Orange
22.0,42.0,22.0,25.54249137,56.96640758,7.887658711,48.46797044,MothBeans
35.0,71.0,17.0,29.89286629,66.35375127,6.931924963,198.1403003,PigeonPeas
0.0,26.0,31.0,25.0707247,95.02156793,5.547933273,192.9036306,Coconut
146.0,35.0,167.0,22.487692,81.944219,6.029955,2080.626127,Plantain
85.0,52.0,45.0,26.31355498,82.36698992,7.224285503,265.5355937,Rice
116.0,56.0,17.0,24.71252544,77.7293114,7.979090365,85.24963302,Cotton
35.0,29.0,55.0,18.810929,73.510362,6.203833,725.730125,GardenBean
107.0,42.0,24.0,22.04612876,84.62978302,6.144631795,86.00758678,Cotton
87.0,44.0,43.0,23.87484465,86.79261344,6.718725189,177.5147313,Jute
94.0,61.0,131.0,24.39043,64.830159,6.464408,1765.75791,Sugarcane
47.0,29.0,55.0,20.410637,78.305637,5.859959,796.723455,SweetPotato
28.0,12.0,22.0,32.886184,38.492362,6.973595,450.241997,SesameSeed
13.0,69.0,19.0,17.30844532,20.01730914,5.86390397,115.199245,KidneyBeans
73.0,57.0,41.0,21.44653958,84.94375962,5.824709117,272.2017204,Rice
68.0,41.0,55.0,23.831605,62.861442,5.826018,764.341763,Tobacco
22.0,72.0,85.0,18.86805647,15.65809214,6.391173589,88.51048983,ChickPea
60.0,58.0,51.0,42.07213781,92.92203105,6.840802254,165.7412972,Papaya
105.0,56.0,15.0,25.96779712,81.97904282,7.272316209,74.14169043,Cotton
94.0,40.0,60.0,23.046416,88.971074,5.697629,1880.346329,Cocoa
125.0,32.0,52.0,25.895341,77.250713,6.064011,2015.260921,Cocoa
70.0,36.0,42.0,21.84106875,80.72886384,6.946209881,202.3838319,Rice
80.0,20.0,55.0,22.547491,91.953036,5.073872,2185.765466,Tea
18.0,74.0,15.0,24.9035819,22.27512704,5.70836603,146.4727237,KidneyBeans
94.0,70.0,48.0,25.13686519,84.88394407,6.195152442,91.46442491,Banana
76.0,26.0,82.0,31.017838,85.714175,5.945021,2444.168751,Cocoa
52.0,40.0,46.0,20.377609,76.589908,6.24804,929.872502,GardenBean
38.0,24.0,29.0,27.892635,38.137643,6.87687,531.393277,Sorghum
26.0,10.0,33.0,28.27298134,96.93649473,6.07071786,198.8234862,Coconut
84.0,44.0,21.0,21.869274,61.91044947,5.850439831,107.2681929,Maize
38.0,20.0,37.0,30.734575,44.408471,7.30048,516.772753,Sorghum
63.0,23.0,86.0,21.92953,81.484188,6.529848,856.963788,SweetPotato
28.0,17.0,28.0,27.749488,60.253304,4.826977,1045.657484,Cassava
76.0,51.0,18.0,26.16985907,71.96246617,6.247040422,79.84925393,Maize
90.0,86.0,52.0,25.85036988,81.95580471,5.793260262,119.0856171,Banana
34.0,29.0,36.0,28.951799,51.687152,6.182148,562.010852,SunflowerSeed
72.0,26.0,57.0,23.104746,66.169752,5.171101,700.429405,Tobacco
20.0,68.0,17.0,30.11873003,60.11680815,6.578714843,71.72980375,Blackgram
127.0,53.0,24.0,22.21506982,76.17851932,6.127939628,70.40557612,Cotton
86.0,40.0,39.0,25.72100868,88.16513579,6.207459637,175.6086697,Jute
87.0,23.0,28.0,26.22367404,62.26594559,6.979590627,193.7461968,Coffee
22.0,60.0,85.0,18.8392908,14.74071856,7.811997977,94.78189594,ChickPea
81.0,45.0,23.0,19.32666088,68.034493,6.192360003,84.22969177,Maize
79.0,14.0,47.0,18.686079,80.605931,4.995958,1942.506594,Tea
34.0,65.0,19.0,23.43974653,63.22011726,5.94239222,45.40277297,Lentil
31.0,130.0,198.0,21.80129837,92.73446667,5.554823557,120.0586671,Apple
35.0,17.0,34.0,33.390102,43.710474,5.5,598.890458,Sorghum
25.0,17.0,27.0,31.663005,50.551723,6.118276,408.560906,Millet
0.0,25.0,14.0,19.33516809,91.97978938,6.361671475,116.450422,Orange
26.0,24.0,34.0,31.27180992,52.23810152,6.811291098,89.74409017,Mango
43.0,39.0,69.0,19.373503,57.880415,6.478485,429.934814,Onion
158.0,42.0,193.0,31.150609,81.708528,5.617933,2125.745295,Plantain
44.0,26.0,52.0,25.421687,55.266956,7.687346,570.559796,SunflowerSeed
41.0,28.0,63.0,23.119261,82.530248,5.944027,779.004829,SweetPotato
90.0,50.0,44.0,26.91643698,73.48655995,6.253408852,171.4716375,Jute
12.0,19.0,31.0,27.25373364,52.66319725,5.566704378,91.87312479,Mango
28.0,21.0,29.0,31.234211,42.896127,5.819456,375.258697,Millet
49.0,29.0,46.0,24.304646,63.422349,5.91227,500.0,SweetPotato
50.0,55.0,16.0,28.81460716,65.33538112,7.581442888,62.26242533,Blackgram
71.0,60.0,22.0,26.07470121,59.37147589,6.2048017,85.75692395,Maize
90.0,23.0,54.0,28.55852465,90.45773041,6.159020864,27.26588346,Muskmelon
60.0,30.0,50.0,25.868354,69.543097,5.593625,807.247141,Tobacco
115.0,9.0,52.0,29.06785065,90.97685539,6.019372459,29.1194739,Muskmelon
94.0,31.0,83.0,28.233324,84.351466,6.172228,2251.202719,Cocoa
84.0,51.0,35.0,22.30157427,80.64416466,6.043304899,197.9791215,Rice
27.0,8.0,32.0,27.00648436,96.46168931,5.627860549,144.3331315,Coconut
24.0,18.0,30.0,29.10333,72.187708,4.681242,1000.909757,Cassava
7.0,126.0,203.0,16.76201707,82.00335557,5.662140095,73.28712806,Grapes
36.0,19.0,32.0,27.10710832,50.70880979,4.94295037,92.37238878,Mango
18.0,16.0,22.0,32.858606,41.548796,5.71307,477.204409,SesameSeed
77.0,24.0,39.0,15.233465,87.956431,5.112988,1992.955591,Tea
38.0,23.0,50.0,27.198968,60.995367,6.768406,606.998541,SunflowerSeed
52.0,31.0,35.0,18.0,47.999082,7.36841,555.263092,SunflowerSeed
35.0,35.0,22.0,24.563472,71.970906,6.52236,866.459104,Soyabean
88.0,28.0,81.0,30.060878,93.187849,6.479535,1972.673298,Cocoa
16.0,15.0,42.0,19.67832052,89.08935702,6.890784045,108.5468633,Pomegranate
135.0,52.0,87.0,31.531383,84.19724,6.56411,1942.690371,Sugarcane
97.0,26.0,98.0,33.0,91.844116,6.080641,2224.635006,Cocoa
22.0,9.0,44.0,24.72235539,88.87651295,5.744361602,112.1926517,Pomegranate
30.0,14.0,13.0,34.28346,43.616405,6.513561,422.784051,SesameSeed
35.0,58.0,20.0,29.38538562,63.47742011,5.761702519,90.05422663,PigeonPeas
26.0,11.0,26.0,29.850301,81.253076,5.11591,946.740839,Cassava
19.0,16.0,12.0,30.738798,38.641296,6.775173,463.770643,SesameSeed
45.0,50.0,59.0,16.691236,64.657371,6.853084,350.159534,Onion
35.0,31.0,40.0,18.079191,84.586468,6.355854,797.982704,GardenBean
107.0,36.0,21.0,25.29250148,75.66653335,6.205263534,62.64174227,Cotton
45.0,46.0,55.0,16.836791,60.584605,7.475258,300.0,Onion
83.0,21.0,28.0,25.5674832,60.49244602,7.466900683,190.2257843,Coffee
101.0,17.0,55.0,24.37118217,87.1269128,6.451499764,44.63907691,Watermelon
35.0,74.0,22.0,26.7230014,62.96841833,6.898905799,42.87274897,Lentil
90.0,15.0,52.0,27.04927452,91.3821731,6.448061578,23.65747461,Muskmelon
53.0,21.0,63.0,19.280674,65.084126,5.550528,756.35419,Tobacco
43.0,21.0,44.0,27.787943,49.86782,6.965465,515.127882,SunflowerSeed
9.0,139.0,199.0,23.25230817,94.54128292,5.867420996,105.3558408,Apple
36.0,57.0,16.0,28.61409059,57.14218792,8.292875734,57.02891698,MothBeans
50.0,28.0,29.0,33.224557,46.732162,7.278028,521.004906,Sorghum
68.0,57.0,43.0,26.08867875,80.37979919,5.706943251,182.9043504,Rice
49.0,71.0,76.0,19.71098332,17.63879418,6.613072145,85.57925437,ChickPea
57.0,56.0,78.0,17.34150229,18.75626255,8.861479668,67.9545435,ChickPea
97.0,35.0,26.0,24.91461008,53.74144743,6.334610249,166.2549307,Coffee
22.0,18.0,31.0,30.7645515,47.93791463,5.956027059,90.38503469,Mango
38.0,61.0,52.0,31.22790131,94.94021378,6.620729882,46.44279118,Papaya
75.0,41.0,35.0,24.97042599,78.62697699,6.856833064,166.6415254,Jute
22.0,36.0,16.0,30.58139475,50.77148138,8.18422855,64.58559639,MothBeans
38.0,135.0,203.0,23.76121837,93.661643,5.965551311,100.825956,Apple
49.0,40.0,71.0,22.302696,71.079365,5.948075,881.351105,SweetPotato
32.0,138.0,197.0,9.535585543,80.73112694,5.908724337,69.44115171,Grapes
116.0,36.0,25.0,27.57847581,58.52534263,6.172090205,156.6810374,Coffee
118.0,88.0,51.0,25.44926208,79.49221962,6.201911642,100.6619171,Banana
29.0,35.0,36.0,28.825005,70.270289,6.296084,988.63494,Groundnut
116.0,50.0,90.0,29.12363,66.980589,7.5457,1387.240387,Sugarcane
45.0,45.0,90.0,19.038906,66.175083,6.967319,441.451415,Onion
60.0,47.0,84.0,16.828719,56.36592,6.451502,609.781705,Onion
31.0,28.0,25.0,23.630363,40.880643,6.589912,611.637088,SunflowerSeed
34.0,23.0,30.0,19.419193,72.060012,5.929631,845.779161,GardenBean
48.0,40.0,37.0,19.783971,67.827289,6.159054,733.936888,GardenBean
27.0,138.0,201.0,23.66682067,93.90191078,5.952367662,105.4004751,Apple
16.0,16.0,17.0,27.120659,37.018898,6.350653,450.915523,SesameSeed
46.0,26.0,27.0,27.001249,38.750648,6.679406,561.108483,SunflowerSeed
15.0,27.0,28.0,33.80398664,46.12866113,4.507523551,90.82549241,Mango
66.0,30.0,52.0,22.979535,87.285172,6.242292,2209.692655,Vanilla
58.0,71.0,15.0,27.82592799,67.5861883,6.919243702,74.01229707,Blackgram
34.0,9.0,28.0,27.00005,73.671478,4.657566,1129.967396,Cassava
99.0,92.0,47.0,28.1279509,77.48247073,6.323933647,103.5045395,Banana
50.0,50.0,63.0,23.712432,62.767633,6.872873,577.226133,Onion
27.0,22.0,31.0,28.26783,43.423678,5.311724,402.076596,Millet
89.0,52.0,42.0,23.09433785,81.45139295,6.14132902,196.6587013,Jute
40.0,29.0,50.0,29.205468,53.510128,6.260697,641.471849,SunflowerSeed
40.0,33.0,36.0,28.323388,68.219151,6.705883,917.632236,Soyabean
37.0,16.0,16.0,28.816505,39.74306,6.230346,346.090152,Millet
16.0,56.0,17.0,33.80020039,40.03262418,7.445444883,176.6165894,PigeonPeas
38.0,10.0,28.0,24.840594,60.920841,4.918782,1040.226924,Cassava
42.0,25.0,31.0,30.380999,40.68508,6.439576,339.691011,Sorghum
119.0,9.0,50.0,26.74550678,83.9195902,6.251286661,40.794305,Watermelon
65.0,39.0,45.0,23.66805429,70.89000744,6.768001309,184.4633281,Jute
17.0,14.0,19.0,30.149595,37.606296,6.94742,465.076971,SesameSeed
29.0,71.0,18.0,22.17499963,62.13873825,6.410441476,53.46622584,Lentil
87.0,60.0,23.0,20.27317074,63.91281869,6.439071996,62.50351892,Maize
80.0,29.0,29.0,23.543367,54.448684,5.383148,789.999655,Tobacco
17.0,25.0,39.0,25.892589,71.907038,6.90626,855.225849,Groundnut
22.0,26.0,38.0,22.92052307,85.12912161,6.988035315,110.2437841,Pomegranate
80.0,43.0,16.0,23.55882094,71.59351368,6.657964753,66.71995467,Maize
13.0,132.0,203.0,23.60115364,82.48336987,6.423216506,73.23901752,Grapes
54.0,61.0,77.0,18.81198127,15.21618225,6.206582193,77.5429424,ChickPea
72.0,43.0,48.0,23.261988,92.717053,6.283492,2455.458954,Vanilla
108.0,32.0,71.0,27.048931,85.761354,5.978557,1996.647684,Cocoa
19.0,17.0,14.0,32.783616,41.854829,5.887386,401.414598,SesameSeed
110.0,14.0,51.0,27.02415146,91.66737633,6.085444691,21.26034986,Muskmelon
16.0,51.0,21.0,31.01963639,49.9767522,3.532008668,32.81296548,MothBeans
101.0,75.0,50.0,26.59386409,81.40740301,6.242528278,109.9825551,Banana
48.0,34.0,56.0,24.832655,71.343485,5.996261,944.049669,SweetPotato
132.0,41.0,22.0,24.29144926,81.02453404,7.810865753,90.41694635,Cotton
58.0,26.0,42.0,26.346693,75.116116,6.341824,843.780466,Soyabean
40.0,73.0,20.0,21.59343016,20.31871249,5.811314232,61.13872036,KidneyBeans
110.0,36.0,73.0,24.333659,84.038641,6.519529,1859.19191,Cocoa
12.0,142.0,203.0,31.3115978,82.56407013,5.972850838,65.01095312,Grapes
21.0,9.0,40.0,24.51147697,90.64498715,5.956401828,105.6209954,Pomegranate
90.0,58.0,64.0,28.042053,73.073046,7.918914,1630.160353,Sugarcane
2.0,131.0,199.0,22.47420512,91.22759742,6.017370134,124.2179699,Apple
1.0,67.0,21.0,27.52135365,60.53657684,6.551577598,48.06491307,Lentil
45.0,37.0,37.0,21.293013,81.227609,6.510797,678.802677,GardenBean
100.0,47.0,150.0,26.937071,75.011861,6.781825,1911.223601,Sugarcane
114.0,20.0,26.0,25.55656667,62.67087838,7.27905689,193.5866233,Coffee
28.0,10.0,30.0,29.8690834,91.14723422,6.305740522,192.7678575,Coconut
29.0,8.0,29.0,32.698448,52.339261,6.028478,323.026104,Millet
39.0,34.0,28.0,21.364958,78.970022,6.069769,857.036516,GardenBean
32.0,41.0,16.0,28.63618921,61.39451307,7.702287236,68.54877876,MothBeans
26.0,37.0,30.0,35.39986338,49.45962621,6.166173834,97.41054011,Mango
100.0,14.0,49.0,29.48882958,91.07574233,6.365956658,26.01909355,Muskmelon
96.0,26.0,88.0,28.46719,81.949188,6.579698,1693.709411,Cocoa
26.0,62.0,73.0,19.191545,62.766468,7.062675,543.442582,Onion
19.0,14.0,28.0,27.797993,38.470265,6.246739,277.048568,Millet
0.0,145.0,205.0,21.22503442,90.09877774,5.52078314,113.9760462,Apple
41.0,26.0,27.0,31.34268,44.342341,7.104152,408.893351,Sorghum
24.0,15.0,31.0,27.801139,30.4841,5.796122,497.883299,Millet
30.0,11.0,33.0,28.697092,65.614152,4.973568,1021.558578,Cassava
109.0,23.0,25.0,25.11711046,68.48030408,7.00733163,194.8773479,Coffee
11.0,27.0,30.0,27.69637763,48.5622488,6.39474303,89.85646496,Mango
37.0,38.0,32.0,31.85744939,45.53106268,5.417340525,91.55845821,Mango
93.0,29.0,102.0,25.161231,86.797226,6.751715,2237.67886,Cocoa
49.0,21.0,56.0,22.485247,71.928143,5.699303,983.6901,SweetPotato
43.0,19.0,46.0,31.905749,43.499721,8.0,569.951134,Sorghum
26.0,51.0,25.0,28.76488954,52.62741529,7.792508068,55.21606732,MothBeans
80.0,71.0,47.0,27.50527651,80.79783998,6.156373499,105.0776992,Banana
117.0,47.0,126.0,26.17626,73.715098,6.302323,1401.380254,Sugarcane
52.0,42.0,35.0,24.272252,70.085451,6.465948,976.31613,Soyabean
117.0,24.0,53.0,29.17220859,92.21405224,6.293486295,21.30290472,Muskmelon
0.0,65.0,15.0,23.46168338,23.22197648,5.645435626,95.84253438,KidneyBeans
37.0,35.0,35.0,29.194433,54.912596,6.376226,702.928485,SunflowerSeed
63.0,41.0,45.0,25.29781791,86.8870535,7.121933579,196.6249511,Jute
28.0,6.0,40.0,22.10621387,91.34039616,6.769855664,106.8704803,Pomegranate
43.0,16.0,33.0,30.994104,77.06812,4.91236,983.140644,Cassava
133.0,49.0,210.0,31.623142,79.513597,5.805656,2500.0,Plantain
4.0,59.0,19.0,26.25070298,67.62779652,7.621494566,40.8106299,Lentil
42.0,29.0,49.0,23.511572,78.030441,6.279506,1992.411207,Vanilla
116.0,25.0,50.0,29.26092798,92.92367701,6.088885814,28.70627683,Muskmelon
39.0,18.0,24.0,25.232153,51.68727,7.294053,540.006272,SunflowerSeed
31.0,25.0,12.0,18.05142392,90.03969587,7.016482298,111.7793889,Orange
63.0,42.0,21.0,23.26237612,72.33125523,5.798423908,67.10225139,Maize
112.0,58.0,85.0,28.767585,78.014998,7.684302,1694.79028,Sugarcane
20.0,41.0,20.0,29.27308605,89.4875022,7.073048264,50.9246554,MungBean
107.0,51.0,99.0,27.475635,74.757997,7.389288,1655.475422,Sugarcane
34.0,48.0,48.0,41.04224355,91.37258067,6.805277038,181.527598,Papaya
42.0,12.0,22.0,29.794796,51.386552,5.670575,676.789758,Cassava
59.0,34.0,62.0,26.181591,66.26595,6.063255,766.585903,Tobacco
77.0,48.0,36.0,25.86705009,84.09985284,7.36008498,154.8390847,Jute
38.0,60.0,20.0,29.84823072,60.63872613,7.491217102,46.80452595,Lentil
94.0,50.0,19.0,23.30355338,73.62548442,5.873242491,97.59081274,Maize
23.0,21.0,26.0,26.45488737,93.45042636,5.901495544,149.2220255,Coconut
22.0,41.0,49.0,18.539704,50.917017,6.658623,614.845679,Onion
37.0,72.0,18.0,18.87614998,24.54038287,5.724242065,105.4120514,KidneyBeans
5.0,19.0,25.0,27.3511056,54.43945147,6.441328044,96.27792547,Mango
6.0,69.0,19.0,26.88630675,41.69617915,4.750929218,94.46748008,PigeonPeas
4.0,13.0,6.0,15.63211033,94.25966183,7.561143224,101.4705704,Orange
1.0,8.0,26.0,27.5136304,94.18955816,5.562911913,156.6732553,Coconut
2.0,75.0,22.0,23.89271875,61.78779413,6.658605362,52.55730112,Lentil
72.0,31.0,56.0,25.444252,86.309726,6.279417,1976.794491,Vanilla
13.0,67.0,18.0,30.5753044,34.75591197,5.384762927,177.5764304,PigeonPeas
90.0,16.0,45.0,24.92093261,80.61750795,6.291540278,50.55710813,Watermelon
52.0,63.0,19.0,29.58949031,68.32176769,6.928898659,67.53021213,Blackgram
27.0,13.0,6.0,13.36050601,91.35608208,7.335158382,111.2266885,Orange
10.0,136.0,204.0,21.19852186,92.15595143,6.276198595,105.8554351,Apple
28.0,37.0,28.0,32.13409675,50.52559148,6.097869767,98.63333684,Mango
17.0,30.0,27.0,29.03065024,90.79093862,5.894027065,205.5720367,Coconut
11.0,14.0,5.0,11.50322938,94.8933184,6.946354724,115.5683776,Orange
11.0,71.0,17.0,19.9191786,21.47324158,5.74644777,82.68554379,KidneyBeans
20.0,74.0,16.0,36.04353699,43.61444121,4.759490199,159.8938645,PigeonPeas
35.0,51.0,17.0,28.79929247,49.84213387,3.558822825,40.85534718,MothBeans
64.0,38.0,50.0,24.167674,69.832212,5.546637,704.232301,Tobacco
26.0,18.0,19.0,28.891024,57.544224,5.099288,1178.339717,Cassava
21.0,11.0,33.0,31.511088,60.745536,4.348983,871.871132,Cassava
22.0,38.0,31.0,31.53356352,53.06009323,5.821106036,98.57025046,Mango
43.0,33.0,65.0,22.909912,60.941072,5.571532,783.531726,Tobacco
83.0,58.0,45.0,25.75528612,83.51827127,5.875345751,245.6626799,Rice
114.0,30.0,51.0,29.24908541,90.06998135,6.069171847,25.93496537,Muskmelon
83.0,26.0,63.0,25.183546,81.004135,5.72466,2258.468054,Cocoa
20.0,60.0,78.0,18.17234999,14.70085967,6.358740355,90.7760707,ChickPea
20.0,9.0,22.0,28.168113,34.025108,6.674087,372.64712,Millet
82.0,40.0,45.0,26.21312799,81.70476368,6.667633355,180.1237765,Jute
25.0,40.0,21.0,27.73329078,81.13903037,6.248900919,44.17580911,MungBean
74.0,17.0,43.0,18.4403,77.027713,4.982974,1836.933204,Tea
4.0,18.0,37.0,22.91843172,85.40695044,7.13147457,106.2817706,Pomegranate
25.0,71.0,24.0,28.49538735,60.44848407,7.187721818,74.91559514,Blackgram
25.0,68.0,77.0,20.09340593,15.11279612,7.701446446,85.74904898,ChickPea
26.0,15.0,17.0,28.282176,42.337685,6.76529,364.44136,Millet
14.0,140.0,197.0,23.35225078,90.90054697,6.071255131,113.0381382,Apple
81.0,53.0,42.0,23.67575393,81.03569343,5.17782304,233.7034975,Rice
43.0,39.0,46.0,17.223903,65.605511,6.284187,912.964213,GardenBean
17.0,36.0,45.0,29.140339,75.881965,6.641565,931.550102,Groundnut
10.0,16.0,26.0,34.098274,79.014774,5.331762,796.647895,Cassava
107.0,12.0,46.0,29.57240298,93.61870344,6.559763394,27.56918621,Muskmelon
1.0,6.0,35.0,27.02269204,95.71935435,6.231662767,147.1682459,Coconut
26.0,72.0,22.0,28.76794904,37.57792132,4.674941549,91.72084869,PigeonPeas
41.0,60.0,70.0,22.30152,58.061746,6.756815,417.624301,Onion
74.0,29.0,55.0,19.825624,63.37787,5.699458,808.705753,Tobacco
6.0,77.0,20.0,25.78746268,60.2816298,6.058306161,49.14337177,Lentil
105.0,18.0,35.0,23.52648086,68.44030686,6.743417121,171.8839938,Coffee
44.0,60.0,55.0,34.2804607,90.55561637,6.825371185,98.54047745,Papaya
36.0,43.0,63.0,18.628068,58.164273,6.857747,338.807901,Onion
29.0,121.0,196.0,22.84852833,94.32130209,6.079497202,123.5977843,Apple
58.0,38.0,47.0,19.281744,59.88049,6.231461,394.962518,Onion
34.0,6.0,27.0,25.84726298,90.92669463,5.860740481,147.8888994,Coconut
34.0,133.0,202.0,15.31413469,80.09711412,5.804799142,74.82144653,Grapes
53.0,73.0,77.0,19.71359733,18.09665739,7.325451279,73.64476535,ChickPea
57.0,57.0,75.0,17.09104223,18.25142068,7.785039076,87.27444866,ChickPea
29.0,16.0,36.0,19.81069447,88.92944254,5.740338002,102.860084,Pomegranate
31.0,53.0,16.0,28.7420098,85.81675947,6.452006451,48.54598575,MungBean
29.0,31.0,36.0,27.571774,72.189578,7.002981,879.271548,Groundnut
95.0,21.0,47.0,27.93114233,93.56161439,6.431970877,20.66127836,Muskmelon
162.0,48.0,215.0,23.053582,84.124561,6.220972,1783.773848,Plantain
24.0,14.0,30.0,31.323543,40.515358,5.882913,418.785561,Millet
28.0,75.0,21.0,24.7741949,50.54621094,6.007508163,114.2821387,PigeonPeas
53.0,42.0,62.0,13.0,69.993619,6.267102,441.499634,Onion
101.0,25.0,52.0,29.09910406,94.22237826,6.750145572,22.52497327,Muskmelon
14.0,55.0,15.0,27.33580911,55.27755933,8.050304395,73.44775287,MothBeans
83.0,94.0,47.0,27.39872329,81.10523402,6.469370954,112.1355384,Banana
77.0,36.0,30.0,24.819856,90.540982,6.196369,1845.902351,Vanilla
150.0,65.0,94.0,31.036855,78.458708,6.308001,1641.295733,Sugarcane
3.0,49.0,18.0,27.91095209,64.70930606,3.692863601,32.67891866,MothBeans
15.0,11.0,20.0,28.461405,39.567924,7.283935,608.01879,SesameSeed
14.0,15.0,21.0,29.016477,44.658158,6.432059,406.40521,SesameSeed
9.0,60.0,23.0,31.96987867,57.17377029,6.276004336,64.25520357,MothBeans
4.0,46.0,15.0,31.01274943,62.40392519,3.504752314,63.77192383,MothBeans
10.0,56.0,18.0,27.99627907,68.6428593,7.32710972,46.10585191,Lentil
36.0,55.0,20.0,27.01470397,84.34262707,6.635968698,55.296354,MungBean
2.0,67.0,18.0,34.51934775,47.52980027,5.921666758,129.0064612,PigeonPeas
6.0,9.0,12.0,31.08368929,90.14362642,7.028746406,109.6894658,Orange
25.0,78.0,76.0,17.48042641,15.7559405,7.228963452,66.96980581,ChickPea
37.0,42.0,24.0,26.268825,64.775313,6.262207,1004.2527,Soyabean
39.0,37.0,25.0,33.33024826,45.61143594,6.953246506,98.28583013,Mango
165.0,38.0,193.0,27.332842,84.918438,6.00225,2112.670757,Plantain
132.0,47.0,112.0,30.120027,69.627432,6.14492,1694.941548,Sugarcane
69.0,29.0,97.0,27.745601,89.808553,5.579456,2081.798087,Cocoa
43.0,27.0,48.0,29.925926,43.744669,7.223763,596.310755,Sorghum
49.0,42.0,67.0,21.886234,49.42058,6.97182,413.599791,Onion
54.0,26.0,55.0,27.284541,63.141971,6.048968,858.380197,SweetPotato
83.0,7.0,45.0,29.08417927,90.73891887,6.704104127,25.33014238,Muskmelon
40.0,26.0,42.0,24.98696,62.772466,6.916952,845.191149,Groundnut
21.0,14.0,18.0,26.095188,33.464793,6.085476,472.954852,SesameSeed
47.0,15.0,30.0,29.301366,46.399297,6.99835,422.116304,Sorghum
135.0,43.0,16.0,23.47986888,81.73049149,6.720449769,86.76287924,Cotton
24.0,36.0,51.0,29.712977,73.894329,6.212789,840.11548,Groundnut
82.0,29.0,35.0,26.67377159,52.24226285,6.246872394,156.1543898,Coffee
69.0,47.0,40.0,25.37122686,76.2403666,6.130136384,183.8270791,Jute
23.0,7.0,34.0,26.1055118,91.52421214,5.852038202,134.1279669,Coconut
125.0,39.0,21.0,25.03149561,82.21276599,7.954629324,95.0191318,Cotton
100.0,56.0,111.0,30.28323,76.109823,6.559255,1722.40946,Sugarcane
15.0,45.0,23.0,24.20422636,61.43378674,7.224193642,46.0203959,MothBeans
99.0,40.0,32.0,24.18471151,69.94807345,7.045543056,163.2708732,Coffee
83.0,27.0,56.0,25.485654,57.635861,5.682216,744.849081,Tobacco
90.0,42.0,43.0,20.87974371,82.00274423,6.502985292,202.9355362,Rice
94.0,91.0,51.0,29.16093424,76.67484233,5.618094446,109.575944,Banana
25.0,21.0,11.0,32.23797837,90.15406807,6.460044778,104.7052254,Orange
103.0,27.0,69.0,27.086016,87.745787,5.957191,2188.069989,Cocoa
38.0,34.0,48.0,21.029302,69.662156,6.222528,743.687699,GardenBean
46.0,35.0,46.0,23.872647,63.121928,5.853265,562.944012,SweetPotato
99.0,57.0,38.0,24.80624984,82.09281674,6.356295568,156.3616174,Jute
27.0,76.0,83.0,19.12829388,14.92241479,6.289614016,89.61857826,ChickPea
23.0,138.0,200.0,9.851242629,80.22631717,5.96537863,68.42802444,Grapes
111.0,6.0,53.0,26.4930645,88.59143088,6.313512999,46.06382209,Watermelon
30.0,15.0,41.0,32.272973,56.893663,5.130771,988.316233,Cassava
118.0,21.0,51.0,24.42998931,86.33904774,6.678805092,48.58241822,Watermelon
36.0,43.0,21.0,28.36319404,84.8593608,7.140437859,52.93031105,MungBean
49.0,61.0,45.0,32.76795887,94.57377401,6.764213299,240.4795923,Papaya
97.0,74.0,45.0,26.47522633,78.51833782,5.677719902,113.1161095,Banana
95.0,12.0,46.0,26.21667586,81.01009354,6.32281728,54.65423596,Watermelon
77.0,52.0,17.0,24.86374934,65.7420046,5.714799723,75.82270467,Maize
33.0,75.0,84.0,19.46210401,18.72831993,7.217018459,68.81405149,ChickPea
18.0,19.0,27.0,27.75518664,52.34605806,4.772385986,94.11213345,Mango
113.0,38.0,25.0,22.00085141,79.47270984,7.388265888,90.42224164,Cotton
30.0,13.0,25.0,27.15116142,91.48889469,6.413184638,164.9182225,Coconut
37.0,62.0,22.0,24.02037872,61.62313345,7.397546271,49.78102578,Lentil
37.0,22.0,39.0,29.734733,35.512856,6.153037,552.739653,Sorghum
52.0,13.0,37.0,30.426393,44.469822,6.925724,583.128943,Sorghum
21.0,51.0,15.0,29.36488409,89.1886954,6.679127482,48.30159325,MungBean
45.0,21.0,36.0,28.313507,35.025048,6.79479,453.379307,Sorghum
18.0,58.0,16.0,21.47607807,38.80023714,4.962661422,180.382234,PigeonPeas
41.0,35.0,41.0,27.668894,56.507003,6.717956,390.804298,SunflowerSeed
39.0,71.0,84.0,20.28155898,16.39535215,8.140825437,82.52339655,ChickPea
98.0,20.0,66.0,22.764446,84.458328,5.334665,1875.048654,Tea
52.0,28.0,38.0,25.284825,49.770057,7.244908,436.066592,SunflowerSeed
111.0,41.0,18.0,23.64328417,78.1258666,6.10539819,80.96157332,Cotton
117.0,51.0,15.0,22.9535715,78.71555832,6.044556594,99.75336197,Cotton
57.0,32.0,56.0,25.01222,95.403125,6.353241,2178.951478,Vanilla
35.0,25.0,77.0,21.706126,69.162462,6.095587,709.310581,SweetPotato
48.0,62.0,15.0,25.36586097,66.6379724,7.538631462,65.81655892,Blackgram
31.0,11.0,45.0,24.83954414,86.88738076,6.034612928,107.6435771,Pomegranate
105.0,14.0,50.0,26.2148837,87.6883982,6.419052193,59.65590798,Watermelon
39.0,25.0,36.0,18.90223032,94.99897537,5.567805185,107.6103211,Pomegranate
36.0,67.0,25.0,35.95176642,36.52780776,6.418062652,136.0456753,PigeonPeas
98.0,18.0,27.0,27.56088634,68.49299897,6.516312148,167.4358075,Coffee
27.0,69.0,22.0,17.91652287,24.90814655,5.932323085,69.14681022,KidneyBeans
80.0,18.0,51.0,28.05380704,91.81758779,6.706053225,20.76582087,Muskmelon
73.0,25.0,67.0,26.907472,91.222461,5.592372,2221.714598,Cocoa
32.0,25.0,35.0,30.70126,56.407144,7.098477,445.985738,Sorghum
27.0,71.0,23.0,23.45379018,46.48714759,7.10959773,150.8712202,PigeonPeas
44.0,55.0,25.0,29.6321052,65.91359954,7.42160832,71.16331975,Blackgram
5.0,59.0,15.0,18.87492997,20.18238348,5.97229163,134.1811718,KidneyBeans
196.0,32.0,269.0,28.050702,86.290399,5.660639,1495.244854,Plantain
94.0,17.0,42.0,17.589429,77.539245,5.005684,2257.619049,Tea
8.0,58.0,17.0,28.75273118,69.15640149,7.286049978,35.15426171,Lentil
56.0,79.0,15.0,29.48439992,63.19915325,7.454532137,71.89090748,Blackgram
51.0,28.0,80.0,21.621624,72.974091,6.222173,866.937237,SweetPotato
20.0,45.0,22.0,29.5888162,89.9939693,6.904587016,54.96121262,MungBean
15.0,23.0,36.0,26.751681,59.692534,6.809652,748.940178,Groundnut
88.0,36.0,90.0,29.280053,95.237538,6.105796,1820.77202,Cocoa
30.0,120.0,200.0,38.06099482,82.24729637,6.234904253,65.70148216,Grapes
46.0,23.0,39.0,27.187365,50.78911,6.264172,500.042237,Sorghum
96.0,41.0,40.0,23.58419277,72.00460848,6.090060478,190.4242157,Jute
95.0,44.0,85.0,30.174722,89.953104,6.369088,1723.874582,Sugarcane
92.0,21.0,56.0,17.913544,85.852389,4.736715,1688.401774,Tea
52.0,60.0,79.0,19.45339934,18.23490739,8.380185271,75.6317566,ChickPea
22.0,60.0,18.0,19.59221047,61.28633405,6.74398035,41.7704893,Lentil
39.0,60.0,21.0,34.89814946,63.59948557,6.97297656,64.72797143,Blackgram
32.0,43.0,22.0,31.99928579,54.1077461,5.270749441,71.6266696,MothBeans
9.0,10.0,10.0,22.3551049,93.52211892,6.010391864,101.5164589,Orange
11.0,132.0,197.0,15.99050693,81.23966573,5.734317007,74.40198861,Grapes
92.0,85.0,51.0,29.22118628,81.08183635,5.740764682,108.8616474,Banana
57.0,50.0,57.0,14.299766,67.646641,7.235773,476.801492,Onion
18.0,5.0,11.0,20.87947369,90.93756231,6.251586885,102.4550786,Orange
29.0,18.0,37.0,25.221334,51.092589,7.448676,545.456912,SunflowerSeed
76.0,44.0,17.0,20.41683147,62.5542482,5.855442401,65.27798457,Maize
6.0,13.0,9.0,34.51423957,90.56151463,7.786725333,118.3271968,Orange
27.0,60.0,17.0,26.41768321,63.64698302,7.026795359,64.42177127,Blackgram
36.0,40.0,63.0,14.67683,59.652216,6.298777,471.069751,Onion
51.0,39.0,32.0,24.594442,76.688821,6.594681,974.368654,Soyabean
50.0,30.0,47.0,25.867267,57.567798,5.620467,843.306661,Tobacco
37.0,57.0,20.0,31.1006247,44.82069159,7.354286985,70.79934452,MothBeans
74.0,27.0,47.0,23.035404,85.317827,6.398762,1892.291829,Vanilla
39.0,64.0,52.0,28.91842453,94.63676767,6.678695788,63.68794608,Papaya
8.0,28.0,37.0,23.88404783,86.20613842,6.082571701,108.3121789,Pomegranate
107.0,43.0,18.0,22.426733,81.53480799,6.745104394,65.54475812,Cotton
33.0,134.0,205.0,21.0365275,94.33919546,6.08551916,114.7412734,Apple
44.0,43.0,29.0,26.313986,73.715459,6.420024,753.685864,Soyabean
24.0,42.0,23.0,28.22471276,82.35916228,6.428054409,44.01206619,MungBean
29.0,15.0,30.0,27.244168,32.065252,6.887438,484.438935,Millet
26.0,24.0,43.0,26.206864,38.407609,7.256617,750.0,SunflowerSeed
40.0,21.0,8.0,34.90665289,92.87820148,7.418761774,102.1906333,Orange
18.0,55.0,23.0,21.9989826,56.31006755,6.98571967,136.8274312,PigeonPeas
35.0,14.0,40.0,30.442963,67.536706,4.440573,1206.529066,Cassava
50.0,20.0,48.0,23.238182,53.766083,7.007998,519.886196,SunflowerSeed
47.0,33.0,61.0,26.471928,70.902513,5.793818,801.242314,SweetPotato
59.0,69.0,80.0,19.07937684,17.86754927,8.165359297,69.40619137,ChickPea
17.0,64.0,17.0,21.02213209,24.93896255,5.662699104,124.6118471,KidneyBeans
42.0,18.0,38.0,28.691849,37.838179,6.297134,447.350681,Sorghum
84.0,33.0,89.0,26.607078,83.382948,6.031685,1950.760751,Cocoa
50.0,33.0,60.0,24.455259,66.391794,5.897814,1041.60647,SweetPotato
73.0,23.0,62.0,20.57663,82.316224,5.295448,2357.633005,Tea
29.0,26.0,33.0,21.627404,67.395533,6.619708,676.479897,GardenBean
73.0,19.0,49.0,18.098778,72.790255,4.807934,1919.559926,Tea
28.0,74.0,81.0,18.01272266,18.30968112,8.753795334,81.98568791,ChickPea
70.0,18.0,66.0,17.196771,80.042653,5.317953,2052.005383,Tea
52.0,26.0,49.0,33.799764,48.05235,6.186616,434.63291,Sorghum
30.0,127.0,204.0,22.50050273,92.45878335,6.126436584,100.9343903,Apple
17.0,11.0,32.0,31.636925,34.790244,5.921083,369.82367,Millet
100.0,58.0,41.0,23.17403323,87.88255345,6.658769991,160.6217342,Jute
22.0,51.0,16.0,27.96583691,61.34900107,8.639586199,70.10472076,MothBeans
54.0,67.0,52.0,35.67667332,93.30641944,6.586107335,141.3381168,Papaya
6.0,140.0,205.0,17.66558428,82.92903419,6.313085601,69.8671263,Grapes
48.0,65.0,78.0,17.43732714,14.33847406,7.861128148,73.0926704,ChickPea
109.0,91.0,53.0,29.66727337,83.51014178,6.010095853,110.2511102,Banana
5.0,35.0,20.0,28.92952635,53.57014709,9.679240873,66.35634104,MothBeans
94.0,53.0,40.0,20.27774362,82.89408619,5.718627178,241.9741949,Rice
117.0,34.0,25.0,24.83846178,56.7685316,7.21270048,124.4135035,Coffee
27.0,10.0,20.0,31.985367,47.910562,6.502509,533.924654,SesameSeed
14.0,21.0,35.0,29.52501367,91.91185319,6.121005506,194.3100272,Coconut
24.0,15.0,18.0,28.1379,45.543678,6.307075,380.627607,SesameSeed
34.0,18.0,21.0,32.085975,34.627922,6.481603,392.721567,Millet
29.0,40.0,57.0,18.419524,55.364747,6.737822,412.191121,Onion
9.0,11.0,8.0,24.85903405,94.39000473,6.559236744,111.7803734,Orange
40.0,11.0,44.0,24.45840036,86.10874614,6.322396027,111.3779693,Pomegranate
102.0,26.0,79.0,25.01362,85.2096,6.027954,1620.675681,Cocoa
26.0,35.0,46.0,26.867799,69.706536,6.420372,838.849117,Groundnut
33.0,77.0,21.0,30.32992227,65.62971858,7.01285529,71.64631281,Blackgram
12.0,31.0,26.0,35.7877738,51.94190321,5.395275719,100.2160615,Mango
32.0,56.0,37.0,16.519013,67.423085,7.042385,420.221737,Onion
63.0,37.0,50.0,24.477741,85.007636,5.927978,1711.485886,Vanilla
104.0,73.0,46.0,29.1400919,80.1190228,6.28236237,90.45142867,Banana
27.0,16.0,39.0,32.335926,74.185996,4.937729,1252.781705,Cassava
93.0,47.0,37.0,21.53346343,82.14004101,6.500343222,295.9248796,Rice
82.0,40.0,40.0,23.83067496,84.81360127,6.271478838,298.5601175,Rice
88.0,78.0,45.0,29.10403455,79.19588629,6.324270089,92.07835761,Banana
20.0,19.0,35.0,34.17719782,50.62161586,6.113935087,98.00687989,Mango
37.0,24.0,13.0,19.14381903,90.71037456,7.8546243,108.0230792,Orange
109.0,10.0,53.0,26.81938687,87.8274604,6.551750306,46.06193778,Watermelon
66.0,53.0,41.0,25.0756354,80.52389148,7.778915154,257.0038865,Rice
26.0,16.0,28.0,26.685493,39.698772,5.980579,266.596719,Millet
87.0,6.0,45.0,29.82729394,90.79007335,6.40077205,22.84203589,Muskmelon
31.0,40.0,22.0,29.40889385,86.16063492,6.365513634,53.35486977,MungBean
47.0,26.0,57.0,20.581129,60.242773,5.442783,874.504101,Tobacco
58.0,61.0,15.0,30.94908189,64.23364112,7.402891666,62.78730907,Blackgram
43.0,23.0,40.0,25.431289,56.727129,7.151219,533.532811,SunflowerSeed
79.0,30.0,53.0,22.59716,60.821107,5.685146,694.888376,Tobacco
107.0,45.0,25.0,23.0865933,83.55546146,7.227745516,71.84080724,Cotton
58.0,55.0,47.0,26.05375792,93.69111672,6.742490027,240.6863901,Papaya
5.0,16.0,31.0,35.96054636,48.69677802,4.555688532,98.00644238,Mango
111.0,29.0,31.0,26.05968403,52.31098539,6.136286518,161.3432535,Coffee
26.0,12.0,24.0,26.984383,45.090585,6.41693,372.799258,Millet
88.0,19.0,28.0,18.761646,82.074963,4.898244,2306.787427,Tea
90.0,59.0,35.0,24.25133493,89.86454053,7.098227926,175.1742112,Jute
86.0,59.0,35.0,25.78720567,82.11124033,6.946636369,243.5120414,Rice
134.0,52.0,18.0,23.9643129,76.59175937,7.994679507,76.13090645,Cotton
42.0,38.0,48.0,21.832914,86.230942,6.392054,758.611087,GardenBean
27.0,8.0,30.0,26.44600063,98.29937782,6.008386283,221.2258168,Coconut
98.0,48.0,124.0,25.33475,75.524843,6.511723,1409.793944,Sugarcane
44.0,28.0,58.0,22.359305,71.206594,5.599275,726.858536,SweetPotato
92.0,35.0,40.0,22.17931888,80.33127223,6.357389366,200.0882787,Rice
52.0,26.0,72.0,23.477578,68.652201,6.082877,987.381344,SweetPotato
23.0,31.0,37.0,27.265456,62.976928,5.99771,865.669373,Groundnut
44.0,33.0,37.0,21.727777,80.997227,6.403389,744.407955,GardenBean
24.0,18.0,6.0,26.56608303,94.45239715,6.285312759,116.3796525,Orange
28.0,35.0,22.0,29.53037621,86.73346018,7.156563094,59.87232071,MungBean
35.0,125.0,204.0,19.6491772,80.15215777,6.107741788,73.69529586,Grapes
23.0,58.0,19.0,24.17093241,58.25204566,5.243634849,59.18953429,MothBeans
84.0,38.0,47.0,26.468084,71.739335,5.914002,775.888752,Tobacco
32.0,57.0,18.0,15.53834801,23.75560241,5.695422863,107.3850593,KidneyBeans
99.0,16.0,30.0,23.52652084,65.44340921,6.392791654,186.1728203,Coffee
47.0,46.0,52.0,23.19451074,91.40301608,6.502289473,206.3999208,Papaya
27.0,56.0,20.0,29.2114218,87.11497805,6.41874299,51.53848218,MungBean
106.0,21.0,52.0,28.89578588,94.78993038,6.286515359,23.0362503,Muskmelon
37.0,40.0,31.0,26.873259,77.256531,6.477072,831.666027,Soyabean
146.0,41.0,259.0,25.569406,78.257277,5.858555,1550.640733,Plantain
33.0,36.0,42.0,22.012487,68.31595,5.951018,774.881159,SweetPotato
19.0,21.0,16.0,28.783179,41.397309,5.709615,518.857685,SesameSeed
16.0,6.0,29.0,29.28725038,91.95614918,5.868285082,132.1491176,Coconut
74.0,54.0,38.0,25.65553461,83.47021081,7.120272972,217.3788583,Rice
0.0,21.0,32.0,35.89855625,54.25964196,6.430139436,92.19721736,Mango
50.0,24.0,70.0,27.054316,84.126657,6.132041,2232.230586,Vanilla
118.0,49.0,123.0,28.94582,79.429423,6.675272,1953.618421,Sugarcane
41.0,48.0,55.0,19.406297,75.0,6.839619,507.151622,Onion
54.0,65.0,47.0,27.92765919,91.55594211,6.721835879,149.9107557,Papaya
24.0,27.0,9.0,18.86883219,93.24688124,6.157135092,119.3936976,Orange
24.0,45.0,19.0,26.85851927,48.8246387,5.952384957,34.7426459,MothBeans
56.0,59.0,55.0,37.03551903,91.79430166,6.551892638,188.5181422,Papaya
90.0,32.0,87.0,27.440775,91.628196,6.05833,1701.845957,Cocoa
33.0,138.0,198.0,22.29423493,90.69033986,6.222390798,122.7418744,Apple
42.0,32.0,36.0,18.394218,76.123257,6.340952,811.88863,GardenBean
22.0,43.0,24.0,25.42517036,53.2208266,4.52363558,46.19374559,MothBeans
74.0,39.0,23.0,22.6265115,65.77472881,6.78073637,88.17251033,Maize
57.0,41.0,39.0,18.959478,65.688858,6.567706,559.979638,Onion
16.0,55.0,19.0,19.54314136,47.19188279,6.413543781,192.4372194,PigeonPeas
38.0,36.0,21.0,28.02952623,84.8845732,6.556372966,36.12042927,MungBean
124.0,50.0,103.0,26.430233,72.451012,6.476296,1640.928012,Sugarcane
32.0,11.0,31.0,25.06871967,93.31410447,6.205931638,134.8419069,Coconut
98.0,7.0,45.0,27.79161808,92.51054946,6.157724816,26.85422624,Muskmelon
22.0,11.0,29.0,28.03380598,95.01630593,5.955742971,218.0055713,Coconut
3.0,56.0,17.0,28.19912143,53.50567601,8.709291688,52.13580529,MothBeans
49.0,37.0,32.0,25.29478,49.149748,6.792545,602.41869,SunflowerSeed
107.0,38.0,29.0,26.65069302,57.56695719,6.35118177,145.105065,Coffee
53.0,65.0,76.0,20.19137759,16.41998269,8.719960893,77.33795356,ChickPea
27.0,139.0,205.0,22.48403042,93.40819246,5.772179946,105.5473627,Apple
29.0,17.0,24.0,31.991358,47.468077,5.147217,376.673213,Millet
32.0,33.0,42.0,28.699701,73.186573,6.386769,814.332687,Groundnut
129.0,47.0,20.0,24.41212325,80.80343786,6.281913858,98.60457373,Cotton
84.0,18.0,46.0,27.08808014,93.42402083,6.781050373,25.32159689,Muskmelon
22.0,133.0,201.0,23.81995682,80.12211649,6.00299607,67.2739864,Grapes
81.0,49.0,20.0,18.04185513,60.61494304,5.513697923,104.2321615,Maize
27.0,145.0,205.0,9.467960445,82.29335466,5.800242694,66.02765219,Grapes
47.0,37.0,45.0,19.111903,78.305502,6.363704,566.364022,GardenBean
94.0,37.0,41.0,24.7634518,87.06071115,6.463538707,179.1630865,Jute
6.0,30.0,40.0,22.77035608,91.45498527,6.36137446,106.9659201,Pomegranate
60.0,46.0,53.0,24.48620746,92.98254537,6.761953186,183.49095,Papaya
38.0,27.0,49.0,22.338066,49.916161,7.179773,681.31429,SunflowerSeed
80.0,43.0,43.0,23.78756036,74.36794079,6.014572075,172.6442654,Jute
37.0,56.0,25.0,22.05592283,19.60379304,5.774755144,126.7265372,KidneyBeans
1.0,15.0,9.0,29.98364695,94.55239717,7.53350946,115.3560318,Orange
21.0,63.0,22.0,25.09737391,67.72837887,6.859409487,74.61649888,Blackgram
2.0,51.0,17.0,25.87682261,45.96341933,5.838508699,38.53254678,MothBeans
86.0,22.0,58.0,16.149872,81.615419,5.016764,2096.153993,Tea
109.0,26.0,45.0,28.27973674,90.38971208,6.224535449,21.58992507,Muskmelon
36.0,18.0,35.0,31.950395,52.594247,6.93855,500.016565,Sorghum
111.0,5.0,52.0,29.8843055,94.0371147,6.135996372,21.0000988,Muskmelon
110.0,71.0,54.0,28.67208915,82.20793613,5.725418961,94.37987496,Banana
20.0,21.0,29.0,26.881005,55.0,5.947628,385.142148,Millet
52.0,28.0,39.0,25.005604,85.988361,5.994972,1882.807366,Vanilla
60.0,44.0,23.0,24.7947077,70.04556743,5.722579819,76.72860067,Maize
107.0,23.0,48.0,18.346175,84.680182,4.998055,1985.396115,Tea
22.0,17.0,26.0,28.69818144,47.71875722,4.754435025,99.642454,Mango
4.0,69.0,19.0,19.25100056,47.70351758,5.374358869,149.063196,PigeonPeas
35.0,52.0,19.0,27.10606808,89.89593328,6.698574085,37.45680611,MungBean
109.0,79.0,45.0,27.66752761,79.68542782,6.490074429,108.66464,Banana
90.0,92.0,55.0,27.00932084,80.18546798,6.13465588,97.32531705,Banana
83.0,58.0,23.0,19.74213321,59.66263104,6.381201909,65.50861389,Maize
17.0,58.0,20.0,28.06642822,85.91625451,6.42937879,39.23831035,MungBean
5.0,77.0,19.0,31.08564994,66.68832981,6.242052013,175.9303271,PigeonPeas
25.0,130.0,197.0,39.70772192,82.68593454,5.554831977,74.91506217,Grapes
32.0,24.0,38.0,24.294392,72.721206,6.8,978.887136,SweetPotato
21.0,72.0,17.0,31.52104732,66.55723677,7.580527339,61.71111448,Blackgram
117.0,25.0,53.0,29.11858526,92.12543021,6.413927319,24.52020164,Muskmelon
33.0,26.0,32.0,26.796068,34.508808,7.072608,491.74226,Sorghum
30.0,43.0,33.0,26.424987,74.946273,6.403176,978.279641,Soyabean
91.0,56.0,37.0,23.43191632,80.56887849,6.363472208,269.5039162,Rice
60.0,30.0,47.0,28.260353,60.475154,7.334594,595.491569,SunflowerSeed
10.0,19.0,19.0,30.189514,39.714347,6.939593,476.097757,SesameSeed
12.0,29.0,13.0,22.45616931,91.52781832,7.57125447,118.0069295,Orange
90.0,57.0,24.0,18.92851916,72.80086137,6.158860284,82.34162918,Maize
8.0,45.0,15.0,28.09568993,60.9835384,4.61136408,33.84110759,MothBeans
48.0,23.0,43.0,23.541288,55.679462,6.237505,449.727863,SunflowerSeed
21.0,63.0,17.0,25.08966129,68.17543102,6.559681838,41.45486619,Lentil
47.0,33.0,65.0,23.848332,76.303926,6.672254,777.563444,SweetPotato
31.0,21.0,37.0,26.372626,65.757251,4.73495,1388.764409,Cassava
20.0,28.0,26.0,26.37978453,91.49882979,5.547594847,167.0470997,Coconut
33.0,12.0,8.0,25.26052689,90.31153735,6.822282114,117.3695296,Orange
35.0,44.0,27.0,24.33569,76.569904,6.603774,803.234769,Soyabean
59.0,60.0,84.0,19.03025305,18.66725565,7.690962338,94.70992037,ChickPea
3.0,69.0,23.0,28.67408774,63.18832976,7.299360767,42.96018627,Lentil
5.0,65.0,19.0,18.28072173,68.10365387,6.978361689,48.80253285,Lentil
30.0,41.0,15.0,24.83206631,44.17085032,5.88509677,52.0810886,MothBeans
105.0,95.0,50.0,27.33368994,83.67675197,5.849076099,101.0494791,Banana
45.0,32.0,46.0,28.750465,71.08391,6.633768,800.866561,Soyabean
25.0,12.0,47.0,30.729915,60.599918,5.467113,1001.600036,Cassava
76.0,30.0,101.0,27.795887,84.186672,5.6024,1730.120779,Cocoa
83.0,22.0,54.0,25.89762315,81.96664832,6.277245254,54.49960057,Watermelon
117.0,26.0,30.0,27.92374437,67.96910852,7.079850922,115.2325531,Coffee
26.0,63.0,17.0,29.87854588,65.73085206,6.950300686,44.95654782,Lentil
31.0,25.0,38.0,24.96273236,92.40501423,6.497366677,109.4169192,Pomegranate
6.0,48.0,24.0,28.6362812,84.61431076,6.790736339,48.48319335,MungBean
19.0,15.0,34.0,26.29644905,99.65809151,5.685889066,215.9195049,Coconut
28.0,15.0,15.0,28.707423,44.377279,6.544355,503.463542,SesameSeed
25.0,27.0,27.0,28.915824,71.650959,6.601265,862.61779,Groundnut
67.0,51.0,24.0,23.50297882,61.32026065,5.584171461,64.77791424,Maize
28.0,32.0,40.0,25.197074,77.206087,7.046913,716.327456,Groundnut
31.0,70.0,77.0,20.88818675,14.32313811,6.492546046,90.46228334,ChickPea
140.0,45.0,15.0,25.5308271,80.04662756,5.801047545,99.39557151,Cotton
34.0,27.0,34.0,26.888639,73.363784,6.120475,952.353064,Groundnut
110.0,22.0,47.0,29.03157242,91.82172592,6.243673725,24.93861254,Muskmelon
23.0,11.0,30.0,30.540739,37.495799,7.099979,514.094278,Millet
16.0,139.0,203.0,17.82803682,80.96093443,6.27564088,65.84748763,Grapes
0.0,17.0,42.0,23.20242586,91.19442671,6.859840821,109.0946323,Pomegranate
43.0,50.0,48.0,28.28222883,91.37059792,6.63016515,179.2720807,Papaya
10.0,44.0,24.0,30.99256944,43.02151392,8.0344125,58.27600682,MothBeans
102.0,73.0,54.0,26.4020227,84.41007614,5.720726906,111.0162259,Banana
176.0,48.0,206.0,23.345148,73.730982,6.198146,1781.16231,Plantain
35.0,32.0,45.0,23.131783,65.348795,5.96293,738.481167,Tobacco
25.0,35.0,20.0,28.90245417,43.35365671,8.923095695,71.90018566,MothBeans
19.0,13.0,19.0,31.849801,45.267848,6.536437,378.25877,SesameSeed
102.0,25.0,50.0,28.20480805,92.91440379,6.099662369,20.36001144,Muskmelon
38.0,24.0,33.0,28.28905147,97.00396405,5.973853124,142.9403233,Coconut
29.0,35.0,28.0,28.3471611,53.53903102,6.967417766,90.40260445,Mango
45.0,21.0,45.0,32.629829,46.561931,6.861619,515.487193,Sorghum
118.0,50.0,19.0,22.95604064,82.33733678,6.360812227,66.48339303,Cotton
16.0,18.0,24.0,29.070886,32.084517,6.484634,321.100275,Millet
17.0,52.0,17.0,27.88352946,86.45147631,6.364967184,44.64407105,MungBean
18.0,30.0,29.0,26.7627493,92.86056895,6.420018717,224.5903664,Coconut
35.0,35.0,29.0,21.210028,76.83495,6.227377,749.071144,GardenBean
76.0,20.0,39.0,17.236789,71.923906,4.870116,1974.229132,Tea
25.0,12.0,19.0,31.096051,43.308493,6.908649,457.223381,SesameSeed
97.0,29.0,27.0,27.74576987,54.36976075,7.205078785,139.8619431,Coffee
28.0,68.0,19.0,34.63880966,61.38597868,7.69950698,72.43169115,Blackgram
20.0,40.0,15.0,29.57329479,88.07505524,7.199495368,45.04467075,MungBean
20.0,79.0,77.0,18.54988627,16.02542689,7.64867466,76.32565249,ChickPea
52.0,30.0,63.0,23.216254,87.701629,6.287202,1929.676552,Vanilla
34.0,54.0,24.0,31.2119298,41.55934359,5.026003659,68.80141783,MothBeans
89.0,28.0,33.0,26.44414097,53.83876189,6.993236001,175.3723314,Coffee
132.0,46.0,100.0,27.341309,90.0,6.796188,1448.968329,Sugarcane
74.0,35.0,63.0,29.819925,82.969872,5.928427,1974.113197,Cocoa
78.0,43.0,42.0,21.32376327,83.00320459,7.283736617,192.3197536,Rice
97.0,25.0,50.0,26.22005978,80.90127035,6.093814669,49.08553937,Watermelon
79.0,43.0,39.0,21.66628296,80.70960551,7.062779015,210.8142087,Rice
43.0,27.0,43.0,20.678956,77.281064,6.202345,729.964742,GardenBean
21.0,23.0,42.0,19.54128063,90.29751796,6.902751061,104.3739878,Pomegranate
3.0,63.0,16.0,24.38041875,61.18458224,6.868881708,53.13946695,Lentil
42.0,28.0,35.0,17.524737,75.946345,5.992483,701.582605,GardenBean
36.0,133.0,198.0,25.51939719,83.98351748,6.2286454,69.17281221,Grapes
131.0,56.0,20.0,22.00817088,81.83896111,7.762647875,92.23645249,Cotton
40.0,27.0,45.0,21.6602498,94.79397419,5.885638185,112.4349689,Pomegranate
80.0,45.0,42.0,23.1426498,74.99739774,7.380396262,151.9035477,Jute
39.0,26.0,40.0,20.915477,50.323384,6.598368,559.874335,SunflowerSeed
68.0,31.0,64.0,21.055676,66.415778,5.718765,603.969756,Tobacco
35.0,40.0,32.0,23.268578,51.575017,6.787142,569.968757,SunflowerSeed
43.0,68.0,20.0,29.57812712,66.17587668,7.497469256,69.43895491,Blackgram
98.0,28.0,60.0,26.657385,88.48108,5.81862,1671.626223,Cocoa
31.0,38.0,42.0,20.388579,69.328022,6.33625,862.778025,GardenBean
100.0,76.0,45.0,25.56703012,75.94067692,5.590236025,102.7867717,Banana
22.0,17.0,28.0,30.651589,41.967277,6.58417,227.998144,Millet
58.0,30.0,48.0,23.490108,83.336103,5.94982,2172.508618,Vanilla
98.0,8.0,51.0,26.1793464,86.52258079,6.25933595,49.43050977,Watermelon
31.0,22.0,35.0,22.947807,43.915015,7.594191,534.981838,SunflowerSeed
18.0,125.0,204.0,22.35548159,94.47811755,6.046673619,116.7366261,Apple
105.0,45.0,130.0,32.720467,76.921299,6.597278,1805.751289,Sugarcane
93.0,85.0,49.0,27.96799119,79.28625709,5.694243847,119.4765557,Banana
45.0,58.0,49.0,30.10773379,90.34546355,6.827812549,75.24521981,Papaya
83.0,38.0,35.0,25.70822684,52.88667115,7.18915558,136.7325092,Coffee
47.0,27.0,82.0,23.15727,69.882173,6.230868,638.344845,SweetPotato
44.0,19.0,43.0,25.654661,54.673324,7.069026,438.468612,Sorghum
2.0,24.0,34.0,28.89409382,54.80750249,6.472774648,94.76322976,Mango
27.0,24.0,46.0,26.565372,58.210493,6.461641,808.638433,Groundnut
25.0,19.0,25.0,27.552806,34.441713,6.481592,492.951,Millet
61.0,40.0,54.0,24.430473,61.161172,5.07865,725.400466,Tobacco
69.0,67.0,52.0,27.71948962,94.43877142,6.827305908,82.83061083,Papaya
81.0,36.0,38.0,23.76554749,87.98329901,6.334837865,150.3166152,Jute
70.0,15.0,62.0,19.768451,80.365608,4.917788,2211.454134,Tea
43.0,21.0,32.0,24.116861,75.963845,6.495153,739.191351,Soyabean
7.0,17.0,10.0,10.16431299,91.22320999,6.465913274,106.362551,Orange
52.0,18.0,61.0,20.592635,72.721246,4.750941,1722.630182,Tea
22.0,21.0,21.0,26.645267,39.937329,6.477184,401.105236,SesameSeed
28.0,19.0,19.0,28.344653,37.25619,6.12796,335.980386,Millet
21.0,22.0,56.0,25.466159,50.477897,7.413063,546.98503,SunflowerSeed
49.0,29.0,47.0,29.662357,33.708906,6.554176,467.257405,Sorghum
73.0,17.0,50.0,21.658531,85.752048,4.910258,1948.657648,Tea
58.0,30.0,35.0,23.992175,84.978157,6.216417,1844.525773,Vanilla
58.0,48.0,52.0,22.839158,70.381931,6.486201,440.601058,Onion
33.0,10.0,36.0,29.339068,63.624455,5.157781,1085.655257,Cassava
59.0,62.0,52.0,43.67549305,93.10887229,6.608667684,103.8235658,Papaya
28.0,70.0,21.0,25.39038396,60.4989659,7.437373666,39.18374505,Lentil
2.0,21.0,44.0,18.92157197,87.31290342,6.56893406,102.8013275,Pomegranate
13.0,17.0,45.0,21.25433607,92.65058936,7.159520979,106.2784673,Pomegranate
25.0,32.0,43.0,24.616429,55.311538,6.808112,683.034516,SunflowerSeed
67.0,29.0,56.0,22.090297,92.357089,6.038134,2027.656602,Vanilla
97.0,12.0,47.0,25.28784623,89.63667876,6.765094964,58.28697664,Watermelon
58.0,66.0,79.0,20.99373558,19.33470387,8.718192847,93.55280105,ChickPea
63.0,37.0,45.0,23.007223,90.751608,6.209558,1834.943726,Vanilla
99.0,55.0,35.0,21.7238313,80.2389895,6.501697816,277.9626192,Rice
41.0,45.0,22.0,26.674848,73.131571,6.089929,980.50935,Soyabean
78.0,27.0,51.0,23.517861,69.453218,5.709028,782.52595,Tobacco
79.0,38.0,47.0,23.477946,84.293947,6.037928,2174.173558,Vanilla
24.0,14.0,47.0,26.526255,62.205545,5.072747,830.016994,Cassava
58.0,75.0,25.0,25.25596239,61.36669662,7.261791753,68.64685069,Blackgram
123.0,44.0,21.0,25.78544484,75.00539324,7.641116569,91.39578861,Cotton
101.0,31.0,26.0,26.70897548,69.71184111,6.861235184,158.8608887,Coffee
19.0,21.0,34.0,30.01592643,53.19212381,5.074272692,97.72843182,Mango
101.0,13.0,54.0,25.42900869,82.91481799,6.828982708,56.34144589,Watermelon
105.0,47.0,106.0,31.755938,76.496706,6.692764,2109.789872,Sugarcane
37.0,5.0,34.0,25.79490531,93.84150618,5.779032666,152.4238712,Coconut
19.0,51.0,25.0,26.80474415,48.23991436,3.5253661,43.87801983,MothBeans
59.0,29.0,50.0,24.649157,87.610616,6.338381,2067.909991,Vanilla
92.0,40.0,30.0,23.35723208,55.18792166,6.026287448,171.6976946,Coffee
39.0,30.0,38.0,20.12644921,87.59629625,6.965156738,108.065579,Pomegranate
78.0,37.0,22.0,25.34217103,63.31801994,6.330554389,74.52082026,Maize
52.0,50.0,39.0,19.503749,55.366846,6.676493,524.453245,Onion
99.0,15.0,27.0,27.41711238,56.63636248,6.086922359,127.92461,Coffee
26.0,14.0,17.0,31.58173,39.401139,6.680245,546.613959,SesameSeed
116.0,40.0,33.0,24.91370487,54.15319242,7.042089492,129.5481144,Coffee
137.0,46.0,94.0,23.94382,73.093435,7.515167,1906.226836,Sugarcane
44.0,57.0,53.0,42.30495821,90.51431779,6.93172108,74.876786,Papaya
36.0,65.0,80.0,18.2872007,16.67921616,6.051091339,74.87445574,ChickPea
26.0,10.0,29.0,24.734981,70.066188,5.230829,600.0,Cassava
11.0,45.0,19.0,28.70012137,44.359648,3.828031463,44.11622138,MothBeans
29.0,25.0,37.0,31.345147,46.60276,5.964562,500.096438,Sorghum
25.0,18.0,35.0,26.860522,63.834219,6.945363,769.503352,Groundnut
20.0,45.0,17.0,28.17458662,83.69659318,6.770955317,37.2464655,MungBean
21.0,17.0,15.0,23.98289638,91.5473145,7.455991072,118.4901697,Orange
53.0,23.0,67.0,26.058214,91.776859,6.488201,2006.754522,Vanilla
31.0,24.0,40.0,25.34311,77.080421,4.278047,957.981178,Cassava
119.0,72.0,55.0,25.99069521,83.33983116,6.220643671,112.0777152,Banana
42.0,62.0,75.0,18.17912258,18.90426935,7.010570541,81.84997529,ChickPea
103.0,16.0,49.0,24.06731461,81.64075303,6.915717008,51.75212401,Watermelon
11.0,41.0,19.0,26.85911286,41.81420849,5.131779302,44.13827124,MothBeans
25.0,60.0,22.0,21.63149148,21.17919701,5.887263027,134.3649948,KidneyBeans
8.0,54.0,20.0,28.3340432,80.77275974,7.034214276,38.7976407,MungBean
22.0,78.0,76.0,17.84851658,19.09172907,8.621662982,76.32470713,ChickPea
28.0,136.0,200.0,23.06204373,92.39544055,6.245858905,114.7399101,Apple
40.0,5.0,32.0,26.07010807,96.7036223,5.981169595,143.533473,Coconut
102.0,51.0,95.0,32.057006,76.080426,7.539719,1569.884292,Sugarcane
39.0,129.0,203.0,34.38922481,83.18392806,5.863996687,71.03001556,Grapes
90.0,49.0,21.0,24.84016732,68.3584573,6.472523287,74.05474936,Maize
22.0,17.0,28.0,26.73938,72.522796,4.515594,973.161407,Cassava
112.0,87.0,48.0,27.19711623,77.3970629,6.200111068,99.46950465,Banana
56.0,39.0,49.0,23.830284,84.914922,6.28901,1896.34922,Vanilla
16.0,14.0,17.0,32.621056,49.316145,6.617415,551.13973,SesameSeed
60.0,32.0,39.0,22.129504,55.453921,5.290025,857.147593,Tobacco
62.0,37.0,53.0,24.446353,85.621308,6.23888,2043.885659,Vanilla
5.0,68.0,20.0,18.72987676,61.33186249,5.001038726,139.8710041,PigeonPeas
67.0,55.0,44.0,26.284017,75.14640198,7.251847296,182.2685447,Jute
39.0,145.0,201.0,36.73126647,80.58931938,5.775600435,72.24230804,Grapes
100.0,10.0,53.0,24.54356968,84.60808277,6.211748957,42.00660251,Watermelon
10.0,125.0,196.0,22.31253665,90.03577124,5.730557448,113.0688155,Apple
24.0,67.0,22.0,20.120043,22.89845607,5.618844277,104.6252153,KidneyBeans
98.0,44.0,21.0,25.77175115,74.089114,6.524478032,107.4931917,Maize
41.0,40.0,55.0,19.847216,61.359695,5.62281,912.118389,SweetPotato
93.0,81.0,50.0,27.71822477,76.57853189,6.036079266,102.2099836,Banana
99.0,31.0,194.0,23.473756,68.350593,6.256702,1520.533504,Plantain
67.0,59.0,41.0,21.94766735,80.97384195,6.012632591,213.3560921,Rice
130.0,49.0,92.0,26.427505,73.137654,6.958401,1437.940387,Sugarcane
46.0,39.0,52.0,23.1146,87.39441,6.115904,2322.559639,Vanilla
104.0,25.0,51.0,28.96361426,93.88482153,6.469983276,23.56130173,Muskmelon
10.0,37.0,22.0,28.7275267,89.12760359,7.069747814,58.52974279,MungBean
24.0,63.0,19.0,19.3479443,55.96805489,4.681576043,194.5921148,PigeonPeas
118.0,21.0,34.0,24.38534644,64.72543073,7.234258375,119.6324109,Coffee
34.0,75.0,24.0,23.50222822,51.29019509,4.760038039,192.3023991,PigeonPeas
92.0,75.0,45.0,29.01207743,77.95192527,5.674403359,90.43495443,Banana
84.0,50.0,44.0,25.48591986,81.40633547,5.935344406,182.6549356,Rice
35.0,57.0,83.0,19.48316794,17.44534641,7.476800943,80.4986291,ChickPea
113.0,20.0,48.0,27.46583649,94.87679041,6.440584681,27.27899847,Muskmelon
37.0,36.0,42.0,27.334453,70.732448,6.536698,828.134672,Groundnut
8.0,120.0,201.0,21.18667419,91.13435689,6.321152192,122.233323,Apple
95.0,35.0,91.0,29.125821,92.883804,6.004702,1981.40546,Cocoa
28.0,123.0,202.0,22.76643029,92.12438519,6.442289294,120.4359949,Apple
23.0,75.0,17.0,24.87425505,64.00213929,7.198076286,48.28137482,Lentil
7.0,56.0,23.0,26.33908791,40.00933429,5.545219232,55.50429227,MothBeans
136.0,48.0,191.0,26.023104,82.000219,5.989623,1921.05876,Plantain
24.0,16.0,28.0,25.067394,68.041578,5.191592,855.408601,Cassava
38.0,120.0,197.0,17.5438296,82.94703302,6.323722572,73.77063744,Grapes
20.0,14.0,16.0,26.79393,40.055569,6.369331,494.11829,SesameSeed
70.0,47.0,117.0,26.176861,69.832143,6.234487,1257.585965,Sugarcane
33.0,22.0,39.0,27.845402,68.65723,6.612135,804.545228,Groundnut
62.0,39.0,28.0,26.335152,71.343495,6.555817,1019.253866,Soyabean
83.0,31.0,39.0,23.429904,90.639398,6.116321,2063.419687,Vanilla
41.0,52.0,40.0,28.91287,78.029165,6.74049,951.866003,Soyabean
87.0,21.0,52.0,27.3506296,94.2911951,6.067665498,27.21244021,Muskmelon
33.0,40.0,49.0,19.230107,72.432038,6.279131,698.521733,GardenBean
50.0,28.0,48.0,25.414422,85.212234,6.235854,1832.096415,Vanilla
95.0,12.0,51.0,25.76484262,84.1726996,6.681606702,44.22066914,Watermelon
4.0,24.0,43.0,22.40423537,88.1508343,7.199504273,109.8695196,Pomegranate
83.0,36.0,54.0,28.068409,82.097707,6.045157,2068.468197,Cocoa
60.0,27.0,68.0,23.813773,91.671089,6.249233,2337.032606,Vanilla
116.0,28.0,34.0,23.44372334,60.39523266,6.42321105,122.2103248,Coffee
108.0,46.0,17.0,24.3017998,84.87668973,6.93221485,65.0247867,Cotton
40.0,61.0,22.0,20.94981756,65.8108757,7.002216044,44.23913012,Lentil
40.0,47.0,35.0,17.308891,83.346789,6.303603,885.107289,GardenBean
32.0,56.0,21.0,27.38538997,88.66663953,6.702772465,58.29933073,MungBean
16.0,80.0,20.0,31.24021696,56.67369054,7.339320929,122.0146733,PigeonPeas
60.0,59.0,22.0,31.86847286,66.74217464,7.191522601,74.22238583,Blackgram
45.0,19.0,38.0,30.042623,43.227118,6.377549,565.431173,Sorghum
28.0,123.0,198.0,23.46260321,91.45665004,5.682751473,111.7763395,Apple
100.0,18.0,52.0,26.20234499,80.38266489,6.87606733,56.47941847,Watermelon
27.0,7.0,26.0,30.698315,34.949794,6.347019,510.320727,SesameSeed
28.0,27.0,32.0,28.94099669,93.00109012,5.764615485,191.7723087,Coconut
82.0,35.0,44.0,26.96656378,78.21047693,6.239011,169.8391177,Jute
27.0,73.0,79.0,19.16288268,15.83500655,7.354973451,82.69766829,ChickPea
4.0,23.0,5.0,22.67594476,93.36348717,7.477935216,110.3332655,Orange
22.0,49.0,22.0,28.23494706,61.5620517,3.71105919,72.66666443,MothBeans
9.0,51.0,19.0,27.04453473,49.32609633,5.49091063,48.25207759,MothBeans
31.0,62.0,52.0,33.7960155,93.00754254,6.99104104,182.026807,Papaya
11.0,72.0,20.0,19.52226241,24.92607153,5.951177452,113.334026,KidneyBeans
110.0,15.0,48.0,28.57819995,92.86597437,6.212567211,27.5987178,Muskmelon
100.0,35.0,36.0,25.31042337,72.01364411,6.346715209,190.5577618,Jute
10.0,9.0,15.0,31.677407,42.160643,6.299921,448.782609,SesameSeed
19.0,7.0,9.0,27.255435,91.71369387,6.969883483,101.139435,Orange
11.0,46.0,24.0,27.65280218,89.80650642,6.459252023,56.52558045,MungBean
13.0,121.0,196.0,22.20700989,93.50574163,6.443382913,120.1593771,Apple
66.0,34.0,53.0,23.28138,91.16456,6.351083,2196.768225,Vanilla
74.0,33.0,40.0,23.768418,68.452648,5.345324,643.419729,Tobacco
184.0,45.0,232.0,22.412624,82.481698,6.559198,1950.494037,Plantain
86.0,40.0,33.0,26.1387869,52.26311691,7.432322234,136.3027766,Coffee
15.0,133.0,199.0,23.99686172,91.61001707,5.824778636,117.6102915,Apple
40.0,65.0,49.0,35.32876402,91.06138506,6.678449318,163.9069365,Papaya
71.0,35.0,24.0,22.27373646,59.52193158,5.826426917,67.96704792,Maize
65.0,23.0,34.0,23.22969,73.359013,5.881888,752.398002,Tobacco
24.0,21.0,42.0,20.82210727,87.22815682,6.999014379,109.4429934,Pomegranate
9.0,25.0,41.0,24.81530144,91.90842992,5.972714857,109.2853418,Pomegranate
35.0,80.0,25.0,28.09269012,44.93322042,4.895927306,197.1144011,PigeonPeas
0.0,23.0,15.0,22.56664172,93.37488907,7.598729065,109.8585753,Orange
34.0,60.0,22.0,17.66148158,18.15302753,5.635231778,100.6711761,KidneyBeans
14.0,128.0,205.0,22.60800988,94.58900601,6.226289556,116.0396587,Apple
45.0,40.0,38.0,19.197405,47.175469,6.550449,535.25688,SunflowerSeed
37.0,65.0,16.0,22.8352024,18.97267518,5.683548308,63.59276673,KidneyBeans
48.0,48.0,51.0,20.549665,58.647039,7.159199,542.622657,Onion
78.0,19.0,45.0,18.731567,84.80782,4.721293,2082.020941,Tea
72.0,41.0,36.0,24.09874353,80.57226761,6.187746776,176.8604109,Jute
14.0,139.0,197.0,21.72484506,92.83975602,6.056529526,121.6961761,Apple
21.0,80.0,20.0,28.20667264,68.27085245,7.350869792,64.32887142,Blackgram
47.0,22.0,55.0,29.818933,39.652847,6.478663,484.493909,Sorghum
83.0,28.0,46.0,22.82086,79.430907,4.919691,2183.696517,Tea
22.0,16.0,20.0,33.272104,34.937355,6.671337,300.0,SesameSeed
10.0,71.0,18.0,19.54284889,66.34777265,6.151029296,173.1106982,PigeonPeas
70.0,54.0,46.0,39.73149053,91.12220596,6.919342407,122.7628653,Papaya
17.0,73.0,18.0,19.50112224,34.51086611,5.632353113,197.3752649,PigeonPeas
34.0,66.0,17.0,18.81097271,21.27833035,5.889614577,125.084915,KidneyBeans
128.0,39.0,87.0,30.604946,80.126412,6.314636,1840.562014,Sugarcane
32.0,71.0,85.0,20.62767492,14.44008871,6.403982316,92.06630306,ChickPea
25.0,19.0,26.0,27.305892,43.293303,6.149254,409.990489,Millet
40.0,28.0,41.0,23.835986,77.187387,6.210959,893.112556,Soyabean
31.0,13.0,33.0,29.69952329,95.21224392,6.342463714,148.3003692,Coconut
38.0,55.0,19.0,33.18184225,38.23184742,5.864623352,198.8298806,PigeonPeas
89.0,39.0,88.0,30.626946,81.418789,6.228441,2000.352059,Cocoa
83.0,23.0,55.0,26.89750174,83.89241484,6.463271076,43.97193745,Watermelon
22.0,55.0,16.0,23.7937153,68.03209183,6.516317561,49.73922097,Lentil
71.0,18.0,51.0,17.295672,82.524828,4.834314,1861.391777,Tea
40.0,37.0,28.0,19.227661,70.576243,6.341272,728.286893,GardenBean
127.0,40.0,253.0,22.73277,77.519457,5.976903,1474.065823,Plantain
34.0,20.0,29.0,29.517485,35.495184,6.973858,517.063497,Sorghum
65.0,38.0,53.0,15.877876,56.299348,6.624326,560.782979,Onion
46.0,20.0,24.0,24.907529,35.623506,6.0,666.307219,SunflowerSeed
118.0,15.0,45.0,24.21495706,84.20576992,6.538006356,48.01138482,Watermelon
101.0,20.0,48.0,24.6774157,82.75411437,6.206247494,57.05709413,Watermelon
10.0,79.0,20.0,24.98287462,66.895409,6.379881442,38.21370568,Lentil
18.0,42.0,41.0,30.648651,71.107397,7.149611,796.783144,Groundnut
77.0,36.0,37.0,26.88444878,81.46033732,6.136131869,194.5766559,Rice
37.0,11.0,36.0,24.24779615,85.56033312,6.710143266,106.9216033,Pomegranate
83.0,57.0,19.0,25.73044432,70.74739256,6.877869005,98.73771338,Maize
20.0,139.0,202.0,23.50201428,92.21083961,5.66999105,107.9868949,Apple
63.0,25.0,71.0,24.270344,63.679507,5.661356,798.90572,SweetPotato
13.0,61.0,22.0,19.44084326,63.27771461,7.728832424,46.83130119,Lentil
47.0,46.0,43.0,26.79424,68.063353,6.505241,798.519227,Soyabean
26.0,22.0,29.0,26.486806,66.421662,6.478316,840.860044,Groundnut
37.0,6.0,13.0,26.03097313,91.50819306,7.511755068,101.2847738,Orange
42.0,79.0,85.0,17.22385224,15.82069268,6.129533877,76.57580954,ChickPea
120.0,19.0,49.0,25.79448878,84.26830701,6.762471629,56.45229202,Watermelon
50.0,25.0,74.0,24.045671,76.633156,5.472465,806.797991,SweetPotato
35.0,31.0,45.0,28.720965,72.001993,6.993133,827.75251,Groundnut
99.0,15.0,27.0,27.0424167,57.27927475,6.501157208,165.6872119,Coffee
49.0,27.0,61.0,26.446371,88.780648,6.244048,1891.70941,Vanilla
76.0,54.0,45.0,24.29496635,77.62976013,6.176618831,184.9800516,Jute
50.0,59.0,47.0,40.76998685,92.09278584,6.747975732,209.8678411,Papaya
80.0,18.0,52.0,27.87317436,91.14849627,6.484799661,24.05207925,Muskmelon
67.0,27.0,81.0,28.94563,81.554004,6.044363,1939.546769,Cocoa
5.0,32.0,33.0,32.32362177,52.5896771,5.842763773,93.36718816,Mango
47.0,24.0,33.0,28.186821,51.78296,7.549794,574.507803,SunflowerSeed
91.0,55.0,15.0,18.09300227,72.61024172,6.376651091,78.96159541,Maize
61.0,38.0,20.0,18.47891261,62.69503871,5.970458434,65.43835393,Maize
34.0,40.0,20.0,24.503046,69.938129,6.571395,803.52619,Soyabean
20.0,20.0,10.0,11.86631922,93.68394562,6.976997772,106.060149,Orange
37.0,124.0,195.0,18.70679077,83.4795292,6.209928251,66.5964488,Grapes
19.0,7.0,10.0,14.78003032,91.22062116,6.118430299,100.1961762,Orange
99.0,29.0,55.0,29.19378695,91.46241065,6.660954816,26.48240255,Muskmelon
81.0,34.0,30.0,25.17787724,62.26244581,6.647765997,135.0119649,Coffee
29.0,132.0,204.0,23.08950736,90.22507299,6.0967531,108.2166601,Apple
103.0,39.0,83.0,27.213598,85.031884,5.931076,1891.312116,Cocoa
48.0,31.0,41.0,28.066038,78.862851,6.110126,765.594309,Soyabean
26.0,12.0,34.0,30.971102,79.309991,5.332134,1177.972794,Cassava
37.0,144.0,197.0,11.18994268,80.8084305,6.415555956,66.34234944,Grapes
63.0,47.0,35.0,26.98582182,89.05587886,7.432768147,193.8778713,Jute
28.0,10.0,37.0,31.718322,57.820402,5.15092,1016.717615,Cassava
50.0,47.0,48.0,24.63676897,90.61964344,6.712772333,218.2299187,Papaya
63.0,32.0,58.0,26.17496,87.669946,6.445206,2235.709931,Vanilla
127.0,43.0,213.0,26.0801,89.903438,6.092033,1783.639567,Plantain
19.0,15.0,21.0,30.817414,26.684198,6.290998,436.966204,Millet
110.0,46.0,261.0,24.33414,85.340346,5.876654,2064.848684,Plantain
32.0,25.0,35.0,18.09903225,85.70786282,5.892913826,107.0050976,Pomegranate
36.0,80.0,21.0,33.64769646,48.41490082,7.066087261,100.4673278,PigeonPeas
23.0,14.0,15.0,28.547625,35.846474,6.215415,558.030183,SesameSeed
119.0,7.0,55.0,26.03867719,84.6378378,6.031424482,44.3993381,Watermelon
133.0,50.0,88.0,24.166415,66.929913,6.011194,1241.723231,Sugarcane
75.0,19.0,59.0,17.907588,91.122637,4.548285,1911.902085,Tea
3.0,134.0,199.0,20.28370163,81.32235739,5.81717753,71.06611222,Grapes
27.0,10.0,38.0,33.261793,61.471011,5.133465,1160.868409,Cassava
87.0,16.0,70.0,20.630305,83.617597,5.346374,1968.533279,Tea
58.0,63.0,81.0,19.81344531,14.69765308,6.515499549,78.96514709,ChickPea
117.0,79.0,49.0,25.40909896,82.36208097,6.176644228,112.9794804,Banana
92.0,29.0,73.0,27.598858,87.968893,6.184114,1644.856098,Cocoa
2.0,24.0,38.0,24.55981624,91.63536236,5.922935513,111.9684622,Pomegranate
1.0,124.0,199.0,23.71059131,93.27392415,5.658473817,112.6676589,Apple
37.0,137.0,199.0,22.63946441,90.18451645,5.697945522,108.3405879,Apple
49.0,76.0,18.0,27.05365239,67.7017527,7.393631868,60.4693835,Blackgram
42.0,25.0,59.0,21.070036,53.624645,6.605182,441.770729,SunflowerSeed
80.0,22.0,95.0,29.398425,74.280692,6.331842,1953.489326,Cocoa
26.0,16.0,29.0,34.199001,35.742521,7.154653,404.040585,Millet
35.0,140.0,197.0,16.77557314,82.75241875,6.106190557,66.76285469,Grapes
11.0,53.0,24.0,28.52396666,55.77264351,7.39389918,61.32935611,MothBeans
33.0,47.0,17.0,24.86803974,48.27531965,8.621514073,63.9187654,MothBeans
104.0,18.0,59.0,16.110607,93.732716,4.891409,2330.143271,Tea
8.0,28.0,38.0,23.22594,94.42971362,6.8444019,105.6917856,Pomegranate
26.0,29.0,41.0,27.197757,68.171482,6.229929,639.435306,Groundnut
90.0,38.0,76.0,27.330792,85.536211,6.229524,1766.503554,Cocoa
7.0,45.0,22.0,25.50634557,44.8302551,9.926212291,74.32635105,MothBeans
121.0,45.0,22.0,22.45942937,81.30681027,6.443785385,64.23026638,Cotton
52.0,70.0,16.0,33.66855394,66.60416867,7.534811833,67.32520551,Blackgram
22.0,11.0,23.0,31.965066,42.891196,6.575761,317.709993,Millet
40.0,23.0,46.0,21.703234,46.734223,6.577555,505.462568,SunflowerSeed
9.0,76.0,25.0,28.88302142,50.12323801,5.70951224,179.2155874,PigeonPeas
83.0,45.0,21.0,18.83344471,58.75082029,5.716222912,79.7532896,Maize
8.0,15.0,33.0,28.97318719,98.09861043,5.50158009,213.9011021,Coconut
44.0,29.0,45.0,29.129027,39.076923,6.513955,400.859328,Sorghum
8.0,16.0,6.0,12.22816189,90.26457428,7.106650373,108.4161706,Orange
3.0,78.0,18.0,20.21368219,68.65257685,6.887130053,50.89732989,Lentil
71.0,54.0,16.0,22.61359953,63.69070564,5.749914421,87.75953857,Maize
43.0,23.0,35.0,31.311307,52.077876,6.614043,536.299496,SunflowerSeed
39.0,140.0,203.0,21.11903604,80.63399198,6.349875906,69.27779761,Grapes
83.0,33.0,52.0,22.221193,60.481483,5.279071,615.507221,Tobacco
51.0,41.0,37.0,25.01826,72.086425,6.446879,801.350879,Soyabean
48.0,20.0,33.0,22.92735,52.033855,6.181025,617.248537,SunflowerSeed
25.0,22.0,25.0,33.56150184,45.53556603,5.977413803,95.70525913,Mango
106.0,16.0,54.0,28.96017885,91.69532178,6.585872508,24.7458198,Muskmelon
47.0,33.0,38.0,21.302937,74.159362,6.093609,700.412183,GardenBean
115.0,48.0,120.0,22.483485,69.655507,6.767404,1003.653383,Sugarcane
58.0,27.0,50.0,24.653677,56.0525,5.491118,842.304483,Tobacco
100.0,6.0,53.0,29.05248036,93.92217834,6.105909623,23.66620626,Muskmelon
146.0,45.0,208.0,22.260738,73.992112,6.982367,1297.626277,Plantain
23.0,13.0,19.0,30.998008,43.589012,6.49196,475.913036,SesameSeed
32.0,13.0,42.0,23.50128217,92.97527546,5.786058032,106.61905,Pomegranate
13.0,73.0,20.0,30.50420876,35.48885969,5.391560418,162.5927723,PigeonPeas
53.0,37.0,28.0,27.718933,81.131133,6.603599,877.937533,Soyabean
102.0,53.0,61.0,27.889197,77.874019,6.646508,1481.921496,Sugarcane
28.0,27.0,24.0,29.428726,64.36133,6.741258,757.543589,Groundnut
11.0,78.0,22.0,23.89756791,22.74378977,5.940546818,112.6616435,KidneyBeans
65.0,36.0,41.0,19.483582,64.14322,5.207703,668.584674,Tobacco
23.0,22.0,41.0,28.451866,66.750787,4.804958,1052.507273,Cassava
96.0,14.0,56.0,23.186347,86.24095,4.839803,1962.698616,Tea
118.0,88.0,52.0,28.65003945,82.68752542,5.843163161,98.75084366,Banana
36.0,27.0,26.0,26.58413917,95.78923137,6.25449571,171.6262299,Coconut
58.0,29.0,48.0,25.664139,91.21977,6.538852,1754.757208,Vanilla
1.0,59.0,23.0,27.46852989,87.17649,7.184398832,43.78420984,MungBean
10.0,141.0,201.0,22.12659387,90.97818277,6.386021424,104.5412275,Apple
41.0,30.0,51.0,24.76732,70.093474,5.459382,621.812244,SweetPotato
86.0,21.0,44.0,15.442248,87.315838,4.910152,1998.204609,Tea
72.0,41.0,36.0,26.50838667,86.84264005,6.065898283,152.9801697,Jute
49.0,35.0,25.0,27.908981,75.826845,6.438878,843.098619,Soyabean
21.0,13.0,13.0,36.0,36.872064,6.652694,437.683672,SesameSeed
56.0,33.0,30.0,25.990472,79.855173,6.161866,797.713588,Soyabean
90.0,39.0,37.0,24.81441246,81.68688879,6.86106911,190.7886386,Jute
24.0,61.0,17.0,22.6371424,65.44544859,6.233269045,38.30411077,Lentil
21.0,38.0,20.0,27.10508014,63.56791363,5.794289715,62.20279647,MothBeans
84.0,55.0,38.0,26.8748389,79.78725152,6.956682743,173.1017097,Jute
33.0,18.0,32.0,31.230735,41.099985,6.869623,395.294368,Sorghum
87.0,25.0,46.0,27.42711692,90.02696201,6.379690748,21.7508774,Muskmelon
21.0,21.0,30.0,27.69819273,51.41593238,5.403908328,100.7720705,Mango
21.0,26.0,27.0,27.00315545,47.67525434,5.699586972,95.85118326,Mango
26.0,10.0,22.0,31.655299,38.149103,5.923956,414.069766,Millet
70.0,50.0,78.0,28.502886,88.212084,6.741716,2149.76544,Sugarcane
113.0,38.0,20.0,22.10718988,78.58320116,6.364729934,74.94136567,Cotton
17.0,16.0,14.0,16.39624284,92.18151927,6.625538653,102.944161,Orange
58.0,24.0,62.0,22.275118,76.135423,5.96097,943.58858,SweetPotato
24.0,45.0,50.0,17.387923,63.72808,6.698232,496.699228,Onion
83.0,95.0,50.0,26.51682337,77.79913575,5.50947065,108.8547508,Banana
32.0,49.0,39.0,30.927392,66.059806,6.538937,690.240083,Groundnut
97.0,29.0,74.0,31.038673,82.781682,5.674988,1736.971186,Cocoa
34.0,73.0,15.0,20.97195263,63.83179889,7.630424083,53.10207889,Lentil
34.0,35.0,41.0,17.030862,60.614296,6.35993,781.165286,GardenBean
49.0,55.0,78.0,18.65580107,16.17772668,7.863113671,81.70769297,ChickPea
120.0,7.0,47.0,24.24782473,83.03687902,6.653867608,54.7657624,Watermelon
13.0,23.0,6.0,23.96147583,90.26408017,7.365338111,102.6958703,Orange
12.0,34.0,28.0,33.36140093,45.02236377,6.13526938,98.81596545,Mango
40.0,17.0,30.0,30.389215,49.677963,6.847368,515.785257,Sorghum
29.0,21.0,31.0,25.392784,39.618853,6.556234,387.699863,Millet
86.0,36.0,24.0,26.54986394,72.89187265,5.787268394,73.33636055,Maize
44.0,21.0,25.0,29.759238,45.880758,7.86565,438.982018,Sorghum
29.0,9.0,36.0,29.136913,53.027905,5.211922,1003.273557,Cassava
24.0,55.0,78.0,17.30287885,15.15405941,6.64919573,75.57790384,ChickPea
40.0,44.0,80.0,20.09388,51.462739,7.010333,431.728042,Onion
25.0,12.0,33.0,26.490175,63.469272,4.859395,1246.471233,Cassava
57.0,53.0,48.0,17.740771,60.010698,6.823483,487.189589,Onion
17.0,18.0,43.0,24.4880844,90.83687246,5.843005428,103.1969341,Pomegranate
50.0,44.0,30.0,27.222177,68.835156,6.402305,995.759346,Soyabean
26.0,122.0,202.0,22.44516988,94.73763514,5.617227184,107.1843273,Apple
35.0,30.0,34.0,28.2974764,95.41122824,6.141502001,182.4482352,Coconut
5.0,23.0,15.0,25.66901098,92.04670813,7.408939392,112.5424199,Orange
82.0,20.0,54.0,29.34033587,90.01506395,6.541150335,21.44532907,Muskmelon
95.0,39.0,29.0,27.35152643,55.99375012,7.13411409,148.9812525,Coffee
81.0,30.0,31.0,24.65090184,51.93952357,7.027585559,135.1386537,Coffee
117.0,82.0,45.0,25.29391516,79.29122198,5.614471478,105.4220251,Banana
108.0,40.0,75.0,26.262104,75.699471,6.360953,1651.658062,Sugarcane
47.0,38.0,55.0,26.085094,66.600718,5.632267,885.761963,Tobacco
2.0,36.0,31.0,30.90225239,49.95955487,5.73171945,91.77522598,Mango
18.0,36.0,23.0,24.01825377,53.76623369,7.214078621,35.03404425,MothBeans
40.0,51.0,17.0,28.66086349,86.12194568,6.860602782,50.01534317,MungBean
64.0,45.0,43.0,25.62980105,83.52842314,5.534878156,209.9001977,Rice
38.0,33.0,37.0,23.519034,49.989027,7.322671,557.410207,SunflowerSeed
33.0,11.0,43.0,28.563726,65.574638,5.007367,1274.295335,Cassava
25.0,37.0,50.0,19.984731,75.255715,6.015263,736.268903,GardenBean
29.0,36.0,36.0,18.842089,70.74837,6.096061,849.016624,GardenBean
57.0,68.0,81.0,17.17012591,17.30457712,8.081095263,72.78624223,ChickPea
38.0,15.0,30.0,28.91862016,48.13974548,5.075504537,97.01331604,Mango
80.0,16.0,46.0,25.50405534,81.40297428,6.940236218,48.47833278,Watermelon
95.0,16.0,46.0,27.0767265,90.14362622,6.74669542,24.4514648,Muskmelon
12.0,20.0,10.0,24.45132792,93.10527686,6.528354932,109.4711098,Orange
87.0,14.0,48.0,29.69238699,92.58862544,6.606033244,29.1102594,Muskmelon
51.0,72.0,75.0,18.88852533,14.99451145,7.104224797,80.1113384,ChickPea
106.0,10.0,49.0,27.72653142,92.00687531,6.350623739,20.21126747,Muskmelon
98.0,27.0,27.0,24.71384065,51.29142534,7.238109556,197.6439711,Coffee
32.0,13.0,23.0,29.850742,43.641104,6.598952,468.903314,Millet
14.0,67.0,25.0,25.28710601,60.85993533,7.241151936,49.37369982,Lentil
29.0,14.0,12.0,28.766638,41.531473,6.271874,388.23064,SesameSeed
48.0,22.0,40.0,32.152014,48.365517,6.668467,375.699299,Sorghum
42.0,39.0,28.0,24.391038,70.923517,6.200548,1004.489597,Soyabean
67.0,29.0,54.0,20.990738,88.993222,6.285094,2202.050444,Vanilla
8.0,72.0,17.0,20.57341244,19.7520218,5.711439256,87.87869161,KidneyBeans
71.0,17.0,52.0,14.308977,81.203073,5.036518,1953.598172,Tea
23.0,70.0,15.0,34.6008247,63.11296779,7.403623355,60.41790253,Blackgram
38.0,51.0,52.0,32.66160599,90.78931681,6.927803911,78.85085502,Papaya
27.0,74.0,20.0,24.69487673,59.96669215,5.859813416,91.95792434,PigeonPeas
20.0,8.0,12.0,25.2990432,94.96419851,7.260416405,117.9733424,Orange
89.0,25.0,34.0,23.07895447,63.65861483,7.184801627,129.8765443,Coffee
27.0,14.0,30.0,28.227126,37.975261,6.388995,548.42049,SesameSeed
58.0,79.0,17.0,27.24766491,66.10123083,7.04174124,62.31842057,Blackgram
46.0,42.0,69.0,21.384557,53.664061,7.072352,586.686648,Onion
31.0,33.0,73.0,21.504158,58.922282,6.91623,568.057552,Onion
161.0,36.0,178.0,24.9952,82.764949,6.303559,1439.920082,Plantain
101.0,42.0,83.0,30.505645,82.310881,6.727036,1468.227538,Sugarcane
74.0,40.0,40.0,25.13842773,83.12053888,6.386259978,169.3388465,Jute
53.0,21.0,72.0,23.153644,70.625207,5.506767,635.371863,SweetPotato
35.0,138.0,200.0,21.19909519,90.80819418,5.67130617,103.6838922,Apple
89.0,11.0,47.0,29.78714005,94.65343534,6.327822962,27.8659442,Muskmelon
56.0,18.0,51.0,28.496061,42.779934,7.285075,493.938857,Sorghum
32.0,37.0,39.0,29.5605,67.897989,6.64167,965.359034,Groundnut
33.0,36.0,30.0,27.470737,71.882278,6.787556,843.581584,Groundnut
8.0,120.0,196.0,24.06679352,82.66396666,6.053662544,69.81855775,Grapes
0.0,19.0,33.0,27.1326009,95.23797989,6.234458417,204.7206567,Coconut
8.0,33.0,29.0,29.98080499,49.48613279,6.442393461,91.82271568,Mango
13.0,57.0,25.0,28.30041493,86.20681554,6.86308576,50.47333854,MungBean
13.0,72.0,21.0,24.32116642,21.0278674,5.821194486,60.27552528,KidneyBeans
31.0,5.0,14.0,17.66545409,91.69865887,6.583411671,110.6857506,Orange
44.0,27.0,37.0,31.026212,44.212458,5.76035,504.79461,Sorghum
133.0,57.0,19.0,23.54234715,75.98203329,7.947011366,84.12536744,Cotton
39.0,17.0,45.0,18.09691127,90.42177379,6.924490731,104.88189,Pomegranate
91.0,13.0,47.0,29.10968327,92.43510994,6.14410903,27.95602304,Muskmelon
43.0,44.0,61.0,17.467438,57.796578,6.5315,461.27863,Onion
63.0,29.0,82.0,25.321654,73.383455,5.574593,688.007845,SweetPotato
16.0,10.0,41.0,24.77464458,85.63608688,6.738993954,105.7595811,Pomegranate
53.0,27.0,58.0,24.992534,65.476212,6.336715,976.540439,SweetPotato
29.0,36.0,25.0,28.28511547,88.4393979,7.130278657,48.56690235,MungBean
28.0,130.0,196.0,22.13450646,94.67695747,6.062356467,112.9203223,Apple
23.0,75.0,25.0,31.07508973,47.19847683,7.077170002,91.31256412,PigeonPeas
31.0,58.0,15.0,27.11026483,84.96771717,7.121571293,51.52617423,MungBean
24.0,9.0,19.0,28.545934,42.232633,6.589571,436.216195,Millet
127.0,25.0,70.0,23.794799,87.543479,6.60404,2261.575828,Cocoa
18.0,7.0,18.0,28.560427,41.125988,5.960091,617.511147,SesameSeed
34.0,6.0,30.0,27.0828252,97.00155491,5.948342571,171.7575545,Coconut
169.0,42.0,211.0,27.148942,68.220265,5.822813,2099.26185,Plantain
39.0,41.0,58.0,17.497972,53.194973,6.895886,435.751133,Onion
192.0,33.0,201.0,21.445985,82.076704,6.295422,1826.467719,Plantain
95.0,57.0,41.0,23.24925555,73.65346838,6.434610995,184.7674863,Jute
28.0,11.0,19.0,30.047408,79.787386,5.217344,1134.864304,Cassava
3.0,77.0,25.0,24.84906168,22.89464642,5.608165195,62.21292186,KidneyBeans
32.0,139.0,198.0,35.89307536,82.66850729,6.358186848,66.53946559,Grapes
28.0,46.0,16.0,29.008124,84.96089355,6.664187809,45.91011391,MungBean
7.0,144.0,197.0,23.8494014,94.34814995,6.133220586,114.0512495,Apple
26.0,47.0,49.0,29.241645,71.105677,7.006015,743.939493,Groundnut
28.0,13.0,37.0,30.133698,55.188824,4.638273,1246.954473,Cassava
89.0,35.0,47.0,21.339859,68.661643,5.624699,865.658165,Tobacco
49.0,19.0,32.0,31.269443,40.749559,7.336562,436.606406,Sorghum
66.0,38.0,50.0,26.152345,59.694554,5.75099,778.378803,Tobacco
91.0,36.0,45.0,24.44345477,82.45432595,5.950647577,267.9761948,Rice
17.0,11.0,32.0,28.74013335,93.39676499,5.620733794,156.7650823,Coconut
122.0,40.0,17.0,24.96440768,81.31677618,6.854558957,80.03995829,Cotton
38.0,41.0,46.0,16.997601,71.775706,6.414401,595.719678,GardenBean
8.0,139.0,199.0,29.36947679,81.53996362,6.336426667,66.13442813,Grapes
140.0,35.0,261.0,21.490183,92.81352,6.57844,1638.031276,Plantain
51.0,25.0,52.0,22.35673,75.5099,6.154919,1058.876986,SweetPotato
26.0,39.0,24.0,26.234128,56.738082,6.559521,813.868944,Groundnut
114.0,40.0,17.0,24.32630461,80.13456404,6.363406102,69.45072055,Cotton
36.0,59.0,46.0,34.28879307,93.61082872,6.721130543,127.2509777,Papaya
30.0,16.0,21.0,27.465526,43.780853,6.542823,567.08558,SesameSeed
57.0,64.0,55.0,26.68386496,92.9585411,6.583760499,62.50689682,Papaya
22.0,55.0,24.0,28.56800579,57.30636014,8.66077954,64.53027638,MothBeans
30.0,64.0,20.0,33.8642935,61.57072498,6.573531614,68.02199825,Blackgram
89.0,25.0,50.0,27.04863538,91.34685096,6.375923383,25.08146686,Muskmelon
16.0,71.0,24.0,18.33124824,38.40975482,4.946369874,139.6483317,PigeonPeas
105.0,93.0,46.0,25.01018457,78.76260938,5.760457558,108.3690513,Banana
92.0,7.0,45.0,26.70607759,81.14149505,6.944640222,51.51033554,Watermelon
35.0,48.0,15.0,27.10818093,87.4512669,6.981758362,55.03723979,MungBean
79.0,42.0,37.0,24.87300744,82.84022551,6.587918708,295.6094492,Rice
129.0,60.0,22.0,24.58453146,79.12404171,5.947448589,71.94608134,Cotton
38.0,18.0,43.0,33.676367,45.113098,7.729174,460.669105,Sorghum
17.0,136.0,196.0,23.87192332,90.49939035,5.882155988,103.0548094,Apple
93.0,94.0,53.0,25.86632408,84.42379269,6.079178788,114.5357503,Banana
13.0,47.0,20.0,29.21780035,87.93724219,6.54450214,43.1386631,MungBean
14.0,22.0,9.0,17.24944623,91.13772765,6.543191814,112.5090516,Orange
108.0,36.0,19.0,22.78249615,77.51235009,7.238566893,64.61444234,Cotton
39.0,36.0,22.0,29.34317422,60.50320928,9.072011412,34.03335472,MothBeans
71.0,56.0,37.0,23.18866654,86.20899734,6.491506245,176.103677,Jute
39.0,52.0,53.0,32.51247398,94.65904123,6.704204398,51.07048113,Papaya
87.0,35.0,46.0,30.154587,80.42547,6.348681,1667.147817,Cocoa
44.0,33.0,38.0,27.634425,68.519316,6.646192,807.387365,Soyabean
56.0,30.0,33.0,28.928073,38.457606,5.5,644.040895,Sorghum
39.0,24.0,39.0,23.65374106,93.32657504,6.431265737,109.8076178,Pomegranate
130.0,59.0,19.0,25.07278712,82.50257909,6.520403794,93.51042684,Cotton
11.0,143.0,197.0,22.98458907,93.3204487,5.875718516,122.1952483,Apple
21.0,14.0,19.0,32.299037,33.765522,5.790412,467.299615,SesameSeed
96.0,18.0,50.0,25.3310446,84.30533791,6.904241707,41.53218699,Watermelon
72.0,20.0,49.0,17.108686,74.098321,4.778654,1616.571265,Tea
20.0,11.0,32.0,30.729165,55.0,5.745723,340.619238,Millet
57.0,32.0,50.0,26.270725,85.647566,6.059534,2286.684591,Vanilla
102.0,41.0,197.0,26.324807,79.468735,6.553252,1964.661469,Plantain
19.0,39.0,28.0,28.578268,64.115024,6.797184,600.0,Groundnut
6.0,66.0,15.0,34.93174223,30.40046769,6.345806011,159.2649827,PigeonPeas
25.0,57.0,24.0,27.65472156,58.59986279,6.974978386,36.94255012,MothBeans
2.0,40.0,27.0,29.73770045,47.54885174,5.954626604,90.09586854,Mango
40.0,45.0,18.0,30.43683729,55.20522037,5.261285926,30.92014047,MothBeans
68.0,69.0,52.0,25.65492304,92.74501561,6.813383387,52.95477913,Papaya
1.0,48.0,24.0,29.34594634,85.60472562,6.232836962,59.03629954,MungBean
63.0,38.0,72.0,24.907348,89.37439,6.226726,2293.225065,Vanilla
58.0,29.0,51.0,22.716674,94.501321,6.349835,2182.674406,Vanilla
33.0,19.0,44.0,29.141396,34.899371,6.363561,488.844298,Sorghum
100.0,35.0,89.0,28.566262,88.073671,6.078493,1771.482822,Cocoa
66.0,42.0,51.0,26.786158,85.420286,6.511972,1961.246679,Vanilla
109.0,12.0,48.0,29.45771748,92.12534736,6.708743843,20.76212031,Muskmelon
91.0,35.0,88.0,27.437593,75.05063,5.790803,1950.931476,Cocoa
40.0,58.0,15.0,29.46416042,87.60890009,6.978400282,43.15411472,MungBean
35.0,41.0,18.0,28.70562673,81.59200689,6.705008504,59.87065439,MungBean
85.0,53.0,38.0,24.90075709,73.84186449,6.588017308,153.8990984,Jute
39.0,138.0,203.0,21.19339319,82.33098331,6.399433771,74.62834921,Grapes
82.0,24.0,26.0,24.31274458,53.57285558,6.089443603,184.4103931,Coffee
5.0,68.0,20.0,19.04380471,33.10695144,6.12166671,155.3705624,PigeonPeas
77.0,29.0,58.0,22.213298,69.113516,5.979866,794.670361,Tobacco
53.0,25.0,68.0,17.180792,70.589483,7.008569,334.529943,Onion
45.0,27.0,35.0,23.813666,46.973464,6.247885,584.300901,SunflowerSeed
93.0,20.0,50.0,29.93061247,93.22980899,6.448792689,24.34814338,Muskmelon
39.0,28.0,41.0,25.230078,62.145738,6.945155,902.225064,Groundnut
41.0,33.0,42.0,18.686491,69.902862,6.44998,751.282864,GardenBean
56.0,30.0,41.0,29.320104,76.358981,6.439287,898.308124,Soyabean
38.0,77.0,22.0,28.234829,69.3159965,6.313284268,35.36831423,Lentil
24.0,140.0,205.0,12.087022,83.59398734,5.93202852,68.66813363,Grapes
7.0,31.0,27.0,31.32863689,47.59319575,6.524114355,94.67344737,Mango
65.0,54.0,39.0,23.75091572,71.14782585,7.124571593,160.0889553,Jute
22.0,44.0,24.0,24.30935081,56.32938343,6.030447288,58.99536268,MothBeans
28.0,13.0,23.0,31.355054,42.841792,6.398288,461.161216,Millet
88.0,55.0,45.0,24.63544858,80.41363018,7.730367824,253.7202781,Rice
21.0,29.0,12.0,22.30318989,92.15987039,6.438668989,117.3688104,Orange
26.0,68.0,24.0,28.04849594,64.07691942,7.504930973,37.15824966,Lentil
26.0,17.0,24.0,27.133037,68.924245,5.908277,1138.087421,Cassava
98.0,79.0,50.0,25.34119774,84.47321314,6.435917308,91.06493353,Banana
20.0,62.0,18.0,29.36358721,64.98742947,7.366542647,61.91208707,Blackgram
129.0,42.0,227.0,25.561956,78.922913,5.951922,1996.709328,Plantain
70.0,22.0,47.0,24.480251,52.232567,5.705896,865.234864,Tobacco
45.0,39.0,68.0,17.991669,64.557,6.845977,329.136012,Onion
66.0,58.0,35.0,23.5643831,79.46283115,7.321619041,185.25947,Jute
54.0,21.0,39.0,31.355751,55.651865,7.380961,430.629583,Sorghum
27.0,33.0,37.0,26.085138,65.8494,6.271459,1003.01952,Groundnut
26.0,12.0,15.0,31.671175,33.036189,5.622247,482.937607,SesameSeed
27.0,44.0,61.0,17.367135,63.444252,6.88168,459.272496,Onion
6.0,7.0,7.0,27.68167318,94.47316879,7.199106204,113.9995146,Orange
43.0,26.0,40.0,26.607049,71.23162,6.474268,708.492724,Soyabean
69.0,35.0,40.0,23.550005,63.846531,5.448342,782.324719,Tobacco
28.0,10.0,25.0,30.816123,37.048585,6.914467,396.077514,Millet
101.0,37.0,18.0,22.92360984,82.68738535,7.63737841,92.91915074,Cotton
22.0,30.0,12.0,15.78144173,92.51077745,6.354006744,119.035002,Orange
31.0,8.0,7.0,34.51465139,93.63812684,7.163245982,103.5684926,Orange
47.0,30.0,46.0,17.000623,70.885735,6.127301,599.977814,GardenBean
92.0,20.0,55.0,25.10474753,87.5267616,6.587791262,59.26519444,Watermelon
120.0,24.0,47.0,26.98603693,89.4138489,6.260838965,58.54876687,Watermelon
19.0,38.0,26.0,31.48451729,48.77926304,4.525722333,93.17221967,Mango
53.0,29.0,46.0,23.24127,57.089911,5.723817,833.699115,Tobacco
107.0,22.0,54.0,27.99611732,90.84660317,6.630301421,21.61893763,Muskmelon
32.0,12.0,30.0,25.39241091,98.08951196,5.579845008,218.080385,Coconut
39.0,22.0,26.0,19.92643,52.512227,7.21785,694.610464,SunflowerSeed
26.0,7.0,36.0,27.934029,72.481304,5.108183,1167.785818,Cassava
36.0,56.0,83.0,18.89780215,19.76182946,7.4526709,69.09512477,ChickPea
140.0,38.0,15.0,24.1472953,75.88298598,6.021439523,69.91563467,Cotton
15.0,140.0,195.0,13.28504331,83.54193816,5.69945282,65.80006004,Grapes
39.0,23.0,51.0,24.765407,40.296969,7.646349,561.902451,SunflowerSeed
4.0,19.0,43.0,18.07132963,93.14554876,5.779427402,106.3602023,Pomegranate
159.0,49.0,203.0,29.075217,78.659165,6.24631,1483.301174,Plantain
20.0,13.0,23.0,28.035348,35.012767,6.491502,523.305157,SesameSeed
86.0,30.0,67.0,28.452476,93.433743,6.197577,2076.552791,Cocoa
46.0,34.0,52.0,27.653033,46.739477,6.409337,519.118176,SunflowerSeed
81.0,16.0,45.0,26.90435747,86.25426228,6.727468157,59.75980023,Watermelon
6.0,139.0,199.0,25.67385024,81.6212135,6.29099842,74.10919422,Grapes
72.0,23.0,62.0,22.991918,94.661009,6.289752,2300.673179,Vanilla
9.0,80.0,19.0,21.80619564,18.57086554,5.945465949,125.0972687,KidneyBeans
89.0,22.0,52.0,24.89681131,86.10782926,6.217300786,53.14626213,Watermelon
120.0,60.0,15.0,22.31871914,83.86129998,7.288377241,65.35747011,Cotton
2.0,47.0,15.0,29.86860065,85.99127934,6.401455706,58.41394143,MungBean
144.0,43.0,166.0,24.883879,73.832457,6.172597,1435.689405,Plantain
14.0,23.0,25.0,26.18552389,96.96637916,5.612122797,135.4186222,Coconut
9.0,35.0,20.0,27.41503453,80.98004661,6.91380932,40.53173216,MungBean
77.0,17.0,61.0,19.314686,83.606748,4.912209,2096.791905,Tea
30.0,40.0,32.0,26.396453,62.918629,6.028856,778.298385,Groundnut
166.0,38.0,222.0,27.555337,66.681332,5.544863,1918.281792,Plantain
64.0,19.0,52.0,21.123622,82.392187,5.040323,1561.842081,Tea
0.0,17.0,30.0,35.47478322,47.97230503,6.279133738,97.79072474,Mango
26.0,26.0,42.0,27.737973,50.063274,6.466929,510.566538,SunflowerSeed
90.0,39.0,43.0,24.44743944,82.286484,6.7693455,190.9684885,Jute
90.0,18.0,47.0,25.0,77.944085,4.598664,1895.236433,Tea
1.0,135.0,203.0,22.77856513,92.70124029,5.624203283,113.7759219,Apple
18.0,14.0,11.0,33.174587,35.444716,6.672345,553.745278,SesameSeed
55.0,43.0,37.0,25.519254,83.274643,6.558994,1181.238486,Soyabean
38.0,16.0,22.0,28.450558,63.788197,5.135041,1500.0,Cassava
120.0,20.0,45.0,25.66576039,88.6984228,6.114128685,54.22722466,Watermelon
52.0,65.0,20.0,32.81705216,66.15665137,6.814301033,68.83924882,Blackgram
105.0,23.0,36.0,19.491515,79.145446,5.140868,1951.374614,Tea
99.0,56.0,17.0,24.10859207,73.13112261,6.234330356,71.07562236,Maize
21.0,62.0,24.0,33.49077065,62.73317204,6.847382891,65.45328463,Blackgram
37.0,64.0,22.0,17.48189735,18.8251973,5.954665349,121.9401369,KidneyBeans
28.0,20.0,16.0,31.157397,34.447452,6.548614,437.67488,Millet
51.0,56.0,18.0,28.12787838,64.2097765,6.706505915,70.86340755,Blackgram
88.0,26.0,75.0,15.536318,86.781154,4.696079,2119.685579,Tea
69.0,21.0,56.0,20.4858,74.675298,4.705999,1982.982713,Tea
74.0,37.0,58.0,20.604084,61.894895,5.0,905.790543,Tobacco
72.0,21.0,65.0,19.702789,81.274613,4.955811,2117.402804,Tea
163.0,42.0,255.0,21.977308,88.395368,6.088363,1716.597295,Plantain
34.0,68.0,51.0,27.34734861,94.17756725,6.687088098,40.35153141,Papaya
19.0,35.0,24.0,27.11030369,83.64274107,6.883308033,49.11964582,MungBean
40.0,70.0,20.0,31.80130272,45.03186173,5.623490043,147.0361442,PigeonPeas
6.0,13.0,29.0,27.31155708,99.96906006,5.832608028,201.8258633,Coconut
32.0,20.0,35.0,26.52166434,98.38227669,5.588655387,144.6261698,Coconut
55.0,23.0,32.0,28.22909,71.256921,6.720787,600.0,Soyabean
38.0,14.0,30.0,26.92449525,91.20106019,5.570745386,194.9022136,Coconut
30.0,15.0,38.0,28.202196,61.370672,4.822283,1216.324863,Cassava
20.0,60.0,22.0,29.65052947,42.89833235,6.876572503,186.9226052,PigeonPeas
48.0,45.0,59.0,21.092156,58.040785,7.114144,588.139029,Onion
28.0,66.0,23.0,21.53989176,24.25386207,5.99616119,120.6913038,KidneyBeans
46.0,26.0,38.0,29.725103,53.354792,5.682163,461.90233,Sorghum
41.0,42.0,39.0,27.048646,68.4886,6.644381,883.01691,Soyabean
41.0,74.0,18.0,28.75751783,61.02701476,6.599147298,73.37686831,Blackgram
95.0,16.0,55.0,25.26931156,87.55055105,6.612847999,40.12650421,Watermelon
27.0,21.0,27.0,23.589779,45.926118,7.494733,511.602829,SunflowerSeed
52.0,51.0,53.0,38.38231475,93.10378595,6.985804083,210.2735346,Papaya
40.0,64.0,16.0,16.43340342,24.24045875,5.926676985,140.3717815,KidneyBeans
93.0,51.0,78.0,29.848862,69.772842,7.228769,1880.870711,Sugarcane
62.0,32.0,65.0,23.448904,73.5844,6.104834,753.418782,SweetPotato
14.0,41.0,17.0,29.12939524,88.48312598,7.085982325,36.45012824,MungBean
40.0,16.0,35.0,31.89356292,49.02450149,6.4841522,89.59371481,Mango
19.0,123.0,200.0,34.76086052,81.03544763,6.167013532,65.70430027,Grapes
49.0,29.0,69.0,21.697164,84.420494,5.657543,672.18636,SweetPotato
79.0,16.0,61.0,18.099738,89.92458,4.848334,2221.514616,Tea
53.0,39.0,40.0,24.565868,69.672118,6.634389,817.558308,Soyabean
38.0,32.0,39.0,19.442874,53.344451,7.060663,680.410397,SunflowerSeed
82.0,21.0,63.0,19.497135,80.942613,4.692982,2007.925594,Tea
67.0,58.0,39.0,25.2827223,80.54372813,5.453592032,220.1156708,Rice
31.0,41.0,39.0,16.065596,78.206157,6.344312,507.360793,GardenBean
5.0,29.0,44.0,21.02432943,93.0569505,5.578095745,104.7847006,Pomegranate
23.0,30.0,44.0,20.93892916,85.42912869,6.12476108,103.0295938,Pomegranate
16.0,65.0,19.0,27.61204997,69.29786244,7.043160241,42.72374404,Lentil
84.0,38.0,43.0,26.57421679,73.81994896,7.26158085,159.3223075,Jute
35.0,10.0,18.0,31.821179,46.165271,6.23933,455.632976,SesameSeed
31.0,29.0,35.0,27.1872282,92.19906776,6.137102505,141.3220576,Coconut
32.0,15.0,39.0,30.646083,56.761201,4.904421,1100.394353,Cassava
38.0,35.0,46.0,29.429916,66.441665,6.52188,916.492716,Groundnut
60.0,61.0,78.0,20.71219282,19.83643308,6.317153205,94.03659867,ChickPea
30.0,16.0,43.0,30.24641,38.454201,6.652546,613.819851,Sorghum
37.0,21.0,43.0,31.477621,43.650864,6.213628,608.852688,Sorghum
56.0,65.0,45.0,38.2016825,93.97379963,6.751298936,218.0908814,Papaya
147.0,42.0,137.0,23.46059,79.015104,5.761806,1253.551184,Plantain
82.0,22.0,38.0,17.471482,83.892916,4.937321,2094.873741,Tea
22.0,56.0,17.0,29.87888063,87.32761241,6.89077995,44.75215854,MungBean
31.0,17.0,24.0,32.575147,40.229428,5.901614,360.58984,Millet
18.0,27.0,41.0,22.36509395,92.30882391,7.175344328,104.8216333,Pomegranate
89.0,53.0,44.0,24.88692811,71.91711523,7.319735475,150.2498675,Jute
54.0,31.0,67.0,22.258771,68.051012,5.879923,822.00319,SweetPotato
117.0,81.0,53.0,29.50704598,78.20585613,5.507641778,98.12565829,Banana
99.0,70.0,46.0,26.59580783,82.99556744,5.727469947,100.5123341,Banana
35.0,39.0,33.0,27.409268,68.990792,6.404546,724.486463,Groundnut
33.0,14.0,8.0,21.03200078,92.9641969,7.684420446,110.6823944,Orange
34.0,38.0,38.0,24.033306,80.82676,6.449447,895.640327,Soyabean
13.0,61.0,24.0,18.29783597,69.6897615,7.629910253,49.39111479,Lentil
89.0,40.0,43.0,26.24532085,72.97198375,7.124050134,189.9711184,Jute
49.0,30.0,68.0,25.345458,83.514615,6.050847,847.016481,SweetPotato
70.0,34.0,67.0,25.390355,65.404998,5.253865,917.645496,Tobacco
32.0,15.0,34.0,24.252015,53.793298,6.590498,579.627221,SunflowerSeed
172.0,39.0,239.0,27.695008,88.572561,5.819881,2175.011445,Plantain
105.0,30.0,50.0,25.29954705,81.77527562,6.37620108,57.04147057,Watermelon
91.0,94.0,46.0,29.36792366,76.24900101,6.149934034,92.82840911,Banana
46.0,43.0,70.0,19.46613,61.503769,6.953055,481.288176,Onion
102.0,46.0,19.0,22.77076388,82.5993307,6.631005298,81.49543437,Cotton
32.0,137.0,204.0,22.86006627,93.12859895,5.824151693,117.7296726,Apple
86.0,18.0,45.0,28.96586565,90.71832938,6.566759102,22.25838137,Muskmelon
77.0,38.0,36.0,21.8652524,80.1923008,5.953933276,224.5550169,Rice
6.0,8.0,11.0,24.35590861,92.39651663,6.600948788,119.6946577,Orange
36.0,29.0,13.0,20.68185224,90.91510525,7.829507245,109.7513927,Orange
7.0,74.0,17.0,22.47253208,62.56532471,5.667419697,96.74706956,PigeonPeas
12.0,37.0,30.0,31.09779147,47.41196659,4.546466109,90.28624348,Mango
95.0,26.0,45.0,29.91690582,94.55695552,6.117530021,28.16057247,Muskmelon
18.0,11.0,17.0,31.570634,39.69331,6.283597,461.166567,SesameSeed
97.0,40.0,89.0,26.677726,81.044877,6.04589,2044.378883,Cocoa
140.0,40.0,17.0,22.72767171,77.07598065,6.006085786,77.55176318,Cotton
36.0,36.0,43.0,26.889146,57.583136,7.42312,476.739597,SunflowerSeed
33.0,25.0,65.0,24.396447,76.649097,5.91759,864.381181,SweetPotato
50.0,25.0,35.0,30.087205,38.365772,7.046778,577.231799,Sorghum
20.0,50.0,22.0,30.99694676,46.42693735,9.406887533,38.31597852,MothBeans
23.0,20.0,29.0,29.342833,75.75508,5.039733,1136.581662,Cassava
19.0,39.0,17.0,29.2808618,81.8009244,6.890156495,44.47427436,MungBean
40.0,26.0,62.0,20.954415,71.972574,6.695788,871.991448,SweetPotato
43.0,27.0,46.0,18.780182,84.390819,6.733987,689.235365,GardenBean
39.0,24.0,14.0,30.55472573,90.90343769,7.189259647,106.0711985,Orange
34.0,16.0,32.0,30.632369,42.597759,5.857619,354.237478,Millet
24.0,15.0,29.0,28.118962,46.1283,6.257809,402.042632,Millet
105.0,77.0,52.0,29.16226551,76.16151562,5.816622479,100.0075679,Banana
82.0,53.0,95.0,30.667368,72.501369,6.639943,1899.336493,Sugarcane
14.0,10.0,19.0,27.278807,46.974553,7.059795,373.435048,SesameSeed
7.0,63.0,24.0,22.95458237,24.03553105,5.858617867,107.7315386,KidneyBeans
48.0,55.0,68.0,17.45798,50.658293,6.317137,531.596638,Onion
67.0,20.0,67.0,20.389384,74.719996,4.890597,1810.861699,Tea
42.0,23.0,40.0,29.553068,49.249287,6.135225,564.569808,Sorghum
37.0,18.0,12.0,10.2708877,90.19147747,7.401121811,106.6955204,Orange
83.0,25.0,53.0,26.49195283,80.04678201,6.057697106,57.72799157,Watermelon
38.0,11.0,34.0,31.73175,33.328198,5.268687,355.058715,Millet
49.0,30.0,47.0,20.056702,63.238587,6.6444,567.55647,Onion
41.0,34.0,44.0,19.751797,85.285541,6.062154,848.637651,GardenBean
33.0,12.0,37.0,26.941579,60.811217,4.833885,846.770681,Cassava
27.0,56.0,22.0,19.91853092,20.70099804,5.833010958,108.6434544,KidneyBeans
20.0,7.0,45.0,18.90592319,89.24126808,6.077886012,112.4750941,Pomegranate
22.0,15.0,27.0,30.273078,78.358064,5.200367,1069.691063,Cassava
55.0,78.0,21.0,33.39438752,62.93692886,6.602888249,63.57445989,Blackgram
122.0,46.0,249.0,24.035464,75.402065,6.02354,2127.926937,Plantain
18.0,12.0,8.0,12.59093977,91.81668769,6.206053072,119.3916718,Orange
147.0,38.0,236.0,23.897888,83.058098,5.897007,1934.570406,Plantain
8.0,6.0,33.0,28.27804288,93.64761266,6.095261013,171.9457959,Coconut
92.0,44.0,16.0,18.87751445,65.76816093,6.082973754,94.76189431,Maize
120.0,8.0,46.0,29.55657523,90.70937262,6.732834334,28.36535596,Muskmelon
34.0,65.0,48.0,41.41968393,90.03863107,6.665024508,199.3096432,Papaya
36.0,128.0,204.0,25.23542319,80.68700527,5.695792761,67.03840888,Grapes
34.0,38.0,31.0,35.37775595,45.58110023,6.454045329,97.41586402,Mango
31.0,13.0,31.0,26.164122,67.444192,5.028626,985.02609,Cassava
31.0,144.0,202.0,11.02105378,80.55557235,5.870600622,68.23963161,Grapes
31.0,20.0,30.0,32.17752026,54.01352682,6.207495815,91.88766069,Mango
66.0,60.0,38.0,22.08576562,83.47038318,6.372576327,231.7364957,Rice
66.0,39.0,51.0,25.076105,79.385648,6.09887,2019.433314,Vanilla
32.0,30.0,35.0,30.639169,68.611449,6.560655,869.548173,Groundnut
83.0,10.0,53.0,24.92994759,85.00802358,6.195142279,48.75859458,Watermelon
101.0,58.0,18.0,25.66891439,81.38103349,6.652143699,78.59595817,Cotton
30.0,37.0,25.0,29.89129144,80.14487166,7.120032489,54.7960127,MungBean
86.0,95.0,49.0,28.05484146,78.04602887,6.458714879,108.3957179,Banana
78.0,48.0,22.0,23.08974909,63.10459626,5.588650585,70.43473609,Maize
115.0,11.0,46.0,24.41592661,89.39655519,6.623167177,40.32161859,Watermelon
113.0,54.0,76.0,32.798605,67.329884,6.671488,2023.064735,Sugarcane
34.0,15.0,34.0,27.05826457,91.10510371,5.677282678,224.7006953,Coconut
0.0,67.0,22.0,29.82112112,69.4073209,6.593798387,51.56461082,Lentil
41.0,29.0,36.0,30.140104,41.707651,6.884563,458.072928,Sorghum
81.0,6.0,55.0,24.88910524,85.87059083,6.110142735,51.70699144,Watermelon
26.0,80.0,18.0,19.32509638,23.3334788,5.581021521,104.7783947,KidneyBeans
68.0,32.0,44.0,22.43631,54.871688,5.57248,876.961326,Tobacco
14.0,59.0,15.0,21.35135729,22.91244883,5.779090476,146.4548645,KidneyBeans
99.0,36.0,20.0,20.57981887,65.34583901,6.671085817,78.34604471,Maize
109.0,21.0,55.0,24.9004602,89.73524177,6.770278088,57.44942094,Watermelon
101.0,17.0,47.0,29.49401389,94.72981338,6.185053234,26.30820876,Muskmelon
115.0,25.0,222.0,26.280197,74.696787,6.024781,2038.886286,Plantain
34.0,24.0,48.0,28.515059,52.861852,6.740646,450.587848,Sorghum
38.0,72.0,21.0,28.23416057,49.4421345,5.902103172,186.5008581,PigeonPeas
17.0,64.0,18.0,36.75087487,58.25799145,6.07938452,124.6028153,PigeonPeas
11.0,122.0,195.0,12.14190714,83.56812483,5.647202395,69.63122027,Grapes
49.0,39.0,45.0,19.135456,77.760575,6.472445,725.69388,GardenBean
39.0,24.0,60.0,21.748875,64.051646,6.019117,659.586437,SweetPotato
6.0,123.0,203.0,12.7567962,81.62497448,6.130310493,66.77844567,Grapes
49.0,27.0,32.0,27.470264,67.749683,6.369868,1093.14248,Soyabean
95.0,54.0,127.0,33.973773,79.334682,7.185762,1981.971996,Sugarcane
42.0,35.0,43.0,21.645419,75.072833,6.322628,799.150565,GardenBean
39.0,69.0,53.0,25.9300384,93.02357765,6.964955435,241.8202079,Papaya
20.0,122.0,204.0,11.7976469,80.86325389,6.487369687,65.06962486,Grapes
74.0,49.0,38.0,23.31410442,71.4509053,7.488014404,164.4970373,Jute
82.0,35.0,35.0,25.49386782,86.97061481,7.299076163,176.5268267,Jute
27.0,79.0,82.0,17.06579293,17.54024066,6.307004923,70.87150577,ChickPea
26.0,64.0,22.0,25.95058595,40.58227261,5.16516459,109.1821183,PigeonPeas
108.0,38.0,24.0,23.41022496,76.43836957,7.442217061,78.82199603,Cotton
23.0,142.0,197.0,39.06555518,82.03812973,6.000573725,69.30772897,Grapes
26.0,54.0,17.0,28.5474135,88.9570454,6.27258822,49.4897245,MungBean
142.0,39.0,110.0,30.030663,77.641459,6.080482,2070.13557,Plantain
28.0,27.0,44.0,28.181336,59.169989,7.312599,475.738733,SunflowerSeed
7.0,15.0,32.0,25.03512351,95.89739958,6.182232762,174.796583,Coconut
123.0,39.0,24.0,25.00755095,78.17952126,7.453106264,86.06411872,Cotton
45.0,27.0,48.0,19.52115,61.871269,5.573883,815.096568,Tobacco
30.0,35.0,24.0,27.776964,68.918755,6.809086,672.398825,Groundnut
86.0,79.0,45.0,27.81251452,82.69285419,5.80766417,99.20961514,Banana
66.0,53.0,19.0,23.09348056,60.1159381,6.033550195,65.49730729,Maize
114.0,79.0,51.0,26.21009246,82.34429458,6.313197204,112.0700033,Banana
21.0,13.0,19.0,30.653811,42.809417,6.936073,431.284268,SesameSeed
47.0,79.0,78.0,17.48395377,14.76014523,6.609696734,65.11365631,ChickPea
33.0,13.0,25.0,30.558323,72.30236,5.019234,1027.358354,Cassava
102.0,14.0,52.0,26.79489868,89.64815231,6.51075991,57.74091817,Watermelon
20.0,9.0,21.0,27.978162,44.639072,6.246707,591.894595,SesameSeed
14.0,25.0,40.0,20.07386547,90.97819712,6.407872061,103.7084055,Pomegranate
39.0,21.0,9.0,13.20844373,94.02769434,6.354022554,106.2696156,Orange
31.0,44.0,32.0,27.400285,72.790592,6.521604,793.939236,Groundnut
104.0,47.0,18.0,23.9656349,76.97696717,7.633437412,90.75616738,Cotton
107.0,34.0,32.0,26.77463708,66.4132686,6.78006386,177.7745075,Coffee
24.0,53.0,17.0,28.95451232,89.07866095,6.421271178,57.65901369,MungBean
70.0,68.0,55.0,42.84609252,94.63548176,6.691202286,78.8099639,Papaya
22.0,20.0,45.0,30.559065,49.265384,7.315317,581.054864,SunflowerSeed
95.0,38.0,22.0,19.84939404,61.24500053,5.730617109,100.7689246,Maize
77.0,28.0,58.0,25.422579,85.865825,6.327913,1901.733122,Vanilla
4.0,6.0,7.0,23.01014302,91.11764246,6.708889665,112.6738296,Orange
57.0,26.0,56.0,25.094197,74.207036,6.486223,820.449947,SweetPotato
2.0,61.0,20.0,22.13974653,23.02251117,5.95561668,76.64128258,KidneyBeans
39.0,22.0,46.0,33.279929,44.194148,6.722553,568.071837,Sorghum
29.0,38.0,33.0,18.241132,59.937209,6.43768,459.629301,Onion
100.0,32.0,26.0,25.234661,57.53161469,6.043485685,124.2261737,Coffee
68.0,26.0,50.0,24.983849,88.965636,6.360984,2269.928957,Vanilla
75.0,37.0,32.0,23.504976,83.81722,6.31573,1959.750091,Vanilla
85.0,22.0,53.0,25.96534238,89.77076659,6.849471704,59.46338556,Watermelon
104.0,26.0,30.0,24.40726724,62.65692638,6.410992833,148.6977358,Coffee
27.0,59.0,20.0,28.00937423,52.60950014,4.397698806,36.01203025,MothBeans
32.0,48.0,40.0,19.148297,75.043931,6.252598,758.416823,GardenBean
55.0,50.0,64.0,16.485951,57.251849,6.938948,588.297601,Onion
44.0,26.0,38.0,28.765591,49.041509,7.095949,611.530862,SunflowerSeed
68.0,62.0,50.0,33.20258348,92.76437927,6.977700268,197.5282582,Papaya
57.0,27.0,67.0,22.033627,68.53506,5.610677,817.840095,SweetPotato
35.0,134.0,204.0,9.949929082,82.55138983,5.841138354,66.00817551,Grapes
84.0,57.0,25.0,22.53510514,67.99257471,6.489040367,64.40866039,Maize
51.0,45.0,39.0,24.539503,70.951751,6.492421,870.26971,Soyabean
105.0,45.0,83.0,31.735869,79.921394,6.771914,1523.214788,Sugarcane
126.0,50.0,19.0,24.69457084,81.7358876,6.628722836,78.58494391,Cotton
14.0,69.0,19.0,20.95628486,63.68128841,7.239455147,52.39881209,Lentil
37.0,23.0,28.0,25.61294367,94.3138837,5.740054567,224.3206759,Coconut
9.0,8.0,15.0,14.34320488,94.35734702,7.994465371,110.2223123,Orange
76.0,56.0,39.0,24.39459498,89.89106506,6.551130445,197.1220049,Jute
34.0,76.0,80.0,20.65691793,15.84572566,7.985417393,65.23811143,ChickPea
23.0,59.0,25.0,27.8262623,88.73100226,6.320768488,56.68833819,MungBean
44.0,56.0,49.0,39.23342464,91.25589286,6.519779583,64.4478499,Papaya
102.0,71.0,48.0,28.65456263,79.28693687,5.695267822,102.4633775,Banana
89.0,24.0,61.0,14.486955,89.284148,4.693469,1716.85358,Tea
30.0,75.0,81.0,19.41789736,16.80472243,6.408437886,68.4951189,ChickPea
91.0,21.0,50.0,24.33528185,81.44030363,6.762030215,48.32113628,Watermelon
44.0,40.0,38.0,20.548628,71.360923,6.584101,776.355081,GardenBean
13.0,60.0,25.0,17.13692774,20.59541693,5.68597166,128.256862,KidneyBeans
127.0,57.0,109.0,31.76981,76.197663,6.990293,1607.034573,Sugarcane
72.0,17.0,25.0,22.395618,86.728422,5.096842,2073.236201,Tea
83.0,11.0,53.0,29.54097171,92.91778307,6.163921248,21.9653077,Muskmelon
102.0,11.0,45.0,29.03167341,93.12603235,6.35544263,24.15591199,Muskmelon
27.0,28.0,40.0,30.12892,75.017099,6.342095,798.478161,Groundnut
42.0,24.0,62.0,25.953081,79.56703,5.984163,635.974556,SweetPotato
27.0,21.0,30.0,35.3915464,52.48823147,5.061081874,91.22881052,Mango
99.0,41.0,36.0,24.45802087,82.74835604,6.738652179,182.5616319,Rice
41.0,31.0,30.0,23.466259,80.675332,6.633254,732.546179,Soyabean
37.0,77.0,20.0,25.93381964,68.70533022,7.080506001,51.02372773,Lentil
30.0,31.0,37.0,27.369132,47.539824,7.884276,540.62624,SunflowerSeed
28.0,47.0,55.0,14.461309,56.998434,6.678183,616.448038,Onion
63.0,58.0,50.0,43.03714283,94.6428898,6.720744449,41.5856585,Papaya
33.0,33.0,63.0,22.6073,64.189933,5.124959,709.589856,SweetPotato
119.0,44.0,15.0,22.14593688,82.8597549,7.091992365,60.65381719,Cotton
28.0,76.0,82.0,20.56601874,14.25803981,6.654425315,83.75937135,ChickPea
4.0,43.0,18.0,29.02955344,61.09387478,8.840656256,72.98016599,MothBeans
37.0,39.0,37.0,24.424746,69.617902,6.558313,1064.869726,Soyabean
32.0,35.0,34.0,29.677931,63.823483,6.81412,720.737465,Groundnut
32.0,79.0,15.0,23.90910104,20.74619325,5.706198621,81.60211243,KidneyBeans
32.0,141.0,203.0,21.25941052,92.84416234,5.821347769,109.0658471,Apple
93.0,26.0,27.0,24.59245684,56.46829641,7.288211994,137.7044047,Coffee
126.0,46.0,25.0,24.43847399,81.69801729,6.757457943,60.79645852,Cotton
80.0,77.0,49.0,26.05433004,79.39654531,5.519088423,113.2297373,Banana
19.0,72.0,15.0,28.83600962,69.76112921,6.890760124,44.08562546,Lentil
38.0,18.0,38.0,26.3492,59.114855,4.831606,1024.015126,Cassava
12.0,61.0,19.0,19.33162606,24.13995025,5.655726817,68.51253427,KidneyBeans
67.0,43.0,38.0,25.21622704,70.88259632,7.299304715,195.8645552,Jute
25.0,36.0,50.0,27.376122,63.108385,6.352754,808.817663,Groundnut
42.0,41.0,34.0,20.272813,83.202918,6.273566,500.0,GardenBean
19.0,17.0,39.0,24.72485577,85.56083187,6.728599215,111.2787584,Pomegranate
97.0,8.0,52.0,24.9103226,86.97190046,6.237861736,49.48575692,Watermelon
46.0,22.0,31.0,32.2194,35.917714,6.934821,475.363078,Sorghum
41.0,38.0,33.0,28.622366,71.17811,6.39879,794.988472,Groundnut
33.0,80.0,22.0,28.57006111,65.71765781,6.593961761,70.0866434,Blackgram
65.0,37.0,40.0,23.35905428,83.59512273,5.333322606,188.413665,Rice
5.0,144.0,205.0,21.42177231,92.62665309,6.184922574,102.8045658,Apple
53.0,31.0,62.0,23.763871,64.062231,5.617044,889.051445,SweetPotato
36.0,67.0,20.0,20.39078312,60.47528931,6.924042372,53.31508572,Lentil
49.0,55.0,51.0,24.87212063,93.90560147,6.676578778,135.1694525,Papaya
14.0,5.0,36.0,24.92639065,85.19098079,5.832525853,104.7693804,Pomegranate
88.0,52.0,39.0,23.92887902,88.07112278,6.880204617,154.6608736,Jute
29.0,138.0,197.0,22.19055385,92.43764169,5.830892252,121.6622761,Apple
36.0,43.0,24.0,27.09400578,43.65305437,3.510404312,41.53749535,MothBeans
33.0,139.0,203.0,33.34214482,82.51034633,5.693287415,70.68098614,Grapes
69.0,34.0,50.0,23.784912,68.182278,5.590748,654.38643,Tobacco
43.0,25.0,80.0,24.227036,69.61517,6.246996,654.836631,SweetPotato
8.0,50.0,21.0,28.62911222,89.1148059,6.218923893,50.49913241,MungBean
32.0,121.0,199.0,39.37102553,81.25353895,6.129812716,74.08101744,Grapes
88.0,38.0,15.0,25.08239719,65.92195844,6.455116637,62.49190812,Maize
103.0,13.0,33.0,21.840518,89.494438,4.924333,1966.000968,Tea
19.0,9.0,21.0,33.940207,74.300997,5.228239,1292.175608,Cassava
114.0,27.0,28.0,24.99451759,57.93250202,7.162802357,192.8736822,Coffee
35.0,67.0,49.0,41.31330062,91.1508798,6.617066674,239.7427554,Papaya
34.0,21.0,42.0,18.75927679,89.93457597,6.648687274,111.0196744,Pomegranate
120.0,23.0,55.0,27.84492803,91.60666594,6.732049075,26.47844429,Muskmelon
37.0,28.0,50.0,26.33833,69.338099,6.333733,600.0,Groundnut
56.0,43.0,40.0,25.987019,71.545639,6.469977,772.293599,Soyabean
75.0,36.0,44.0,23.28081,74.27607475,6.613341343,153.7447398,Jute
23.0,138.0,195.0,22.49095104,91.70292746,5.795985716,124.3915101,Apple
12.0,67.0,23.0,25.62896213,63.14909763,6.585020303,45.49683991,Lentil
115.0,32.0,103.0,30.248212,81.429096,7.335905,1322.194565,Sugarcane
35.0,135.0,199.0,21.77466746,80.54942557,6.400719746,69.39630398,Grapes
26.0,36.0,47.0,27.546978,61.609796,6.625853,809.692401,Groundnut
26.0,15.0,40.0,31.35682,59.627505,4.979905,1039.994759,Cassava
31.0,51.0,25.0,27.53592929,85.5701901,7.196774236,53.01899249,MungBean
29.0,23.0,33.0,29.381582,40.142379,7.112548,459.348784,Sorghum
44.0,64.0,54.0,29.80744318,91.38048469,6.74274935,232.7046126,Papaya
61.0,39.0,40.0,24.319689,82.25459,6.225947,2106.572675,Vanilla
77.0,36.0,23.0,24.71417533,56.73426469,6.648725327,88.45361858,Maize
42.0,36.0,64.0,26.837648,89.510219,6.124442,2278.891769,Vanilla
64.0,34.0,35.0,24.384433,82.5533,5.957695,2110.922357,Vanilla
81.0,25.0,49.0,29.86895762,93.25103208,6.076459669,26.26243014,Muskmelon
173.0,55.0,209.0,25.401258,77.472807,6.00554,1644.595324,Plantain
25.0,65.0,21.0,33.86351172,68.59232289,6.880245789,69.24464096,Blackgram
32.0,21.0,50.0,28.129123,46.011928,7.787041,300.0,Sorghum
57.0,15.0,36.0,31.694843,50.381036,7.000422,424.807752,Sorghum
59.0,14.0,39.0,21.114549,94.466772,5.011787,2101.357951,Tea
83.0,41.0,43.0,21.0525355,82.67839517,6.254028451,233.1075816,Rice
82.0,25.0,39.0,18.425744,76.441962,5.532641,2323.265899,Tea
66.0,44.0,20.0,19.0781471,69.02298571,6.740000688,80.72515943,Maize
36.0,54.0,46.0,42.54744013,94.94482086,6.662875839,214.4103848,Papaya
19.0,79.0,19.0,20.06003985,67.76252583,6.677262562,42.89509057,Lentil
27.0,22.0,29.0,28.83214859,92.17170353,6.000248647,145.4172387,Coconut
43.0,23.0,36.0,31.821929,60.026657,4.763042,910.717944,Cassava
8.0,26.0,36.0,18.78359608,87.4024767,6.804781106,102.5184759,Pomegranate
35.0,69.0,23.0,16.78791503,24.96881755,5.578410206,75.45328039,KidneyBeans
26.0,135.0,203.0,33.78372897,81.16314317,5.685102769,74.53557341,Grapes
49.0,37.0,30.0,25.839239,65.536323,6.527729,638.614642,Soyabean
16.0,73.0,19.0,18.41645629,34.80541039,4.684079249,163.2747473,PigeonPeas
50.0,34.0,53.0,24.672817,87.858319,6.2186,2188.098899,Vanilla
22.0,55.0,20.0,33.95309131,69.96100028,7.423530351,61.16350463,Blackgram
65.0,62.0,51.0,31.53243779,90.87394933,6.511624841,207.0735119,Papaya
9.0,16.0,39.0,18.41164435,91.11927248,6.101198974,105.1834976,Pomegranate
16.0,29.0,13.0,32.31944397,93.67804556,6.196907944,117.6236473,Orange
77.0,25.0,44.0,23.53908,88.533998,6.396758,2461.133776,Vanilla
26.0,40.0,34.0,26.020117,63.094658,6.522002,958.876965,Groundnut
25.0,57.0,19.0,17.15432954,19.87070659,5.566522896,87.99669731,KidneyBeans
88.0,5.0,47.0,25.86475496,86.67468041,6.662244646,41.16554802,Watermelon
23.0,35.0,18.0,26.4908332,47.36534833,5.414492777,36.99362831,MothBeans
24.0,15.0,18.0,26.816467,34.891561,6.977911,383.648339,Millet
35.0,66.0,47.0,31.7018373,91.66232213,6.953439161,48.83810592,Papaya
24.0,31.0,33.0,27.939887,57.370961,6.067196,984.622576,Groundnut
30.0,10.0,20.0,33.09782,36.288767,7.106178,474.804972,SesameSeed
29.0,25.0,35.0,28.3575072,91.64509299,5.542873799,160.7306991,Coconut
17.0,57.0,21.0,19.88394011,20.31564139,5.789214289,60.91974792,KidneyBeans
37.0,55.0,82.0,19.45591848,18.02235902,8.423873703,78.44910564,ChickPea
4.0,40.0,21.0,28.79728147,80.45744422,6.725551062,44.30070517,MungBean
17.0,59.0,17.0,18.4167001,23.42829938,5.689858133,132.9801054,KidneyBeans
40.0,39.0,43.0,19.38466,75.360139,6.562233,702.124143,GardenBean
50.0,46.0,52.0,31.18298415,90.21646909,6.734005648,54.01872359,Papaya
131.0,49.0,22.0,25.49848236,79.9751579,7.306918817,67.05961949,Cotton
23.0,12.0,17.0,30.032281,36.508039,6.023837,428.692099,SesameSeed
38.0,28.0,35.0,28.050941,50.37023,6.821472,575.005611,Sorghum
53.0,74.0,15.0,29.43463808,64.94329356,7.517097,72.17818157,Blackgram
35.0,131.0,203.0,22.42776057,93.91722423,5.893490899,102.7230739,Apple
18.0,20.0,26.0,31.66524687,51.98594645,5.435840509,89.98024312,Mango
36.0,44.0,34.0,28.116289,71.396745,6.194194,894.419833,Groundnut
40.0,121.0,199.0,26.18159716,81.03886263,6.315586313,66.05911698,Grapes
89.0,52.0,45.0,24.89326318,77.01222585,7.207457208,196.469984,Jute
95.0,24.0,55.0,13.924735,82.307291,5.366279,2167.337131,Tea
25.0,27.0,41.0,19.20090378,94.27659596,6.923509371,108.0423555,Pomegranate
100.0,40.0,35.0,27.56441788,54.41094079,6.955787351,177.816092,Coffee
82.0,43.0,38.0,23.28617173,81.43321641,5.105588355,242.3170629,Rice
108.0,48.0,101.0,22.0,71.214415,6.865305,1420.856905,Sugarcane
61.0,41.0,44.0,24.36972377,82.11319791,6.537914958,159.9210934,Jute
142.0,32.0,138.0,22.610213,70.59207,6.811322,2163.996464,Plantain
34.0,9.0,36.0,22.8122645,86.34233767,6.276038961,110.4432293,Pomegranate
93.0,56.0,36.0,24.01497622,82.05687182,6.98435366,185.2773389,Rice
33.0,59.0,19.0,23.19305333,62.74710773,7.641024177,49.55213308,Lentil
34.0,62.0,55.0,27.58548913,90.72526502,6.585346229,238.5008779,Papaya
13.0,64.0,20.0,19.1345771,62.57526895,6.590571088,36.46946971,Lentil
42.0,54.0,59.0,19.173496,54.541861,7.191583,621.59616,Onion
23.0,45.0,21.0,31.46511256,51.79939437,8.985348193,74.44330654,MothBeans
114.0,51.0,94.0,34.301897,79.903837,7.227901,1858.132503,Sugarcane
38.0,61.0,21.0,30.27374995,67.38680755,4.696518678,127.7767134,PigeonPeas
25.0,18.0,28.0,33.31549,32.448971,6.140977,407.430197,Millet
117.0,27.0,48.0,26.53259325,82.39053979,6.835268184,54.30660782,Watermelon
84.0,21.0,55.0,28.47090661,94.79453182,6.494251024,21.08484101,Muskmelon
49.0,36.0,42.0,27.396519,72.727819,6.452817,963.723131,Soyabean
59.0,70.0,84.0,17.3348681,18.74926979,7.550808267,82.61734721,ChickPea
102.0,37.0,25.0,25.31468463,77.91757121,5.907930899,72.82902109,Cotton
16.0,77.0,22.0,31.48469278,35.6395615,6.574209678,100.546816,PigeonPeas
69.0,55.0,38.0,22.70883798,82.63941394,5.70080568,271.3248604,Rice
0.0,55.0,22.0,22.98666928,20.57940608,5.916779289,143.8584938,KidneyBeans
33.0,15.0,37.0,33.378044,59.929164,4.660062,982.532255,Cassava
46.0,42.0,41.0,18.830656,70.593932,6.101661,706.722612,GardenBean
111.0,39.0,22.0,22.60361557,80.3509046,6.135025006,88.57395505,Cotton
29.0,14.0,29.0,32.442388,39.247274,6.549397,400.735451,Millet
56.0,23.0,70.0,20.07125,62.634353,5.700708,763.703638,SweetPotato
17.0,29.0,26.0,26.14162144,93.28415295,6.071897347,195.4115025,Coconut
56.0,57.0,48.0,31.56213762,93.0484859,6.506120752,63.62250788,Papaya
17.0,17.0,15.0,30.091051,43.906817,5.633738,406.831864,Millet
53.0,22.0,29.0,34.341885,51.195277,6.651331,304.894627,Sorghum
104.0,20.0,26.0,27.22783677,52.95261751,7.493191968,175.7260273,Coffee
95.0,14.0,50.0,26.6333118,84.31756844,6.560443519,56.31866159,Watermelon
12.0,39.0,21.0,28.99319096,62.85948245,8.183844843,70.4713043,MothBeans
66.0,32.0,54.0,23.046209,58.403066,5.473224,720.045059,Tobacco
31.0,78.0,76.0,17.57212145,14.99927489,8.519975748,89.31050665,ChickPea
101.0,11.0,51.0,25.50736962,84.24340241,6.792035575,44.2068997,Watermelon
92.0,81.0,52.0,28.0106804,76.52808057,5.891413895,103.7040783,Banana
37.0,51.0,84.0,17.81211,56.647225,6.842663,482.790896,Onion
89.0,54.0,38.0,24.51588066,83.5352163,6.685346424,230.4462359,Rice
105.0,60.0,23.0,23.53371386,77.21705554,6.207652157,87.54004943,Cotton
10.0,59.0,22.0,28.60901145,86.99495766,7.155685016,36.94616965,MungBean
68.0,19.0,50.0,16.219352,77.710108,4.944977,2291.947373,Tea
22.0,79.0,17.0,21.42451099,20.39659714,5.912289889,116.5206923,KidneyBeans
38.0,13.0,31.0,25.117309,50.646197,7.352959,483.009537,SunflowerSeed
112.0,28.0,54.0,24.86094646,85.05318563,6.738030547,55.29563514,Watermelon
9.0,66.0,21.0,30.11812084,34.13307843,5.719889876,157.0858232,PigeonPeas
108.0,24.0,31.0,24.12832546,56.18107663,6.431899748,147.2757818,Coffee
68.0,41.0,16.0,21.77689322,57.80840636,6.158830619,102.0861694,Maize
28.0,36.0,37.0,27.40429,61.733247,7.136006,831.684953,Groundnut
74.0,48.0,17.0,21.63162756,60.27766379,6.430616465,69.21803098,Maize
99.0,50.0,15.0,18.14710054,71.09445342,5.573286437,88.07753741,Maize
44.0,20.0,47.0,30.978374,44.636035,6.58309,488.438506,Sorghum
34.0,12.0,27.0,32.185004,31.610161,6.346217,582.822679,SesameSeed
100.0,35.0,55.0,28.332281,82.229251,6.165172,2237.68006,Cocoa
28.0,23.0,28.0,30.01821337,50.0983181,5.676032581,96.08745082,Mango
30.0,44.0,52.0,15.622892,56.384254,6.65357,619.440248,Onion
42.0,45.0,75.0,17.952258,57.973109,7.022259,579.548122,Onion
108.0,33.0,31.0,23.69287069,66.76090123,7.393825704,144.6576424,Coffee
34.0,11.0,10.0,31.75048899,94.59551226,7.36220835,115.1989301,Orange
63.0,58.0,22.0,18.25405352,55.28220433,6.204747653,63.72358154,Maize
115.0,31.0,30.0,24.22984659,67.37768353,6.840927967,122.4073418,Coffee
123.0,50.0,16.0,23.04920461,75.53835214,6.498052108,70.65644296,Cotton
111.0,50.0,15.0,25.16820129,80.30351815,7.884550475,84.62419032,Cotton
117.0,37.0,32.0,23.1069385,67.06230539,6.787658922,162.5769606,Coffee
41.0,20.0,33.0,22.774298,45.295017,6.844573,354.743679,SunflowerSeed
36.0,22.0,40.0,24.486913,45.595029,6.995859,548.715677,SunflowerSeed
37.0,40.0,39.0,17.892982,83.042761,6.026628,743.736042,GardenBean
63.0,31.0,51.0,22.497764,59.6309,5.747256,633.4798,Tobacco
41.0,30.0,35.0,29.52248,72.53722,6.117569,907.374442,Groundnut
79.0,38.0,38.0,27.084542,86.371936,6.141407,1784.738201,Vanilla
100.0,40.0,20.0,22.45145981,76.25674874,7.432043735,86.84998693,Cotton
25.0,10.0,29.0,29.838772,51.225791,6.505396,342.39361,Millet
48.0,33.0,38.0,19.815965,83.187442,6.16036,699.078664,GardenBean
34.0,35.0,21.0,28.44524991,82.67639542,6.684381357,58.18713162,MungBean
12.0,14.0,25.0,28.681063,46.578815,6.417529,340.895796,Millet
90.0,44.0,38.0,23.83509503,83.88387074,7.473134377,241.2013513,Rice
30.0,28.0,30.0,31.86641378,52.19331595,5.064613314,98.46768642,Mango
19.0,18.0,28.0,29.573622,55.576323,5.402517,817.807038,Cassava
14.0,58.0,17.0,30.53684308,59.96664731,4.605700542,33.48919022,MothBeans
40.0,23.0,42.0,24.843614,42.386105,6.608694,481.921994,SunflowerSeed
55.0,28.0,61.0,21.775154,64.708803,6.274412,612.491477,Tobacco
47.0,21.0,29.0,24.768446,59.600587,7.983949,440.842332,SunflowerSeed
10.0,70.0,19.0,24.84918386,68.98088448,7.272427638,41.61080544,Lentil
48.0,21.0,33.0,30.819637,34.181162,6.696349,348.510827,Sorghum
32.0,35.0,51.0,21.8526,77.122182,6.011535,863.563131,SweetPotato
30.0,137.0,200.0,22.91430043,90.70475565,5.603413172,118.6044645,Apple
35.0,25.0,46.0,29.507875,52.826041,7.027802,521.228988,Sorghum
69.0,60.0,54.0,36.32268069,93.06134398,6.98992719,141.1736926,Papaya
23.0,62.0,85.0,18.97424756,19.5161216,8.490127142,80.7108745,ChickPea
29.0,67.0,21.0,29.79181107,63.38789228,6.621323612,63.02169909,Blackgram
26.0,28.0,34.0,22.223724,45.428353,7.107525,502.583774,SunflowerSeed
117.0,19.0,55.0,28.80311922,91.78336933,6.121745389,25.16359891,Muskmelon
52.0,28.0,83.0,22.654745,68.961569,5.66626,913.946496,SweetPotato
32.0,76.0,15.0,28.05153602,63.49802189,7.604110177,43.35795377,Lentil
134.0,35.0,192.0,26.045894,75.154452,5.801338,1805.905969,Plantain
104.0,35.0,28.0,27.51006055,50.66687215,6.983732393,143.9955548,Coffee
18.0,16.0,24.0,27.2753,58.368713,4.011342,1005.766248,Cassava
27.0,120.0,200.0,21.45278675,90.74531921,6.110218826,116.7036582,Apple
47.0,40.0,27.0,25.093769,76.807183,6.280946,818.234372,Soyabean
22.0,30.0,34.0,27.591895,54.336049,6.572911,580.633737,SunflowerSeed
33.0,121.0,203.0,22.45696744,94.76285385,5.605934087,114.8407725,Apple
32.0,12.0,18.0,26.353707,78.900309,4.655835,1198.170705,Cassava
59.0,23.0,56.0,19.991554,86.891821,4.688872,2070.853942,Tea
107.0,5.0,52.0,26.6634609,89.98405233,6.881425746,57.40847165,Watermelon
60.0,55.0,40.0,24.9949957,88.95692783,7.02777956,151.4935635,Jute
30.0,70.0,79.0,20.26942271,19.96978871,7.313122235,69.64449182,ChickPea
67.0,45.0,38.0,22.72791041,82.1706881,7.300410836,260.8875056,Rice
94.0,89.0,48.0,28.55980972,84.51602322,5.653437902,111.0843029,Banana
7.0,56.0,18.0,18.31357543,24.32991649,5.698371311,76.14153904,KidneyBeans
29.0,41.0,21.0,31.49398069,62.84916863,8.86979671,64.56807592,MothBeans
113.0,35.0,83.0,28.712825,89.886625,5.819088,1702.179049,Cocoa
20.0,10.0,20.0,29.437421,36.611356,5.547216,294.429014,Millet
49.0,34.0,43.0,18.22238,80.889244,6.453176,913.835973,GardenBean
97.0,21.0,43.0,19.449903,79.254146,5.027109,2137.627398,Tea
26.0,21.0,38.0,28.495687,47.544366,7.008089,488.177574,Sorghum
29.0,31.0,37.0,26.141146,73.417468,6.169075,782.506598,Groundnut
70.0,65.0,52.0,30.42012134,93.12659793,6.583528529,75.95295,Papaya
50.0,34.0,40.0,27.36395,69.291666,6.263389,922.909983,Soyabean
17.0,136.0,195.0,41.20733624,81.61051026,6.389783283,65.90227462,Grapes
8.0,60.0,18.0,31.21629982,46.01868196,3.808429173,53.1205277,MothBeans
31.0,75.0,18.0,15.46789263,21.43780702,5.824208309,88.88796102,KidneyBeans
29.0,139.0,205.0,23.64142354,93.74461474,6.155939453,116.6912176,Apple
134.0,39.0,198.0,27.419895,81.783363,6.830008,1939.687295,Plantain
112.0,49.0,25.0,25.68959532,77.90621048,6.470135478,66.19426787,Cotton
39.0,26.0,48.0,22.058775,53.62431,6.964651,581.673138,SunflowerSeed
34.0,60.0,23.0,20.12574053,24.96969858,5.659254981,100.0497183,KidneyBeans
35.0,46.0,45.0,28.402358,76.408995,6.616605,835.297458,Groundnut
69.0,64.0,47.0,40.21199348,94.50766912,6.993473247,186.6762324,Papaya
107.0,72.0,45.0,28.14938935,81.54448882,5.790768046,91.40508414,Banana
35.0,38.0,19.0,25.32688786,63.18180319,9.112771682,32.71129281,MothBeans
17.0,58.0,25.0,31.12896766,43.58788762,6.455592696,32.76742894,MothBeans
86.0,39.0,73.0,24.923672,89.327806,5.983741,1842.487619,Sugarcane
105.0,37.0,93.0,26.283568,84.996836,6.076396,1840.388599,Cocoa
95.0,88.0,52.0,28.00316034,78.90085998,6.235461772,94.68180316,Banana
140.0,34.0,152.0,30.086916,65.690567,6.758064,1308.800241,Plantain
68.0,39.0,35.0,21.781017,89.301007,6.014722,1717.429729,Vanilla
25.0,7.0,35.0,28.38503882,99.18843684,5.55771171,189.6711349,Coconut
101.0,25.0,85.0,26.741532,85.631689,5.892754,2098.015224,Cocoa
29.0,63.0,17.0,30.02629908,67.88811637,7.26154329,66.47264636,Blackgram
37.0,41.0,29.0,30.125825,73.433673,6.628287,851.881905,Groundnut
106.0,49.0,24.0,23.03887865,76.47039772,6.983395573,90.64770699,Cotton
143.0,55.0,71.0,31.69029,80.175261,7.294952,1560.579233,Sugarcane
84.0,36.0,28.0,26.7350622,55.55164819,6.119892347,140.6305213,Coffee
37.0,126.0,196.0,23.59997268,90.97597665,5.596449493,107.1728191,Apple
81.0,30.0,48.0,28.52379742,92.09688432,6.041027474,29.86681385,Muskmelon
85.0,26.0,39.0,20.510466,85.897046,4.773633,2488.52755,Tea
121.0,51.0,125.0,29.814912,74.647677,7.270477,2045.155703,Sugarcane
67.0,43.0,39.0,26.04371967,84.96907151,5.999969026,186.7536773,Rice
30.0,21.0,10.0,30.997984,42.61598,6.79806,424.322469,SesameSeed
89.0,45.0,36.0,21.32504158,80.47476396,6.442475375,185.4974732,Rice
103.0,27.0,31.0,27.15998538,51.59100753,6.691541233,126.1752206,Coffee
6.0,124.0,200.0,22.98208095,93.84505029,5.971332179,109.5852253,Apple
8.0,23.0,38.0,19.30106297,87.1775172,7.005410734,105.4766591,Pomegranate
58.0,51.0,47.0,42.13473976,91.70445386,6.757470637,197.402901,Papaya
45.0,22.0,34.0,27.359955,53.374103,6.555741,474.714172,Sorghum
82.0,75.0,55.0,27.34585147,78.4873835,6.281069505,92.15524332,Banana
28.0,79.0,16.0,24.70626432,60.26854183,6.052184881,53.12442925,Lentil
32.0,16.0,35.0,32.020068,66.167629,4.608495,824.799556,Cassava
24.0,22.0,19.0,34.963742,40.010191,6.254807,650.0,SesameSeed
164.0,40.0,138.0,21.83642,78.307245,6.237613,1798.570143,Plantain
57.0,60.0,17.0,26.23773129,67.88521396,7.504608385,73.58663968,Blackgram
93.0,22.0,48.0,29.12533739,91.52291141,6.776987974,21.90440445,Muskmelon
40.0,33.0,39.0,26.36614,61.225387,6.458289,722.369558,Groundnut
38.0,37.0,25.0,21.974859,52.803513,6.836264,429.421934,SunflowerSeed
21.0,21.0,38.0,22.5526059,89.3259486,6.327673765,104.8955643,Pomegranate
37.0,41.0,32.0,27.187934,69.103847,6.558189,670.641973,Soyabean
48.0,40.0,40.0,18.792505,62.435535,6.54695,511.307013,GardenBean
5.0,21.0,38.0,22.43377991,90.3396556,6.107054808,112.459697,Pomegranate
45.0,29.0,36.0,22.14377,69.409962,6.041594,924.788562,SweetPotato
29.0,19.0,23.0,29.58155,34.487881,6.405654,313.412995,Millet
36.0,66.0,15.0,30.08545364,69.34811988,6.668238556,67.1367443,Blackgram
25.0,18.0,28.0,29.449462,42.20489,6.291913,300.876469,Millet
8.0,45.0,18.0,27.93034941,85.42058715,7.011030515,43.25095608,MungBean
107.0,44.0,67.0,27.78511,77.160725,6.123573,1754.994103,Cocoa
41.0,42.0,37.0,26.660798,79.058467,6.615596,815.050687,Soyabean
47.0,31.0,61.0,27.149076,87.319105,6.191127,2137.690719,Vanilla
28.0,67.0,21.0,21.79792649,63.73086065,6.250994223,46.62370222,Lentil
11.0,18.0,42.0,21.57936934,94.88267728,5.938528744,102.8593382,Pomegranate
36.0,31.0,72.0,22.082231,78.254241,5.826711,800.365522,SweetPotato
48.0,23.0,69.0,23.692977,78.184843,6.015811,721.172687,SweetPotato
39.0,132.0,196.0,35.83089092,83.32560104,5.778594403,73.67984885,Grapes
39.0,57.0,19.0,29.32379604,45.93248374,6.421748487,165.4113371,PigeonPeas
91.0,20.0,57.0,19.46081,91.519242,5.05212,2385.936139,Tea
38.0,38.0,60.0,16.748824,58.127568,7.204725,623.38213,Onion
31.0,76.0,82.0,20.8248451,17.85057083,7.599279991,79.20509212,ChickPea
40.0,18.0,43.0,19.38603815,86.79058496,5.767372539,109.9130984,Pomegranate
91.0,38.0,36.0,26.5232969,77.17331847,7.287318723,157.8548562,Jute
31.0,136.0,197.0,31.11047251,83.34010951,5.653776058,71.43001582,Grapes
2.0,56.0,23.0,26.65333029,59.79023382,7.550090941,36.91852635,MothBeans
88.0,17.0,52.0,29.90415889,90.75284363,6.646962425,25.37828397,Muskmelon
40.0,30.0,35.0,20.89273273,91.07776977,6.269663963,104.4407083,Pomegranate
22.0,13.0,24.0,31.802095,33.990489,6.159755,560.676413,SesameSeed
85.0,35.0,32.0,26.24928198,54.28617819,6.854011265,133.1120232,Coffee
11.0,40.0,23.0,29.61253065,63.04749127,5.80428611,50.1978269,MothBeans
98.0,25.0,52.0,25.2801372,83.15393658,6.224066378,49.29456609,Watermelon
108.0,89.0,53.0,29.55054817,78.06762846,5.808497604,99.34482238,Banana
23.0,39.0,22.0,29.25649321,81.97952224,6.86483915,42.02483277,MungBean
28.0,59.0,22.0,30.90607799,52.79913039,7.05181629,170.9919828,PigeonPeas
15.0,16.0,19.0,28.785681,38.241689,6.960107,300.0,SesameSeed
49.0,38.0,32.0,27.342959,75.633068,6.448744,1200.0,Soyabean
89.0,58.0,35.0,23.98651719,82.09053379,6.096838784,167.0576456,Jute
104.0,52.0,99.0,22.0,65.486246,6.319622,1788.756242,Sugarcane
53.0,33.0,71.0,24.700443,63.378464,5.788718,1019.121166,SweetPotato
20.0,29.0,10.0,29.07412717,93.27189064,7.36549204,100.7896871,Orange
160.0,32.0,169.0,26.070813,84.870233,6.528427,2205.037722,Plantain
39.0,139.0,201.0,41.18664903,81.01783402,5.539980812,68.68895899,Grapes
129.0,43.0,16.0,25.5503704,77.85055621,6.73210948,78.58488484,Cotton
30.0,65.0,82.0,20.71424384,15.27824066,7.103798069,76.77888672,ChickPea
25.0,143.0,200.0,23.80436344,92.80441624,6.024248787,100.6192543,Apple
89.0,41.0,38.0,23.12844351,74.68322732,6.344751947,199.8362913,Jute
9.0,59.0,25.0,30.39321309,60.16299493,7.699200949,35.37493212,MothBeans
84.0,39.0,35.0,23.17714381,52.13864034,6.959404135,117.3113562,Coffee
26.0,14.0,19.0,29.579293,38.474524,6.194325,519.632407,SesameSeed
24.0,70.0,21.0,19.14729038,45.3733757,5.517208078,132.7748215,PigeonPeas
95.0,75.0,45.0,28.98333432,82.95958244,5.829898502,109.022564,Banana
101.0,36.0,231.0,24.688307,92.385321,6.064552,2500.0,Plantain
19.0,36.0,22.0,25.44689075,58.55363573,6.16496284,57.04826619,MothBeans
89.0,22.0,79.0,30.235868,82.296862,5.784507,2001.301487,Cocoa
37.0,19.0,33.0,25.252867,65.0,6.921826,578.132988,SunflowerSeed
28.0,17.0,30.0,20.791469,54.744556,6.924324,444.108034,SunflowerSeed
58.0,26.0,45.0,16.18959,48.749956,6.641913,469.967404,Onion
39.0,16.0,27.0,35.53845018,52.94641947,4.934964765,91.54560427,Mango
49.0,55.0,53.0,38.4418717,93.63739039,6.544029776,77.71566883,Papaya
15.0,18.0,23.0,29.445921,48.785063,6.424825,357.067417,Millet
87.0,13.0,60.0,18.667995,88.948198,4.659184,2011.351698,Tea
62.0,39.0,53.0,25.169747,86.961115,6.416047,2162.853484,Vanilla
30.0,31.0,41.0,25.930974,63.636703,6.648962,918.206949,Groundnut
6.0,128.0,200.0,25.96308415,82.57813624,5.838748311,70.31782647,Grapes
54.0,27.0,64.0,22.906159,74.553572,6.292872,779.246473,SweetPotato
97.0,45.0,108.0,32.850949,66.439041,6.3489,1683.465579,Sugarcane
121.0,48.0,97.0,29.648542,75.416023,6.17642,2040.810791,Sugarcane
71.0,54.0,35.0,26.63952463,70.95705996,7.311077075,199.3355744,Jute
40.0,22.0,29.0,27.55821802,99.98187601,5.735364307,174.6256481,Coconut
29.0,140.0,195.0,23.64082979,90.95257927,5.560521058,116.7431319,Apple
50.0,23.0,38.0,25.234843,46.647203,7.270603,652.728376,SunflowerSeed
118.0,40.0,35.0,26.35034208,58.50650238,7.460174812,121.5586297,Coffee
31.0,15.0,34.0,30.768034,71.535899,5.094246,850.096348,Cassava
53.0,42.0,52.0,21.147673,63.01559,5.589996,690.918165,Tobacco
35.0,18.0,26.0,31.99490489,50.84881347,5.279388967,97.38741498,Mango
24.0,26.0,44.0,32.171964,47.651644,6.290308,514.707964,Sorghum
51.0,37.0,53.0,21.984612,50.0,5.233693,728.75483,Tobacco
72.0,23.0,48.0,22.134681,68.761732,6.3,768.030505,Tobacco
59.0,47.0,53.0,32.86316618,91.4618874,6.850663232,47.271547,Papaya
135.0,38.0,231.0,21.325943,81.991511,5.718856,1671.239407,Plantain
5.0,55.0,18.0,33.50876355,45.70976142,7.322097972,126.6738117,PigeonPeas
4.0,20.0,41.0,24.26601316,93.7974061,6.537042717,104.5375109,Pomegranate
26.0,23.0,28.0,26.89857,38.697898,5.826183,378.046027,Millet
18.0,26.0,31.0,32.6112614,47.74916499,5.418475257,91.10190759,Mango
16.0,145.0,199.0,26.91624843,80.76838926,5.953966361,69.30927185,Grapes
95.0,39.0,36.0,23.86330467,83.15250801,5.561398642,285.2493645,Rice
15.0,6.0,41.0,19.0087067,88.83768149,6.897368477,108.6793978,Pomegranate
18.0,9.0,40.0,19.44623085,89.02127045,5.627186257,106.1606833,Pomegranate
22.0,18.0,28.0,29.113135,38.229461,6.785772,337.832037,Millet
82.0,18.0,48.0,29.09588297,94.16748386,6.159050816,26.70581328,Muskmelon
26.0,126.0,195.0,21.41363812,92.99124545,5.878568981,118.3979065,Apple
63.0,44.0,41.0,24.17298839,83.7287574,5.583370042,257.0343554,Rice
85.0,21.0,47.0,29.87331077,90.60932469,6.186770318,24.69720481,Muskmelon
49.0,24.0,26.0,29.480907,45.461111,7.123955,522.190155,Sorghum
96.0,54.0,22.0,25.70196694,61.33450447,6.960358276,83.20711308,Maize
110.0,28.0,46.0,24.29105004,88.04541346,6.49889585,51.26046418,Watermelon
33.0,14.0,29.0,28.753958,63.786492,4.251683,600.0,Cassava
83.0,21.0,48.0,18.211899,87.839468,5.023329,2035.714103,Tea
36.0,18.0,41.0,26.249655,48.277705,7.150205,526.139581,Sorghum
20.0,15.0,19.0,30.42437,45.809108,6.559856,451.36863,Millet
1.0,30.0,10.0,11.89925671,91.34663797,7.291405641,103.5771468,Orange
38.0,141.0,198.0,13.05809741,80.28297993,5.757009965,70.75633584,Grapes
113.0,30.0,50.0,26.03967219,83.9862443,6.277484043,43.87712348,Watermelon
113.0,37.0,20.0,25.03300222,79.04368718,7.393441155,97.10087029,Cotton
26.0,52.0,23.0,29.98835437,49.60384796,4.931890506,52.92929636,MothBeans
69.0,57.0,35.0,24.30748599,78.54340987,6.186814392,186.2337571,Jute
7.0,73.0,25.0,27.52185591,63.13215259,7.28805662,45.20841071,Lentil
40.0,68.0,17.0,34.1262979,65.14877461,7.733149554,70.40795007,Blackgram
63.0,35.0,16.0,22.02720976,65.35549924,6.272417541,83.73280082,Maize
60.0,55.0,44.0,23.00445915,82.3207629,7.840207144,263.9642476,Rice
147.0,37.0,175.0,26.232168,90.703536,6.119271,1499.094909,Plantain
24.0,70.0,16.0,25.17885316,68.93307305,6.54803469,35.03484812,Lentil
42.0,11.0,44.0,22.977871,56.254876,5.253113,955.586352,Cassava
25.0,132.0,198.0,22.31944084,90.85174383,5.732757516,100.1173443,Apple
50.0,60.0,47.0,32.57720726,92.74889453,6.92791761,93.7942847,Papaya
102.0,49.0,21.0,24.69315538,84.84422454,6.253343655,89.799462,Cotton
100.0,80.0,52.0,27.53911354,77.25629897,6.049801781,110.3262123,Banana
2.0,123.0,205.0,22.36629253,90.78572467,5.739652177,124.9831618,Apple
43.0,35.0,65.0,27.150522,75.220406,5.641373,966.824906,SweetPotato
65.0,60.0,43.0,21.97199397,81.89918197,5.658169482,227.3637009,Rice
123.0,34.0,59.0,30.424181,84.829053,6.039197,2386.182615,Cocoa
122.0,59.0,18.0,23.5000992,83.63488952,6.219469084,79.81328183,Cotton
170.0,41.0,286.0,26.033246,66.694454,5.845022,2335.361531,Plantain
9.0,60.0,21.0,29.94413861,67.31323084,7.52178027,40.37113729,Lentil
48.0,22.0,57.0,32.0,55.989306,7.410992,621.663697,SunflowerSeed
112.0,25.0,51.0,25.04746944,85.5667282,6.932537231,56.72496677,Watermelon
71.0,18.0,73.0,21.33139,85.657226,5.069708,1975.495266,Tea
78.0,28.0,42.0,18.746333,64.525177,5.812654,719.790296,Tobacco
0.0,18.0,14.0,29.77149434,92.00719952,7.207991261,114.4161786,Orange
35.0,145.0,195.0,22.03911546,94.58075845,6.231950009,110.9804014,Apple
44.0,75.0,22.0,30.0328403,64.14800537,7.574561547,71.21006868,Blackgram
8.0,26.0,26.0,25.54759871,91.64194826,5.702484758,212.867626,Coconut
102.0,73.0,52.0,27.9122104,83.36307683,6.356090905,90.24211529,Banana
33.0,12.0,25.0,28.160024,47.341413,6.615935,302.056891,Millet
83.0,9.0,45.0,25.85483596,89.13163965,6.049609892,46.85176955,Watermelon
84.0,29.0,49.0,29.94349168,93.90741192,6.251420275,20.39020503,Muskmelon
2.0,72.0,18.0,26.57597546,60.97876599,7.836719564,50.89110726,Lentil
29.0,18.0,52.0,24.710304,49.574979,7.321973,675.931743,SunflowerSeed
39.0,35.0,62.0,21.89939,79.852091,6.341961,730.818752,SweetPotato
118.0,18.0,32.0,27.6496114,51.11044023,6.351823783,122.8392822,Coffee
33.0,28.0,31.0,25.543936,61.464892,7.052312,901.149958,Groundnut
63.0,41.0,43.0,23.42845,87.164328,6.294082,2295.227738,Vanilla
37.0,11.0,48.0,31.035311,78.016499,4.739266,867.821212,Cassava
13.0,30.0,37.0,20.86474944,91.61793636,6.277148771,106.8685636,Pomegranate
27.0,63.0,19.0,20.93409877,21.1893007,5.562201934,133.1914419,KidneyBeans
59.0,21.0,64.0,23.762489,60.914486,5.636492,608.05668,Tobacco
44.0,58.0,18.0,28.03644051,65.06601664,6.814410928,72.49507741,Blackgram
26.0,73.0,21.0,31.33170829,57.97429171,4.946263888,161.7820226,PigeonPeas
39.0,76.0,76.0,19.96837462,15.57324389,8.135900726,69.15759062,ChickPea
64.0,32.0,60.0,22.039571,52.204198,5.645285,593.502611,Tobacco
96.0,46.0,22.0,20.58314011,69.00128641,6.499936446,66.29390357,Maize
72.0,51.0,40.0,23.20683504,74.09956958,7.422318499,199.4766779,Jute
32.0,42.0,27.0,26.15302,70.827084,6.301474,867.528678,Groundnut
15.0,36.0,27.0,27.78912455,53.96886679,5.643710216,91.01152997,Mango
75.0,56.0,44.0,25.2746335,73.7459581,6.109478059,168.0432282,Jute
30.0,34.0,29.0,27.209411,49.848868,6.460158,576.590147,SunflowerSeed
7.0,79.0,23.0,19.6365349,19.68751084,5.821649914,96.65888933,KidneyBeans
18.0,17.0,28.0,27.280143,71.27237,4.795993,994.281641,Cassava
29.0,75.0,75.0,19.62416326,18.71483156,7.064790365,88.4585692,ChickPea
27.0,13.0,17.0,26.440837,48.311298,6.056755,519.7074,SesameSeed
67.0,68.0,49.0,35.26824831,92.38282957,6.821774589,149.8488208,Papaya
34.0,71.0,79.0,17.927806,15.85622899,7.728998197,74.63872762,ChickPea
4.0,44.0,19.0,27.95639663,83.52706038,6.921993878,43.25726752,MungBean
61.0,22.0,67.0,23.909022,89.166636,6.431281,2571.922852,Vanilla
35.0,66.0,81.0,19.37101121,15.77458129,6.138243973,85.24819851,ChickPea
64.0,35.0,35.0,20.50087,63.01691,5.981311,719.826695,Tobacco
31.0,56.0,23.0,31.46846241,35.39454002,5.661826398,174.5723999,PigeonPeas
67.0,60.0,38.0,24.79853023,78.53037059,7.16214284,162.2847429,Jute
56.0,56.0,60.0,19.544194,49.235139,6.830992,700.0,Onion
53.0,33.0,62.0,27.153496,60.576996,6.244413,727.314209,SweetPotato
27.0,80.0,24.0,28.42062847,61.77336343,7.815210661,49.02366803,Lentil
111.0,40.0,25.0,24.484692,84.44932014,6.187455799,90.94342484,Cotton
65.0,28.0,54.0,22.47644,83.8089,6.046052,2394.132398,Vanilla
90.0,32.0,38.0,23.188178,89.198688,6.561493,2010.069961,Vanilla
10.0,18.0,35.0,27.79797651,99.64573002,6.381975465,181.6942283,Coconut
144.0,39.0,259.0,23.555465,85.858588,5.807121,1407.336601,Plantain
43.0,79.0,79.0,19.40751744,18.98030507,7.806747656,80.25064637,ChickPea
29.0,44.0,20.0,30.04132304,63.56222995,8.620107545,31.83192392,MothBeans
56.0,75.0,15.0,30.20157245,60.06534859,7.152272256,66.37171179,Blackgram
28.0,58.0,24.0,19.72702528,18.28173015,5.748190463,143.7630894,KidneyBeans
33.0,29.0,34.0,31.40948821,49.21729127,6.832979509,92.99739415,Mango
98.0,26.0,49.0,27.29035669,90.53330091,6.130160473,23.49535234,Muskmelon
118.0,22.0,64.0,30.236676,91.186142,5.953078,2052.256736,Cocoa
60.0,48.0,39.0,24.28209415,80.30025587,7.042299069,231.0863347,Rice
41.0,26.0,40.0,20.44966,48.907036,6.901372,554.520852,SunflowerSeed
29.0,32.0,39.0,28.175054,63.938896,5.903954,812.369928,Groundnut
125.0,42.0,95.0,24.613634,69.833702,6.8788,2051.981962,Sugarcane
37.0,74.0,15.0,24.92360104,18.22590825,5.582178402,62.7089169,KidneyBeans
60.0,57.0,24.0,18.66116213,61.55327249,6.121294041,75.03247667,Maize
40.0,24.0,25.0,28.70595247,50.44030129,5.445008416,95.8946444,Mango
26.0,11.0,17.0,33.487826,45.981153,5.467599,358.095179,Millet
36.0,25.0,33.0,27.98392787,53.33018851,5.548584852,99.61465679,Mango
89.0,29.0,61.0,28.44799,84.677139,6.303965,1886.079437,Cocoa
12.0,27.0,26.0,29.09382275,45.5661059,5.32307197,96.23520043,Mango
35.0,42.0,28.0,16.741139,77.181378,6.222331,931.34077,GardenBean
21.0,38.0,21.0,29.75538903,86.45193297,6.637677489,37.54602719,MungBean
111.0,15.0,54.0,27.7058373,92.91185695,6.194090172,22.06207161,Muskmelon
40.0,59.0,23.0,36.89163721,62.73178224,5.269084669,163.7266551,PigeonPeas
8.0,25.0,36.0,19.91330523,94.95031368,6.828522375,104.0277061,Pomegranate
19.0,10.0,16.0,27.424013,42.454088,6.762357,432.185638,SesameSeed
56.0,24.0,29.0,29.361892,43.447224,6.736739,553.638449,Sorghum
49.0,68.0,22.0,28.56840626,61.53278622,7.127064207,63.49726331,Blackgram
32.0,56.0,18.0,20.0467711,65.84395319,7.135251532,46.05333124,Lentil
29.0,128.0,198.0,22.44075021,92.70785115,5.685062404,121.4977331,Apple
75.0,56.0,18.0,19.39851734,62.35750641,5.696205468,60.95197486,Maize
32.0,57.0,22.0,28.6899851,87.50436797,6.769415888,44.56598352,MungBean
1.0,62.0,23.0,15.43546065,18.37477907,5.607808432,139.0302034,KidneyBeans
20.0,73.0,22.0,16.03768615,22.33195853,5.976312538,130.3900798,KidneyBeans
19.0,19.0,17.0,30.257208,41.13795,6.289387,484.489439,SesameSeed
9.0,17.0,32.0,25.94951662,93.40548703,5.842317989,172.0540491,Coconut
67.0,20.0,52.0,16.197123,84.475247,4.892013,1400.0,Tea
39.0,73.0,24.0,25.65842532,61.18235808,7.22405917,69.28607828,Blackgram
91.0,84.0,52.0,29.14827211,78.71024836,6.390741836,117.536781,Banana
37.0,27.0,36.0,29.833789,54.693497,6.060191,548.09654,Sorghum
51.0,42.0,59.0,19.75938,71.511638,6.703898,443.896834,Onion
40.0,136.0,202.0,22.85267372,94.5764581,5.935336308,117.5314026,Apple
68.0,11.0,64.0,18.282234,83.28097,4.790323,2478.102658,Tea
190.0,44.0,194.0,24.117254,87.21159,6.306097,1431.676434,Plantain
37.0,30.0,34.0,27.53907547,53.63549533,6.797779227,99.35408185,Mango
25.0,121.0,201.0,30.50734778,82.71775569,5.594240603,70.08200379,Grapes
18.0,21.0,18.0,31.372938,42.520567,6.951685,445.802412,Millet
22.0,144.0,196.0,21.91191314,91.68748063,6.499226821,117.0761277,Apple
37.0,52.0,47.0,43.08022702,93.90305729,6.54277684,211.8529059,Papaya
39.0,17.0,52.0,26.21953,63.238814,6.925109,604.108564,SunflowerSeed
25.0,63.0,20.0,15.78601387,21.14544088,5.502999119,95.17028129,KidneyBeans
28.0,72.0,84.0,18.72963144,19.18197264,6.481783043,71.58010169,ChickPea
91.0,7.0,53.0,25.13735887,89.28272716,6.457216535,43.52897517,Watermelon
66.0,20.0,64.0,23.826098,86.860818,6.21424,2091.533621,Vanilla
72.0,24.0,52.0,23.459849,61.367363,6.04479,783.658305,Tobacco
60.0,19.0,34.0,26.338734,50.514925,6.423117,475.701918,Sorghum
40.0,25.0,69.0,24.0872,75.890593,5.646196,622.530612,SweetPotato
35.0,22.0,31.0,30.938782,48.606359,6.911708,483.976643,SunflowerSeed
35.0,39.0,64.0,22.951291,73.832381,6.12816,791.540147,SweetPotato
61.0,44.0,17.0,26.10018422,71.57476937,6.931756558,102.2662445,Maize
50.0,34.0,42.0,17.958303,79.653042,6.103001,905.878918,GardenBean
62.0,48.0,20.0,21.70181447,60.47470519,6.708446922,95.71388473,Maize
89.0,60.0,19.0,25.19192419,66.6902901,5.913664501,78.06639649,Maize
27.0,45.0,32.0,25.389959,68.240447,6.453623,1055.297202,Groundnut
51.0,27.0,41.0,22.968591,78.630087,6.410018,1600.0,Vanilla
53.0,28.0,39.0,20.04306,81.630352,6.426732,777.834863,GardenBean
29.0,19.0,30.0,29.198215,33.214669,6.010254,341.028592,Millet
109.0,32.0,101.0,25.754171,87.710396,6.659335,1952.442792,Cocoa
25.0,14.0,22.0,35.673294,31.308452,6.541013,322.739516,Millet
26.0,16.0,28.0,29.684466,45.8549,6.345318,351.540355,Millet
52.0,45.0,39.0,25.043732,79.445122,6.582955,883.00217,Soyabean
19.0,18.0,22.0,31.966496,32.505555,6.627986,440.563017,SesameSeed
48.0,50.0,72.0,21.093505,66.129749,6.549918,538.62321,Onion
80.0,90.0,47.0,26.59743595,79.35898915,6.21084479,107.3944717,Banana
21.0,31.0,39.0,24.596436,80.0,6.432049,788.587743,Groundnut
100.0,24.0,28.0,25.59535262,57.72920846,7.101661011,195.7733251,Coffee
29.0,144.0,204.0,22.43324518,92.48667725,5.800448951,119.1025189,Apple
57.0,49.0,75.0,19.163096,61.763696,6.570308,466.577359,Onion
33.0,17.0,45.0,26.632045,63.902932,5.148458,1008.431785,Cassava
29.0,72.0,24.0,23.17409556,36.67847052,6.962386495,162.5931264,PigeonPeas
17.0,38.0,43.0,29.139715,55.060957,6.275209,828.654322,Groundnut
49.0,35.0,38.0,24.465954,71.420197,6.301427,960.842433,Soyabean
63.0,58.0,47.0,26.83054058,90.75379971,6.864143752,144.6656444,Papaya
90.0,36.0,64.0,29.630847,76.585529,6.738475,2184.646033,Sugarcane
59.0,48.0,74.0,16.360944,67.079931,6.720263,496.093613,Onion
113.0,35.0,159.0,25.163659,79.118879,5.977929,1815.400822,Plantain
34.0,17.0,20.0,32.063011,36.245936,6.408078,350.365508,Millet
30.0,75.0,25.0,30.33276599,42.35249879,6.446091759,149.299952,PigeonPeas
44.0,76.0,22.0,27.26458947,68.01232937,7.775306272,68.91754359,Blackgram
39.0,16.0,46.0,28.776462,41.626992,7.312056,549.261692,Sorghum
60.0,55.0,45.0,21.40865769,83.3293191,5.935745417,287.5766935,Rice
99.0,5.0,47.0,24.13078816,84.84494575,6.649086972,51.19470197,Watermelon
138.0,42.0,131.0,28.274577,77.679219,6.117371,1787.765959,Sugarcane
61.0,22.0,59.0,26.610834,67.453554,6.046406,669.103611,Tobacco
43.0,43.0,50.0,19.245786,58.895479,6.875955,432.071612,Onion
89.0,57.0,43.0,26.91515043,73.19897535,6.998787171,177.2233048,Jute
31.0,27.0,35.0,28.501095,74.681677,6.225678,732.834565,Groundnut
74.0,43.0,23.0,25.95263264,61.89082199,6.325235159,99.57981207,Maize
60.0,49.0,44.0,20.77576147,84.49774397,6.244841491,240.0810647,Rice
23.0,15.0,19.0,29.891013,38.782116,5.482214,284.271834,Millet
126.0,55.0,65.0,28.179845,75.447058,6.670731,2166.92924,Sugarcane
22.0,54.0,20.0,28.56149805,83.63802195,6.689825155,41.013132,MungBean
92.0,7.0,48.0,26.27520631,86.63249555,6.956508826,54.38748495,Watermelon
39.0,7.0,29.0,27.54273211,94.59086121,6.362544111,150.2012138,Coconut
80.0,21.0,42.0,16.901922,88.296921,5.127966,2275.541808,Tea
10.0,140.0,197.0,22.16939473,90.27185592,6.229498836,124.4683112,Apple
25.0,62.0,21.0,26.73433965,68.13999721,7.040056094,67.15096376,Blackgram
38.0,68.0,54.0,29.33710543,90.81781439,6.739170045,202.0572747,Papaya
5.0,56.0,24.0,24.80710166,45.01110015,5.023115055,188.4928637,PigeonPeas
66.0,47.0,36.0,24.85441411,74.4407048,6.57256106,175.572958,Jute
23.0,27.0,23.0,28.752071,71.359601,6.955971,735.899149,Groundnut
57.0,20.0,66.0,23.395822,72.189766,6.349187,642.579652,SweetPotato
21.0,39.0,20.0,28.14448546,82.1193047,7.064782138,46.75690086,MungBean
73.0,45.0,21.0,24.60532218,73.58868502,6.636803223,96.59195302,Maize
20.0,72.0,19.0,32.47648301,64.34848735,7.397190844,65.820457,Blackgram
10.0,8.0,16.0,33.776962,39.002927,6.33559,436.277593,SesameSeed
25.0,33.0,40.0,28.229808,53.862013,7.789631,624.022551,SunflowerSeed
82.0,30.0,32.0,22.585368,57.376246,5.551298,750.654866,Tobacco
8.0,7.0,10.0,28.2620488,91.98317355,6.929216014,105.2132259,Orange
35.0,55.0,22.0,30.88883074,52.62696801,8.634929739,55.51932414,MothBeans
114.0,27.0,48.0,27.82054812,93.03555162,6.528404378,26.32405487,Muskmelon
61.0,68.0,50.0,35.21462816,91.49725058,6.793245417,243.0745066,Papaya
27.0,37.0,35.0,19.487319,74.276127,6.109818,723.135425,GardenBean
25.0,17.0,24.0,33.88509,46.711487,5.546277,556.725688,SesameSeed
108.0,23.0,51.0,26.84366082,83.85039964,6.106500787,40.228644,Watermelon
71.0,52.0,43.0,26.47549543,73.96164569,6.732826127,180.2513601,Jute
95.0,37.0,35.0,27.31317116,68.4233391,6.348337519,192.4288139,Coffee
39.0,30.0,43.0,17.382888,79.377707,6.143769,661.924591,GardenBean
45.0,33.0,44.0,27.461639,88.991385,6.091938,2136.067738,Vanilla
111.0,49.0,109.0,28.501964,65.948664,6.816249,1972.546688,Sugarcane
8.0,59.0,18.0,29.50523036,35.72032498,6.216814453,187.8961851,PigeonPeas
78.0,46.0,42.0,23.09499564,78.45959697,7.095413294,155.3851533,Jute
119.0,19.0,55.0,25.18780042,83.44621709,6.818261383,46.87420883,Watermelon
59.0,44.0,78.0,21.66001,64.196785,6.648342,449.001005,Onion
93.0,22.0,52.0,26.58740671,81.32563243,6.932739726,41.87540028,Watermelon
57.0,58.0,77.0,18.72649425,17.58406365,7.978996755,81.20176515,ChickPea
11.0,44.0,17.0,26.34043268,55.59160391,8.016210782,35.1051197,MothBeans
25.0,76.0,17.0,31.74105409,68.63525428,7.241148507,62.3061735,Blackgram
39.0,20.0,56.0,26.306045,47.683985,7.570931,626.456318,SunflowerSeed
109.0,31.0,27.0,23.05951896,50.40609436,6.973839707,164.4971875,Coffee
40.0,55.0,18.0,30.38257873,40.5926071,7.115994051,47.95406479,MothBeans
114.0,8.0,50.0,24.74631269,88.30866319,6.581587932,57.95826144,Watermelon
91.0,24.0,55.0,26.27061608,83.09194521,6.259086583,46.76837499,Watermelon
30.0,19.0,36.0,31.484255,49.86485,6.892777,489.010257,Sorghum
53.0,41.0,29.0,25.057421,79.709725,6.581927,979.134149,Soyabean
80.0,31.0,64.0,24.725509,66.546293,6.17115,622.25634,Tobacco
0.0,27.0,38.0,22.44581266,89.90147027,6.738016221,109.3905998,Pomegranate
54.0,56.0,45.0,18.992639,58.638345,6.906474,435.387955,Onion
38.0,135.0,203.0,41.36106301,82.79782954,6.444373116,69.92107482,Grapes
125.0,48.0,106.0,28.933305,65.960796,7.499049,1868.161965,Sugarcane
74.0,41.0,79.0,26.349668,87.681435,5.690199,1798.388064,Cocoa
29.0,34.0,70.0,25.099105,66.257386,5.395062,930.307468,SweetPotato
43.0,23.0,42.0,27.648603,47.209544,7.535437,443.5819,SunflowerSeed
164.0,42.0,224.0,25.525841,80.194377,6.45855,1699.762678,Plantain
59.0,15.0,49.0,22.014874,78.077918,4.771903,2025.735029,Tea
35.0,72.0,21.0,34.03619494,64.28791388,7.741418772,66.85510868,Blackgram
44.0,25.0,20.0,24.433451,46.219709,7.08513,556.991314,SunflowerSeed
34.0,80.0,19.0,31.49338309,63.0563645,6.521217963,71.48327008,Blackgram
122.0,48.0,16.0,24.65425757,75.6350708,6.307585854,61.82980133,Cotton
42.0,24.0,28.0,30.16488,44.841565,7.226563,455.957052,Sorghum
24.0,38.0,22.0,24.47876451,58.51663927,8.202706015,34.96933295,MothBeans
72.0,45.0,35.0,25.42977518,82.94682591,5.758506323,195.3574542,Rice
82.0,22.0,45.0,26.22338015,85.34866045,6.512196212,54.60159289,Watermelon
141.0,45.0,198.0,23.125577,71.045226,5.994735,2068.885447,Plantain
29.0,22.0,40.0,23.62600218,89.73266695,6.145104401,107.6836871,Pomegranate
79.0,26.0,55.0,19.151757,78.759345,4.909791,1722.426748,Tea
82.0,19.0,52.0,18.175996,82.454984,5.02983,1919.411375,Tea
29.0,76.0,15.0,28.5417236,64.2020154,7.025607706,69.68862306,Blackgram
16.0,75.0,21.0,18.50692825,23.61670065,5.679224346,87.0513289,KidneyBeans
88.0,50.0,40.0,25.63215038,79.95150917,7.051822472,182.2582277,Jute
60.0,37.0,39.0,26.59104992,82.94164078,6.033485257,161.2469997,Jute
38.0,21.0,35.0,20.33691147,89.38003827,5.841367187,110.9653137,Pomegranate
12.0,66.0,20.0,27.41434987,63.41785982,7.336117221,44.43177543,Lentil
15.0,11.0,38.0,23.12808226,92.68328358,6.630646083,109.3930157,Pomegranate
68.0,40.0,19.0,26.14384005,66.20569924,6.655426355,107.2361366,Maize
76.0,48.0,18.0,19.29563411,69.63481219,5.77597783,83.21030571,Maize
34.0,140.0,198.0,21.70416965,93.44006288,5.751707342,115.1781396,Apple
24.0,73.0,20.0,19.63736208,32.31528909,4.608695247,176.4134092,PigeonPeas
86.0,15.0,47.0,24.04355803,84.18406764,6.423898762,53.78929956,Watermelon
23.0,23.0,27.0,34.72413192,51.4271781,5.161148592,97.31258083,Mango
125.0,29.0,216.0,21.92269,69.73638,6.059133,1679.885399,Plantain
29.0,122.0,196.0,41.94865736,81.15595212,5.638328481,73.06862952,Grapes
24.0,80.0,22.0,16.71170642,19.17651433,5.635993966,96.77285817,KidneyBeans
51.0,57.0,55.0,24.70528368,90.14732171,6.676407337,108.4103158,Papaya
25.0,10.0,38.0,25.512436,52.615686,6.870733,504.856812,SunflowerSeed
70.0,43.0,40.0,24.35564134,88.80391021,6.176860192,169.1168028,Jute
32.0,11.0,31.0,29.51611558,92.56492864,6.461225827,131.2116167,Coconut
28.0,80.0,17.0,19.62207826,18.67170854,5.809419584,144.1567454,KidneyBeans
2.0,78.0,23.0,21.31852148,66.43934593,7.320514721,45.42616802,Lentil
13.0,144.0,204.0,30.7280404,82.42614055,6.092241627,68.38135469,Grapes
23.0,12.0,21.0,31.210291,41.198455,6.757838,368.672115,SesameSeed
37.0,22.0,39.0,31.520112,41.445214,7.181197,316.305524,Sorghum
86.0,31.0,35.0,27.01207284,60.76645256,6.485761419,191.4508931,Coffee
34.0,15.0,50.0,27.974299,71.101072,4.66762,1319.287976,Cassava
24.0,21.0,22.0,36.0,43.491968,6.428962,415.055604,SesameSeed
98.0,22.0,47.0,29.07265321,91.91533173,6.341400922,28.83568362,Muskmelon
44.0,63.0,15.0,26.42333018,64.51136845,7.338929556,63.46546487,Blackgram
38.0,62.0,25.0,32.7477393,67.77954584,7.453975408,63.37784443,Blackgram
95.0,52.0,36.0,26.22916897,83.83625819,5.543360238,286.5083725,Rice
121.0,36.0,24.0,23.66457347,81.69105088,7.352401887,99.36898373,Cotton
36.0,44.0,52.0,20.181269,54.836608,6.40252,551.35153,Onion
48.0,42.0,39.0,18.784177,79.31773,6.196461,704.520528,GardenBean
58.0,46.0,45.0,42.39413392,90.79028064,6.576261427,88.46607497,Papaya
87.0,28.0,35.0,26.5602777,57.1621814,6.759211911,152.0616227,Coffee
59.0,29.0,55.0,21.535401,72.542365,5.98929,854.671271,Tobacco
11.0,10.0,45.0,22.63045168,88.45577158,6.397995609,109.0357597,Pomegranate
43.0,39.0,39.0,16.272408,73.485669,6.184175,712.732442,GardenBean
119.0,30.0,49.0,25.35794749,80.45846265,6.903020221,47.72078245,Watermelon
23.0,57.0,19.0,32.83963757,67.99803573,7.251000789,73.40452716,Blackgram
53.0,25.0,60.0,24.247052,71.740201,5.872861,804.242397,Tobacco
37.0,78.0,79.0,19.95264829,14.82633099,7.786366322,88.6810311,ChickPea
39.0,26.0,36.0,24.085481,40.818325,7.422441,632.510442,SunflowerSeed
34.0,56.0,17.0,33.4126864,35.42910045,4.548202098,139.6702541,PigeonPeas
51.0,22.0,47.0,23.798446,79.682268,5.868218,774.386855,SweetPotato
64.0,53.0,38.0,26.24347471,78.51063754,6.855362875,183.4065252,Jute
52.0,71.0,16.0,27.74274761,68.53997144,7.075886472,71.78615328,Blackgram
29.0,21.0,45.0,23.40981539,93.13277,6.749260456,105.2240743,Pomegranate
54.0,39.0,38.0,27.254404,69.002524,6.3043,957.043873,Soyabean
21.0,20.0,15.0,28.217224,62.601921,5.34845,1044.104411,Cassava
3.0,26.0,39.0,24.38318965,91.19431555,7.079973241,103.6012114,Pomegranate
63.0,34.0,64.0,23.228952,58.50897,5.630178,791.851456,Tobacco
39.0,36.0,42.0,18.196817,80.254269,6.492397,685.017311,GardenBean
21.0,63.0,17.0,15.77370214,19.2303162,5.979973965,108.3441414,KidneyBeans
114.0,21.0,55.0,25.4438391,87.9392312,6.472756256,57.51549686,Watermelon
31.0,48.0,45.0,40.78881819,92.90951393,6.563134737,132.7923586,Papaya
100.0,74.0,52.0,25.43480512,81.53977797,5.837258235,96.47800391,Banana
27.0,64.0,15.0,20.16080524,24.84207559,5.514927264,138.2362122,KidneyBeans
74.0,58.0,18.0,20.03728219,56.35606753,6.727303282,109.024141,Maize
62.0,30.0,46.0,23.999042,83.653157,6.53766,2279.912275,Vanilla
18.0,17.0,31.0,31.74592134,45.16127859,5.667507706,93.75441586,Mango
27.0,61.0,15.0,25.2653291,67.10004577,6.958054839,48.33941188,Lentil
3.0,27.0,44.0,24.56811204,92.03009222,6.591302797,110.9633894,Pomegranate
170.0,43.0,153.0,26.180807,71.601911,6.75186,1669.467189,Plantain
42.0,12.0,40.0,30.086963,67.828864,5.225188,1294.014815,Cassava
30.0,44.0,16.0,29.73013036,82.89166381,6.442335593,50.91511275,MungBean
108.0,92.0,53.0,27.40053601,82.96221306,6.276800323,104.9378,Banana
24.0,13.0,20.0,31.017335,42.670148,5.937223,567.963982,SesameSeed
153.0,46.0,182.0,25.085334,85.232919,6.415305,1889.879318,Plantain
26.0,15.0,21.0,28.879779,43.337851,7.181837,462.915961,SesameSeed
58.0,20.0,57.0,24.193163,43.784228,7.091638,478.76514,SunflowerSeed
26.0,9.0,32.0,25.9490364,94.73860514,6.470465614,144.1571109,Coconut
69.0,29.0,54.0,22.811462,60.596527,5.719882,572.622487,Tobacco
36.0,125.0,196.0,37.46566825,80.65968681,6.15526103,66.83872293,Grapes
102.0,45.0,16.0,23.65629976,77.52425987,7.2942193,74.8984994,Cotton
98.0,47.0,37.0,23.48381344,81.33265073,7.375482851,224.0581164,Rice
101.0,35.0,84.0,29.005092,82.734304,5.884406,1838.225973,Cocoa
45.0,38.0,66.0,24.492437,83.905361,6.010256,2318.591822,Vanilla
26.0,33.0,40.0,27.822935,68.644982,6.690101,811.230008,Groundnut
19.0,13.0,24.0,29.20614,41.456658,6.024894,524.219978,SesameSeed
0.0,69.0,21.0,25.86928193,61.88321072,7.072923306,36.68284038,Lentil
60.0,16.0,68.0,19.981938,83.833743,4.550196,2235.201017,Tea
5.0,24.0,40.0,24.692258,93.87030088,6.297907579,104.6735454,Pomegranate
38.0,34.0,51.0,24.46528,60.442038,5.929459,756.161414,SweetPotato
170.0,32.0,256.0,23.235302,78.827164,6.803919,1864.986499,Plantain
58.0,39.0,61.0,24.230655,78.0,6.037384,2365.000931,Vanilla
32.0,68.0,19.0,24.62835037,18.18325169,5.514234138,149.7441028,KidneyBeans
46.0,34.0,32.0,22.525486,75.13449,6.552854,885.117434,Soyabean
160.0,44.0,261.0,18.0,90.003541,6.327025,1704.198378,Plantain
136.0,36.0,254.0,26.967448,76.224727,5.853296,2031.392929,Plantain
38.0,18.0,29.0,29.77899,77.859609,4.808937,1258.679365,Cassava
29.0,40.0,38.0,28.066121,61.097722,6.891887,1077.243472,Groundnut
4.0,19.0,42.0,23.83185873,87.84034604,6.306605528,111.2232716,Pomegranate
52.0,42.0,89.0,22.775764,51.912025,6.794466,432.837795,Onion
42.0,29.0,70.0,24.543397,55.003566,6.100998,798.162818,SweetPotato
107.0,35.0,70.0,28.614006,87.317951,5.401686,1985.227757,Cocoa
106.0,14.0,45.0,24.47018505,84.16390229,6.417011754,57.26773002,Watermelon
131.0,52.0,16.0,23.65724079,84.47601498,6.486068274,88.54479121,Cotton
26.0,18.0,42.0,19.72620525,89.64934166,6.910374919,108.2287276,Pomegranate
52.0,18.0,33.0,31.418904,43.733219,6.665928,550.833442,Sorghum
38.0,38.0,18.0,26.31051759,61.18749126,6.294130313,35.73403813,MothBeans
39.0,29.0,29.0,26.50908611,94.48414544,6.143662699,199.8778403,Coconut
96.0,48.0,80.0,29.880325,77.047295,7.112296,1634.103257,Sugarcane
43.0,24.0,33.0,29.648228,51.760231,6.674363,489.257667,Sorghum
40.0,22.0,6.0,24.53610067,91.90997228,6.488221135,115.9787989,Orange
24.0,42.0,43.0,25.653144,73.350994,6.421653,947.781555,Groundnut
54.0,66.0,52.0,36.56769731,93.79503425,6.867554147,104.4218596,Papaya
100.0,17.0,48.0,29.72791119,94.29753295,6.367800632,26.52364146,Muskmelon
25.0,13.0,18.0,29.460353,47.920991,6.87039,527.739362,SesameSeed
106.0,85.0,53.0,27.1994597,78.8086068,5.91505509,99.72430835,Banana
139.0,35.0,15.0,25.248679,83.4630147,5.898293044,86.55517751,Cotton
148.0,46.0,186.0,27.791766,89.234854,6.033936,2015.328864,Plantain
94.0,39.0,18.0,23.89114571,57.48775781,5.893093135,102.8301942,Maize
92.0,34.0,77.0,29.00218,87.083834,6.206655,1765.717667,Cocoa
84.0,7.0,51.0,26.81530456,87.65694462,6.399669044,55.74073582,Watermelon
22.0,71.0,17.0,18.15300153,19.38602098,5.509295379,107.6907964,KidneyBeans
6.0,72.0,15.0,22.99451999,66.70897237,7.670178119,54.49044154,Lentil
1.0,17.0,6.0,10.78689755,91.38411917,6.8198271,117.5293447,Orange
20.0,27.0,41.0,20.51343484,92.51675903,5.700088663,110.5764023,Pomegranate
107.0,31.0,31.0,23.17124551,52.97841162,6.766184468,153.1201644,Coffee
68.0,13.0,52.0,17.982637,86.972856,5.181879,1916.594014,Tea
30.0,20.0,40.0,32.323757,45.557069,6.578404,512.18839,Sorghum
11.0,71.0,24.0,21.14011423,22.7182355,5.606620346,141.6056722,KidneyBeans
35.0,25.0,65.0,25.760183,64.918232,5.339878,773.028152,SweetPotato
17.0,77.0,24.0,20.76952209,18.93146941,5.568456899,109.0193712,KidneyBeans
27.0,42.0,34.0,25.008294,69.756127,6.499912,1054.68622,Groundnut
48.0,37.0,88.0,17.509443,66.313267,7.303664,518.836464,Onion
57.0,67.0,25.0,32.34744009,66.61452812,7.551364319,64.55882254,Blackgram
31.0,34.0,24.0,26.868972,68.425878,6.594795,899.142945,Groundnut
91.0,53.0,40.0,26.52723513,81.41753846,5.386167788,264.6148697,Rice
132.0,38.0,67.0,24.484472,72.863448,7.091662,2028.679604,Sugarcane
80.0,15.0,28.0,23.11438731,68.00096043,6.703270635,161.8944624,Coffee
23.0,6.0,33.0,29.18032562,92.73041222,6.025789594,204.9603677,Coconut
59.0,63.0,18.0,31.65531175,60.13263713,6.52669158,66.69096751,Blackgram
95.0,23.0,36.0,21.154374,85.705156,5.362996,1704.9137,Tea
60.0,51.0,36.0,22.69657794,82.81088865,6.028321558,256.9964761,Rice
87.0,54.0,20.0,25.61707368,63.4711755,6.576418207,108.8303762,Maize
42.0,24.0,55.0,23.954082,71.687149,6.11929,1005.405018,SweetPotato
51.0,45.0,28.0,27.830869,78.807596,6.0,928.94883,Soyabean
121.0,41.0,69.0,27.844155,85.61542,6.307396,1691.580558,Cocoa
20.0,12.0,25.0,29.54445,68.997859,4.869591,952.183541,Cassava
133.0,47.0,24.0,24.40228894,79.19732001,7.231324765,90.8022356,Cotton
40.0,27.0,40.0,18.188769,76.033448,6.173424,829.381847,GardenBean
108.0,35.0,100.0,25.642484,80.783553,6.577951,2161.030556,Sugarcane
125.0,60.0,17.0,24.14386157,84.51591287,6.785723961,80.36146974,Cotton
40.0,41.0,48.0,15.956692,66.121836,6.174023,885.658339,GardenBean
15.0,28.0,32.0,28.84270971,99.64328526,6.218571874,224.4016682,Coconut
34.0,29.0,8.0,31.87859192,91.15248149,6.450640306,105.3437825,Orange
31.0,35.0,23.0,30.30260453,47.18283631,7.707595055,68.04039813,MothBeans
0.0,29.0,32.0,28.05912437,98.3670985,5.868255858,171.6516396,Coconut
28.0,16.0,39.0,27.181948,66.87616,5.576627,779.434268,Cassava
16.0,130.0,201.0,29.12033769,82.79092939,5.682395429,68.8503047,Grapes
100.0,27.0,81.0,27.662431,89.653636,5.76614,1692.690749,Cocoa
21.0,6.0,41.0,24.88244467,89.39686219,7.086947687,107.1951707,Pomegranate
4.0,20.0,25.0,28.93270187,47.94053996,5.664587011,99.9834242,Mango
25.0,21.0,19.0,29.328576,41.267702,5.59389,249.989346,Millet
28.0,14.0,23.0,28.445656,64.349542,4.739743,1124.418283,Cassava
16.0,70.0,20.0,24.80467592,40.1242747,5.6093956,121.5639121,PigeonPeas
22.0,23.0,44.0,20.13037175,89.31505137,6.143874691,107.3416913,Pomegranate
72.0,22.0,52.0,19.041963,63.378018,5.425571,703.746703,Tobacco
0.0,70.0,21.0,36.30049702,56.03021253,4.672437054,101.6073988,PigeonPeas
78.0,50.0,43.0,25.12417673,85.72530641,6.348441469,159.5718087,Jute
40.0,32.0,31.0,16.920327,66.837428,6.378661,774.35302,GardenBean
12.0,8.0,10.0,16.14820285,91.4448027,7.995848977,107.4287664,Orange
54.0,42.0,42.0,18.060107,62.937268,6.277304,878.409579,GardenBean
120.0,25.0,50.0,28.05457761,94.81637388,6.327210469,21.84869328,Muskmelon
45.0,31.0,31.0,29.368889,69.627224,6.237381,906.976036,Groundnut
22.0,123.0,205.0,32.44577836,83.88504863,5.896343436,68.73932528,Grapes
44.0,17.0,52.0,31.900615,44.80062,7.292893,497.954055,Sorghum
39.0,9.0,15.0,25.35467646,91.81183218,7.992041984,116.7555937,Orange
61.0,34.0,49.0,22.190723,61.251722,5.162958,716.897567,Tobacco
132.0,52.0,19.0,24.16402322,76.7433897,6.436691764,61.94626051,Cotton
112.0,17.0,28.0,27.62975458,61.26002598,6.777417989,196.6492664,Coffee
4.0,80.0,16.0,29.19585548,68.01965728,7.441976825,44.93261911,Lentil
110.0,39.0,18.0,24.54795322,75.39752705,7.766259769,63.88079866,Cotton
80.0,27.0,90.0,25.927342,78.772832,5.829566,2217.206875,Cocoa
8.0,127.0,196.0,27.02766138,83.17093908,5.833302165,70.95666003,Grapes
74.0,21.0,103.0,25.407903,89.367712,5.639269,1778.575725,Cocoa
51.0,22.0,32.0,22.531986,39.391214,6.113671,620.203804,SunflowerSeed
103.0,40.0,30.0,27.30901814,55.196224,6.348316257,141.4831644,Coffee
92.0,18.0,46.0,17.806439,85.164019,4.647636,1955.950323,Tea
106.0,70.0,55.0,25.86824781,78.52399914,5.74055541,116.3019555,Banana
8.0,28.0,30.0,25.51618488,94.33465411,6.015672239,135.1272491,Coconut
44.0,20.0,41.0,31.102971,42.535114,7.316885,574.097232,Sorghum
34.0,60.0,25.0,29.78416743,85.16906976,6.79385576,40.77872823,MungBean
81.0,18.0,50.0,26.80750629,88.22874955,6.429788073,58.79889057,Watermelon
90.0,33.0,86.0,26.290751,90.170769,5.512005,1743.762489,Cocoa
76.0,27.0,97.0,32.233606,81.09393,6.185304,1748.817049,Cocoa
63.0,25.0,64.0,24.579021,90.194802,6.385933,2147.343424,Vanilla
84.0,27.0,29.0,23.32293161,53.00366334,7.167092586,168.2644287,Coffee
108.0,54.0,106.0,29.716671,76.398258,6.60059,1645.968527,Sugarcane
45.0,57.0,47.0,23.16855863,90.78821158,6.656458831,161.6892093,Papaya
71.0,23.0,48.0,24.048499,88.410762,6.428302,2332.529612,Vanilla
63.0,43.0,19.0,18.51816776,55.53128131,6.641906353,90.988051,Maize
43.0,33.0,54.0,19.277288,77.07059,6.439234,560.998983,GardenBean
73.0,35.0,38.0,24.88921174,81.97927117,5.005306977,185.9461429,Rice
82.0,48.0,36.0,25.79351957,81.76904006,6.352076783,193.2418382,Jute
20.0,60.0,25.0,27.3254209,69.09047809,6.726469088,61.19250859,Blackgram
104.0,17.0,46.0,25.7131428,80.22972777,6.190015912,43.08961827,Watermelon
18.0,19.0,29.0,27.59376845,92.48519606,6.206077742,162.8432736,Coconut
86.0,21.0,86.0,28.545036,72.750342,5.849518,1563.282644,Cocoa
37.0,28.0,45.0,26.252943,71.509022,6.247199,898.818623,Soyabean
135.0,31.0,264.0,23.89853,80.883788,5.904401,1869.294553,Plantain
90.0,14.0,52.0,24.84740848,89.20454622,6.391858432,59.67927244,Watermelon
29.0,8.0,28.0,26.87037587,91.72546257,6.100429497,214.4128874,Coconut
103.0,17.0,51.0,25.11189154,80.02621335,6.209888345,44.20656987,Watermelon
18.0,17.0,19.0,30.182293,33.916624,5.662203,419.067071,Millet
67.0,33.0,52.0,24.127109,92.840664,6.404695,2279.66051,Vanilla
117.0,47.0,182.0,28.15658,89.434389,5.912304,1652.331063,Plantain
134.0,35.0,195.0,27.002488,80.347184,6.031312,1722.47098,Plantain
5.0,74.0,21.0,16.24469193,21.35793891,5.591704014,66.97053257,KidneyBeans
121.0,47.0,16.0,23.60564038,79.29573149,7.723240151,72.49800885,Cotton
9.0,77.0,17.0,20.12373284,24.45202552,5.783425416,106.158201,KidneyBeans
48.0,33.0,23.0,26.592339,75.686623,6.820868,1039.964465,Soyabean
16.0,8.0,20.0,30.358695,46.789494,6.713746,486.578256,SesameSeed
41.0,26.0,78.0,20.76066,84.638514,5.391063,780.976451,SweetPotato
20.0,7.0,9.0,29.47741671,91.57802915,7.129136941,111.1727497,Orange
14.0,18.0,30.0,29.80747243,52.13797867,5.191265116,95.74606104,Mango
63.0,33.0,43.0,20.015796,68.247437,5.44725,595.243021,Tobacco
133.0,50.0,25.0,25.72180042,81.19666206,7.569454601,99.93100821,Cotton
49.0,40.0,43.0,25.872979,76.017201,6.393049,1041.788126,Soyabean
41.0,25.0,58.0,19.886836,59.842259,6.734959,719.711271,SweetPotato
113.0,28.0,214.0,25.750541,80.052731,6.236718,2166.644348,Plantain
86.0,6.0,53.0,25.92030221,83.47202566,6.921847888,42.10681516,Watermelon
19.0,78.0,16.0,20.65375833,23.10538637,5.967533236,67.71768947,KidneyBeans
16.0,8.0,9.0,24.60297538,91.28408653,7.601189843,111.2948115,Orange
102.0,56.0,111.0,29.764406,83.019944,7.188357,1767.022505,Sugarcane
79.0,45.0,43.0,25.71901283,79.15532398,7.171054239,187.1735424,Jute
19.0,18.0,33.0,28.161628,67.972629,5.300555,1090.299124,Cassava
5.0,8.0,5.0,11.03367937,92.22706805,6.562594972,112.7715925,Orange
103.0,42.0,17.0,24.29470232,84.61527627,6.527541661,81.05902285,Cotton
24.0,56.0,85.0,18.19903647,17.41333199,6.545888558,80.6405403,ChickPea
23.0,10.0,19.0,31.001916,37.862233,6.200762,527.288659,SesameSeed
90.0,48.0,45.0,24.06475727,71.31342851,6.509174789,153.6390212,Jute
33.0,37.0,19.0,27.92678579,86.5543196,7.183189922,43.4826194,MungBean
6.0,18.0,37.0,19.65690085,89.93701023,5.937649578,108.0458926,Pomegranate
36.0,29.0,48.0,24.790386,73.676643,5.647283,803.381739,SweetPotato
81.0,40.0,45.0,25.7629429,80.76238215,6.427726565,174.5071843,Jute
98.0,35.0,18.0,23.79746068,74.82913698,6.252797548,91.76337172,Maize
100.0,46.0,18.0,24.18586246,76.04203958,6.431689506,69.08056728,Cotton
16.0,14.0,30.0,29.70931288,96.30484325,6.37466756,209.8453993,Coconut
7.0,141.0,195.0,23.8812458,93.45067555,5.514253142,104.9116663,Apple
23.0,65.0,20.0,23.0429097,22.42610972,5.833940084,108.3684316,KidneyBeans
21.0,44.0,18.0,27.06909959,86.89934108,7.12851089,50.46746116,MungBean
120.0,40.0,33.0,24.23850608,54.30329632,6.73410539,115.1564012,Coffee
97.0,42.0,73.0,30.731162,84.001648,6.974243,1088.411688,Sugarcane
21.0,39.0,20.0,27.06179658,52.3003173,7.388007483,60.74583498,MothBeans
101.0,33.0,33.0,26.97251562,62.0183627,6.908671379,142.8610793,Coffee
62.0,52.0,16.0,22.27526694,58.84015925,6.967057762,63.87020584,Maize
17.0,43.0,22.0,30.06142622,45.90067655,5.498340808,41.0550915,MothBeans
59.0,62.0,83.0,18.57665902,19.22008229,8.104396058,72.94940441,ChickPea
40.0,63.0,18.0,30.41588462,67.66323804,6.74441168,63.02473185,Blackgram
109.0,47.0,96.0,30.066709,81.153793,6.29099,1346.437099,Sugarcane
60.0,29.0,18.0,20.651501,44.548985,7.365631,472.378294,SunflowerSeed
107.0,11.0,54.0,28.59052369,91.33617236,6.094016338,29.44008034,Muskmelon
56.0,24.0,55.0,20.434016,69.624441,5.786093,606.372632,SweetPotato
107.0,54.0,90.0,30.574412,88.071373,7.161175,1753.667065,Sugarcane
82.0,64.0,110.0,28.919379,77.395369,6.823878,1740.316932,Sugarcane
89.0,9.0,47.0,29.47156259,90.77069618,6.668382766,28.75226067,Muskmelon
84.0,20.0,40.0,20.359845,84.368131,5.062726,1765.533023,Tea
2.0,79.0,15.0,21.53577883,65.47227704,7.505283615,35.75107592,Lentil
87.0,48.0,25.0,18.65396672,61.37879671,6.656730008,93.62039175,Maize
111.0,5.0,47.0,28.03306461,91.47355778,6.274452811,21.17924769,Muskmelon
35.0,39.0,34.0,27.020533,71.287476,6.246861,842.277895,Groundnut
29.0,22.0,43.0,19.66329768,87.95158129,5.561851831,106.0380805,Pomegranate
81.0,56.0,36.0,23.39605743,72.60512854,7.097586415,174.7876411,Jute
35.0,21.0,29.0,28.003627,28.720454,7.009642,485.111381,Millet
5.0,18.0,14.0,33.1056981,93.48447453,7.434118807,119.1709113,Orange
61.0,41.0,17.0,25.1420613,65.26185135,6.021902237,76.68456006,Maize
2.0,39.0,15.0,28.07219563,82.9116472,6.478557136,49.61865305,MungBean
26.0,18.0,27.0,27.45907759,92.90736493,5.836075368,142.1430003,Coconut
74.0,35.0,40.0,26.49109635,80.15836264,6.980400905,242.8640342,Rice
75.0,54.0,36.0,26.29465461,84.56919326,7.023936392,257.4914906,Rice
68.0,52.0,49.0,24.42561272,92.27749066,6.577192175,63.35298768,Papaya
30.0,60.0,21.0,28.87667593,62.4901206,5.457871273,182.2688175,PigeonPeas
69.0,37.0,42.0,23.05804872,83.37011772,7.073453503,251.0549998,Rice
4.0,134.0,200.0,28.57828803,80.95628959,5.840256272,73.34232097,Grapes
18.0,23.0,44.0,23.71028128,89.61794165,6.184400085,105.6499907,Pomegranate
21.0,17.0,16.0,31.951692,26.518664,6.965683,315.609996,Millet
54.0,77.0,85.0,17.1418614,17.0662427,7.829211144,83.74606679,ChickPea
93.0,83.0,46.0,29.38254012,83.50423735,5.765308943,109.2486647,Banana
15.0,22.0,14.0,29.966789,47.424629,5.741658,416.652063,Millet
36.0,76.0,75.0,18.38120357,16.63805158,8.736337905,70.52056697,ChickPea
14.0,14.0,18.0,26.258911,31.493783,7.207268,507.828465,SesameSeed
22.0,28.0,26.0,27.67256197,45.41692012,4.947683034,92.84991507,Mango
173.0,26.0,187.0,25.348,72.990933,6.11344,2125.936843,Plantain
31.0,37.0,43.0,25.219671,70.231818,6.701431,881.003343,Soyabean
32.0,11.0,32.0,27.02961,41.532303,5.775826,330.789559,Millet
33.0,34.0,49.0,28.973194,63.135195,6.165318,841.91215,Groundnut
13.0,144.0,197.0,22.9215706,94.89613443,6.28022267,105.6941544,Apple
26.0,27.0,10.0,28.06903173,92.91487288,6.079998496,114.1339416,Orange
72.0,29.0,42.0,21.044122,56.555294,5.69809,750.218359,Tobacco
80.0,28.0,71.0,25.571236,89.898968,6.32355,2077.403775,Vanilla
37.0,33.0,40.0,20.959438,69.874087,6.426665,773.184209,GardenBean
29.0,15.0,14.0,31.737928,50.444702,6.549901,405.125142,SesameSeed
52.0,37.0,55.0,14.217644,62.4,6.729161,468.674402,Onion
120.0,48.0,16.0,22.46054478,75.40989245,7.456971816,71.85436078,Cotton
111.0,67.0,78.0,29.521575,75.80375,7.726459,2055.676972,Sugarcane
70.0,35.0,65.0,25.297531,61.662565,6.093952,814.349644,SweetPotato
134.0,56.0,18.0,23.80834611,83.91902605,6.691268104,70.97358303,Cotton
59.0,62.0,49.0,43.36051537,93.35191636,6.941496806,114.778071,Papaya
80.0,26.0,55.0,24.53442564,88.989272,6.140099215,49.11618732,Watermelon
39.0,38.0,32.0,18.941446,69.673615,6.162223,750.422986,GardenBean
21.0,137.0,196.0,23.6119202,91.70293849,5.812781806,123.5900822,Apple
62.0,45.0,52.0,18.671616,55.354777,7.008066,452.240513,Onion
39.0,23.0,34.0,28.754701,43.151794,7.07795,507.092607,Sorghum
39.0,38.0,33.0,27.841449,59.157004,6.212617,864.09827,Groundnut
28.0,45.0,23.0,29.65021184,80.29868321,6.489259136,56.76278363,MungBean
139.0,32.0,253.0,22.86523,75.917036,6.282725,1797.293962,Plantain
99.0,6.0,46.0,28.61475136,94.22253035,6.39637861,28.98574189,Muskmelon
70.0,44.0,19.0,23.31689124,73.4541537,5.852607099,94.29712821,Maize
37.0,18.0,36.0,26.504896,65.756748,4.115546,909.992996,Cassava
57.0,35.0,27.0,26.576263,67.794886,6.756188,1013.857572,Soyabean
14.0,29.0,32.0,35.63627319,48.97047762,6.942520105,97.51952041,Mango
84.0,33.0,63.0,28.154157,85.255293,6.222184,1692.89319,Cocoa
32.0,60.0,83.0,19.69141713,19.44225438,8.829273328,91.76071648,ChickPea
99.0,54.0,37.0,21.14347496,80.33502926,5.594819626,198.6730942,Rice
73.0,17.0,47.0,19.666038,85.484918,4.667185,1751.455027,Tea
70.0,42.0,43.0,23.16814977,76.66724969,6.508342839,157.1215052,Jute
106.0,21.0,35.0,25.627355,57.04151119,7.428523634,188.5506536,Coffee
6.0,36.0,22.0,24.21610338,59.79236306,8.869532817,42.24783476,MothBeans
79.0,51.0,16.0,25.33797709,68.49835977,6.586244581,96.46380213,Maize
82.0,24.0,33.0,26.53543168,67.09608099,6.809593554,120.6494434,Coffee
21.0,134.0,202.0,10.72302459,80.02130636,6.425419926,65.2982112,Grapes
174.0,36.0,227.0,20.609196,90.088955,6.382695,1580.940902,Plantain
112.0,54.0,15.0,25.46228792,81.56641891,6.175492306,76.88582484,Cotton
140.0,42.0,252.0,21.389454,87.146544,5.965314,2065.106119,Plantain
15.0,18.0,20.0,31.440511,44.877942,6.19152,462.452428,SesameSeed
67.0,46.0,44.0,26.82489244,78.20392774,7.093328631,153.9199807,Jute
22.0,62.0,16.0,34.6455408,54.32342534,4.828936119,180.9009998,PigeonPeas
33.0,15.0,7.0,15.83388699,91.68293851,7.651225301,109.7571416,Orange
60.0,25.0,55.0,27.177269,50.839893,6.0,649.429005,SunflowerSeed
47.0,42.0,26.0,25.139767,73.730418,6.366916,915.682803,Soyabean
147.0,35.0,191.0,30.035744,74.466867,6.381138,2103.28066,Plantain
98.0,49.0,101.0,25.986575,65.196462,6.90098,1837.360827,Sugarcane
70.0,50.0,53.0,37.4620912,90.44967809,6.933809743,172.3458448,Papaya
51.0,17.0,34.0,32.214161,42.101634,7.616257,371.395211,Sorghum
5.0,15.0,38.0,18.26233221,88.16779129,5.709380472,108.0756727,Pomegranate
32.0,18.0,13.0,13.8377282,91.74780462,6.044167236,107.9873218,Orange
112.0,73.0,48.0,29.2440638,77.32017166,5.707488987,90.66727868,Banana
93.0,91.0,47.0,27.84767901,83.31110751,6.101241579,117.2878912,Banana
14.0,74.0,15.0,27.99990346,65.57653373,6.493036868,49.94043064,Lentil
108.0,22.0,46.0,26.17668721,86.7295205,6.121168559,53.33484977,Watermelon
44.0,37.0,27.0,21.463551,77.010727,6.44014,788.837573,GardenBean
48.0,28.0,34.0,25.657492,67.039292,6.615473,868.47039,Soyabean
30.0,37.0,27.0,19.675807,69.268328,6.339736,596.953859,GardenBean
25.0,76.0,24.0,15.33042636,24.91506728,5.56503533,135.3315583,KidneyBeans
91.0,25.0,26.0,24.53460016,66.99765375,7.482414225,180.5059257,Coffee
97.0,50.0,41.0,24.52922681,80.54498576,7.070959995,260.2634026,Rice
37.0,73.0,21.0,29.50304807,63.46513414,5.560224583,189.5208915,PigeonPeas
36.0,56.0,20.0,25.4123765,49.66474269,7.437078236,31.87416982,MothBeans
48.0,61.0,21.0,30.28496619,61.69295127,6.628264883,65.62859526,Blackgram
75.0,38.0,39.0,23.44676801,84.79352417,6.215109715,283.9338466,Rice
36.0,43.0,22.0,27.82684262,87.16679147,6.389882166,58.37249772,MungBean
31.0,55.0,22.0,22.91350245,21.33953114,5.873171894,109.225556,KidneyBeans
41.0,39.0,34.0,20.075144,75.742216,6.337866,720.262392,GardenBean
44.0,44.0,47.0,18.813231,72.747337,6.576338,387.286472,Onion
25.0,129.0,195.0,17.98667801,81.17712085,5.777271492,72.37127689,Grapes
51.0,24.0,43.0,23.838234,48.36196,7.002553,532.784294,SunflowerSeed
33.0,60.0,15.0,28.95172351,81.67085323,6.510840928,56.51103293,MungBean
67.0,41.0,40.0,25.848795,87.81661683,7.333143205,152.6194403,Jute
33.0,120.0,205.0,35.12158265,82.26890793,5.550832178,69.71518491,Grapes
119.0,90.0,48.0,28.66725136,79.59242542,5.986442306,118.2583441,Banana
23.0,59.0,19.0,21.98560799,24.87304788,5.852046999,129.5650601,KidneyBeans
74.0,39.0,38.0,23.24113501,84.59201843,7.782051313,233.0453455,Rice
93.0,41.0,17.0,25.6217169,66.50415474,6.047906679,105.4654703,Maize
54.0,28.0,70.0,19.003599,73.31494,5.795501,683.406315,SweetPotato
101.0,92.0,45.0,28.22776705,80.6430384,5.758054257,98.00403016,Banana
37.0,17.0,31.0,29.388566,62.97399,4.816256,1006.741428,Cassava
29.0,18.0,32.0,32.485121,67.746845,5.83016,951.565391,Cassava
31.0,29.0,26.0,28.22373428,47.40519056,5.024124684,97.76832322,Mango
124.0,44.0,150.0,32.845504,81.840407,7.017104,1731.017812,Sugarcane
32.0,11.0,39.0,24.04585,60.239277,4.89205,1108.703944,Cassava
24.0,14.0,33.0,29.38072512,93.27565685,6.366219551,218.5241851,Coconut
49.0,54.0,50.0,25.62446619,93.18240298,6.762522087,97.26336657,Papaya
39.0,24.0,31.0,33.55695561,53.72979826,4.757114897,98.67527561,Mango
109.0,36.0,18.0,25.40059227,76.53237965,7.524707577,62.5138867,Cotton
47.0,33.0,32.0,27.266975,76.092087,6.301114,890.895426,Soyabean
73.0,13.0,58.0,20.871589,76.349761,5.338168,2173.95905,Tea
28.0,48.0,15.0,25.16125354,55.25435777,9.254089438,40.89732789,MothBeans
28.0,18.0,33.0,26.316723,66.604577,5.135399,1179.900972,Cassava
35.0,34.0,37.0,31.650643,73.884827,6.479288,899.619919,Groundnut
102.0,24.0,54.0,27.72338349,90.93897939,6.698468621,22.81863447,Muskmelon
23.0,13.0,19.0,34.126507,42.334955,6.098977,329.516434,Millet
59.0,24.0,48.0,20.160246,60.161307,5.284253,735.641841,Tobacco
10.0,56.0,16.0,28.17432665,81.04554836,6.828187499,36.35720652,MungBean
102.0,11.0,47.0,27.98780984,92.78226196,6.504906979,27.14509034,Muskmelon
65.0,42.0,73.0,19.897724,57.43009,7.106204,435.818253,Onion
89.0,52.0,128.0,29.662152,85.243979,6.918741,1629.013662,Sugarcane
72.0,40.0,38.0,20.41447029,82.20802629,7.592490617,245.1511304,Rice
61.0,15.0,54.0,21.741298,77.143348,4.936679,1722.887759,Tea
37.0,50.0,23.0,29.65296893,88.48587386,6.5304707,56.01913159,MungBean
81.0,45.0,35.0,26.52872817,80.12267476,6.158376967,218.9163567,Rice
31.0,48.0,17.0,28.88078945,86.94206817,6.594739424,53.79732545,MungBean
18.0,12.0,35.0,26.13958446,96.38580769,6.338720873,131.3387935,Coconut
54.0,62.0,80.0,17.48911699,16.39055394,7.489545074,79.45758333,ChickPea
57.0,57.0,51.0,39.01793345,91.48815629,6.99223441,105.8841531,Papaya
27.0,56.0,20.0,19.25975367,20.51346956,5.542690119,94.9533526,KidneyBeans
33.0,77.0,15.0,23.89736406,66.32102048,7.802212437,40.74536757,Lentil
115.0,48.0,16.0,25.54359718,84.09229796,7.175934962,88.94245493,Cotton
106.0,46.0,20.0,23.43821725,78.63388824,6.200671976,81.15072105,Cotton
22.0,13.0,13.0,30.958362,43.442379,6.85047,493.113886,SesameSeed
25.0,68.0,19.0,29.39982732,64.25510719,7.108450121,67.47677295,Blackgram
87.0,28.0,30.0,25.60153969,68.66257977,6.536676653,168.8383605,Coffee
100.0,33.0,74.0,28.401477,86.113377,5.687243,1929.567018,Cocoa
83.0,60.0,36.0,25.59704938,80.14509262,6.903985986,200.834898,Rice
119.0,30.0,28.0,26.35770906,64.57578034,6.505203696,163.6269496,Coffee
36.0,67.0,77.0,18.36952567,19.56381041,7.152811172,79.26357665,ChickPea
94.0,5.0,55.0,28.5854649,91.89216849,6.085682344,26.88372572,Muskmelon
91.0,21.0,26.0,26.33377983,57.36469955,7.261313694,191.6549412,Coffee
17.0,12.0,21.0,33.464717,40.348136,6.182752,310.131118,Millet
69.0,46.0,41.0,23.64124821,80.28597873,5.012139669,263.1103304,Rice
38.0,6.0,25.0,25.54963273,96.92786777,6.156259104,191.2996157,Coconut
43.0,43.0,36.0,26.801331,74.431913,6.290776,970.542707,Soyabean
107.0,50.0,110.0,28.317427,68.315512,6.456072,1584.321624,Sugarcane
45.0,15.0,34.0,26.167139,53.225375,4.335392,1325.319058,Cassava
86.0,55.0,21.0,21.54156232,59.64024162,6.803931519,109.7515385,Maize
55.0,77.0,22.0,31.4345059,62.99303471,7.76061831,64.77651469,Blackgram
80.0,18.0,31.0,24.02952505,58.84880599,7.303033217,134.6803969,Coffee
111.0,27.0,31.0,23.59302313,55.27564977,6.043330951,191.3980675,Coffee
34.0,60.0,16.0,31.35730791,64.24992106,7.322555223,63.85668948,Blackgram
36.0,44.0,21.0,25.12528913,51.33189406,4.516154055,38.48678973,MothBeans
117.0,86.0,48.0,28.6956201,82.54195839,6.225225239,116.1616839,Banana
42.0,33.0,35.0,25.698782,67.31467,7.0,975.894506,Soyabean
75.0,53.0,18.0,20.68899915,59.4375337,6.864793607,103.651438,Maize
57.0,60.0,84.0,19.1034283,17.26184541,6.586777189,75.49101167,ChickPea
92.0,21.0,48.0,25.81692236,82.043255,6.377427122,54.82963379,Watermelon
90.0,40.0,39.0,25.72668885,81.86171563,6.626503893,191.9649389,Jute
32.0,70.0,20.0,20.89342749,46.24856523,6.208843215,195.5697875,PigeonPeas
54.0,18.0,30.0,26.990559,37.593907,6.436641,384.491615,Sorghum
91.0,7.0,52.0,25.07803672,83.46230461,6.405054243,56.39962921,Watermelon
37.0,38.0,30.0,26.934903,80.5815,6.442981,963.717079,Soyabean
113.0,15.0,29.0,27.09617155,63.55324262,6.779230041,190.2440566,Coffee
88.0,29.0,51.0,24.71885473,88.94568335,6.095689937,48.45978627,Watermelon
67.0,27.0,65.0,25.597528,89.972783,6.26318,2035.051613,Vanilla
32.0,30.0,37.0,20.465324,62.340247,6.255136,785.94758,GardenBean
75.0,34.0,81.0,29.473527,90.419391,5.705016,1602.204712,Cocoa
103.0,33.0,25.0,27.10210397,55.7497332,6.911066044,139.5013171,Coffee
36.0,61.0,21.0,34.53823889,39.04468913,5.617008201,168.5948318,PigeonPeas
120.0,23.0,28.0,25.67324193,51.29043632,6.877799264,196.2736367,Coffee
7.0,40.0,17.0,31.2123945,40.92604945,8.532078733,53.78769958,MothBeans
111.0,53.0,90.0,29.555746,81.565077,6.313506,1358.623167,Sugarcane
77.0,28.0,88.0,28.648691,89.968021,5.752063,1840.151067,Cocoa
65.0,21.0,54.0,19.125898,84.249492,5.088761,2358.001726,Tea
50.0,25.0,45.0,30.379163,50.816743,7.313025,473.768423,Sorghum
29.0,17.0,29.0,29.20394909,95.66997327,5.959493188,211.2506267,Coconut
28.0,65.0,23.0,28.38686534,61.88871127,7.405176138,74.24459122,Blackgram
14.0,67.0,22.0,23.82576704,24.75485098,5.624690248,84.64143632,KidneyBeans
28.0,58.0,81.0,17.47500984,16.54314829,6.18042747,93.35034262,ChickPea
52.0,51.0,61.0,18.596938,53.64473,7.226205,549.468845,Onion
100.0,52.0,19.0,23.45969093,82.44777468,7.903528673,93.50153555,Cotton
41.0,69.0,82.0,20.02381489,16.63294455,6.715587232,68.97806542,ChickPea
37.0,62.0,17.0,25.68576704,69.84354028,7.121254928,74.62068748,Blackgram
97.0,22.0,26.0,23.60567546,59.68849145,6.074190142,185.1568059,Coffee
17.0,64.0,16.0,30.97758716,32.24914235,7.161797643,180.716828,PigeonPeas
14.0,37.0,15.0,27.96235681,83.97586797,6.581351374,48.9366954,MungBean
52.0,68.0,78.0,17.48504075,16.96070581,6.89655198,86.05078037,ChickPea
29.0,13.0,36.0,27.043529,63.304375,5.763767,884.010242,Cassava
2.0,129.0,201.0,22.78234161,94.36803516,5.682343744,122.1449949,Apple
88.0,21.0,27.0,24.43011925,66.02411187,7.231166546,181.6368274,Coffee
60.0,58.0,37.0,26.13871511,79.1188943,6.067302109,171.4892533,Jute
30.0,13.0,45.0,27.886574,52.488707,7.137263,528.7948,SunflowerSeed
39.0,49.0,52.0,16.260595,69.016406,6.972333,455.794452,Onion
87.0,23.0,40.0,21.437507,85.556702,4.855539,1784.81947,Tea
5.0,62.0,23.0,27.9348279,66.45457122,4.722222454,145.3728801,PigeonPeas
95.0,30.0,52.0,29.48069921,90.33698678,6.640470863,26.0365768,Muskmelon
59.0,55.0,19.0,31.74379487,62.51007687,7.332375138,68.97097538,Blackgram
118.0,45.0,127.0,28.713171,73.349271,6.855184,2313.962365,Sugarcane
35.0,22.0,37.0,26.597365,38.114981,6.821343,613.847284,SunflowerSeed
84.0,40.0,42.0,26.2830571,73.35763537,6.704273839,186.6898282,Jute
136.0,36.0,20.0,23.09595631,84.86275707,6.925412377,71.29581071,Cotton
119.0,26.0,220.0,28.097448,76.962866,7.0,1697.020333,Plantain
33.0,31.0,34.0,31.32995611,50.22287593,5.421265283,89.78216168,Mango
61.0,53.0,43.0,26.40323239,81.05635517,6.349606327,223.3671883,Rice
46.0,28.0,73.0,17.804617,67.373139,6.579803,460.010206,Onion
37.0,46.0,36.0,18.293793,72.529107,6.164271,780.767665,GardenBean
95.0,7.0,45.0,27.30008597,90.80015308,6.031665834,25.09484511,Muskmelon
50.0,39.0,33.0,26.557347,72.416948,6.644565,975.312756,Soyabean
22.0,16.0,27.0,29.1797902,90.27214288,6.006784979,188.9252083,Coconut
37.0,23.0,12.0,31.52675982,90.50621806,6.395258356,113.1169398,Orange
44.0,35.0,41.0,16.987579,73.479512,6.592439,802.653668,GardenBean
89.0,47.0,38.0,25.52468965,72.24850829,6.002524871,151.8869972,Jute
20.0,72.0,15.0,36.00415838,56.01334416,7.313517308,134.8596466,PigeonPeas
0.0,55.0,25.0,28.17489437,43.6672299,4.524171562,45.78172762,MothBeans
53.0,54.0,47.0,19.521353,46.526485,6.290242,482.836987,Onion
10.0,79.0,18.0,21.0643684,55.46985938,5.624731338,184.6226709,PigeonPeas
29.0,68.0,23.0,24.1638445,19.27907819,5.82738029,116.7324324,KidneyBeans
59.0,39.0,56.0,22.236738,59.3623,5.731893,681.79252,Tobacco
99.0,19.0,33.0,27.5364547,55.51673151,6.273741983,130.6377143,Coffee
15.0,14.0,8.0,10.01081312,90.22399223,6.22094286,119.3941064,Orange
98.0,33.0,85.0,27.032031,83.96744,6.191707,2053.357217,Cocoa
39.0,37.0,15.0,28.9973145,83.78911515,6.821747052,59.84499208,MungBean
110.0,40.0,87.0,26.839677,70.375087,6.618346,1775.358095,Sugarcane
33.0,44.0,40.0,24.801028,76.613914,6.035937,827.039263,Soyabean
40.0,126.0,201.0,11.36300891,80.03100049,6.116982944,71.18289431,Grapes
93.0,58.0,38.0,20.61521424,83.77345559,6.932400225,279.5451717,Rice
12.0,58.0,23.0,21.74600081,63.39503184,6.765091462,50.43306085,Lentil
64.0,21.0,34.0,18.588411,80.368572,4.891949,1595.904184,Tea
145.0,35.0,202.0,25.539424,86.518284,6.800169,1623.363007,Plantain
32.0,130.0,196.0,40.66012294,81.24995984,6.372959542,74.03030056,Grapes
60.0,68.0,83.0,19.12065218,18.43475844,6.620900869,85.52950164,ChickPea
116.0,38.0,34.0,23.29250318,50.04557009,6.020947179,183.468585,Coffee
22.0,80.0,20.0,23.00884744,18.86880997,5.669560726,100.118612,KidneyBeans
10.0,9.0,28.0,29.01256899,94.01014388,6.282955073,150.0500312,Coconut
53.0,43.0,62.0,17.045745,56.219143,7.29868,489.68981,Onion
87.0,28.0,70.0,27.452745,79.259067,5.951895,1937.556679,Cocoa
57.0,42.0,76.0,19.369822,61.77307,7.023484,435.557865,Onion
33.0,19.0,46.0,23.629202,50.546749,7.876167,522.327418,SunflowerSeed
44.0,34.0,43.0,25.521309,64.343324,6.305039,1063.213908,Soyabean
68.0,58.0,38.0,23.22397386,83.03322691,6.336253525,221.2091958,Rice
50.0,30.0,31.0,28.407948,54.591883,6.309063,414.251421,Sorghum
127.0,37.0,18.0,24.87663664,76.30050373,7.041065585,91.9223468,Cotton
30.0,25.0,31.0,26.31270635,98.62048026,5.804965067,208.1181381,Coconut
27.0,64.0,21.0,32.84213012,68.68401492,7.543804223,73.67166182,Blackgram
56.0,67.0,78.0,17.57445618,16.71826572,8.255450758,77.81891424,ChickPea
27.0,10.0,21.0,34.33826,39.806196,6.22558,565.444223,SesameSeed
22.0,17.0,5.0,24.12188673,90.72351622,6.945562889,102.835632,Orange
9.0,69.0,20.0,19.30607278,23.96362799,5.591560999,129.3449326,KidneyBeans
40.0,144.0,196.0,22.71750705,92.25479855,5.987262638,107.0289866,Apple
20.0,16.0,20.0,29.01005,34.339926,6.248538,480.290346,SesameSeed
12.0,29.0,40.0,19.68291173,89.75272999,6.594037135,111.2818551,Pomegranate
73.0,37.0,51.0,23.584338,67.268801,5.697364,760.307822,Tobacco
20.0,14.0,17.0,27.079448,49.255079,6.553667,429.896181,SesameSeed
23.0,14.0,28.0,31.947352,31.893554,6.698533,350.401004,Millet
77.0,52.0,41.0,23.89069041,83.46409075,6.097294061,167.7230632,Jute
97.0,51.0,108.0,31.570574,63.206665,6.341923,1998.797132,Sugarcane
15.0,125.0,199.0,18.4269936,80.55625868,5.569230319,69.75734306,Grapes
15.0,19.0,23.0,28.342701,52.530657,6.701139,360.687015,Millet
131.0,38.0,19.0,23.86814008,75.68339729,6.814341946,90.4547185,Cotton
49.0,72.0,15.0,31.55846339,67.83563765,7.137004749,74.86960831,Blackgram
62.0,42.0,36.0,22.78133816,82.06719137,6.430010215,248.7183228,Rice
12.0,71.0,19.0,24.91079638,60.71367427,7.142611056,42.19740397,Lentil
34.0,34.0,39.0,19.146695,68.121929,6.238876,715.712114,GardenBean
9.0,49.0,16.0,30.88482722,41.36561835,7.661537348,55.053805,MothBeans
42.0,28.0,39.0,20.990813,79.115453,6.21698,500.0,GardenBean
94.0,37.0,198.0,24.398126,81.692205,6.008202,1778.301596,Plantain
50.0,35.0,29.0,19.828502,64.975223,6.456718,770.760335,GardenBean
117.0,30.0,50.0,24.90123934,87.20772913,6.744966312,46.59207341,Watermelon
34.0,34.0,35.0,27.27433181,47.16808054,6.422710539,95.257992,Mango
92.0,81.0,52.0,27.39341554,81.4654833,6.438137279,94.31102057,Banana
11.0,61.0,21.0,18.62328774,23.02410338,5.532100554,135.3378033,KidneyBeans
4.0,41.0,20.0,28.14720892,83.8001509,6.647965508,37.44800463,MungBean
34.0,59.0,18.0,23.38002569,21.98879437,5.744117663,87.66898664,KidneyBeans
40.0,29.0,42.0,24.63228709,89.01574455,7.104094929,110.6956184,Pomegranate
57.0,29.0,22.0,27.512338,69.803475,6.490024,757.639629,Soyabean
33.0,42.0,33.0,17.897428,67.708433,5.917672,691.509235,GardenBean
82.0,23.0,49.0,26.81383586,87.21986949,6.873283991,51.70497792,Watermelon
116.0,71.0,47.0,27.57278064,82.0638878,6.435785799,91.34276507,Banana
3.0,60.0,19.0,25.74679443,40.7192594,4.820788186,100.7791633,PigeonPeas
52.0,56.0,77.0,19.535063,59.427953,6.658949,432.919951,Onion
110.0,7.0,45.0,26.63838589,84.69546874,6.189213927,48.32428609,Watermelon
76.0,30.0,68.0,26.493765,91.174621,6.362536,2172.27502,Cocoa
19.0,122.0,202.0,23.34467359,90.37981478,5.811975094,112.8954016,Apple
39.0,127.0,202.0,15.3246651,81.67215994,6.477768039,71.60102999,Grapes
93.0,43.0,38.0,23.61475336,86.14290267,6.987332927,150.2355238,Jute
2.0,140.0,197.0,22.69780133,92.82223419,5.53456749,105.0508234,Apple
61.0,54.0,62.0,15.671099,57.471859,7.155899,499.674173,Onion
32.0,120.0,204.0,10.38004759,83.44518113,6.138958698,67.3917379,Grapes
31.0,26.0,9.0,11.69894639,93.25638873,7.566165721,103.2005992,Orange
8.0,133.0,195.0,20.46657776,80.97598029,6.456079585,71.29813872,Grapes
86.0,21.0,54.0,27.569652,86.857254,6.485434,2294.092527,Vanilla
48.0,30.0,46.0,23.560472,72.412352,5.517428,773.773173,Tobacco
28.0,16.0,21.0,29.383332,48.466555,6.361941,489.734741,SesameSeed
81.0,41.0,38.0,22.67846116,83.72874389,7.524080076,200.9133156,Rice
20.0,30.0,27.0,27.81005614,51.59445462,4.74910393,95.89898581,Mango
39.0,78.0,15.0,21.35499456,62.60136323,5.925391795,41.78219834,Lentil
7.0,21.0,35.0,25.76011662,94.65830608,5.764812076,131.2451414,Coconut
42.0,18.0,49.0,28.75219,81.925235,4.332238,907.714598,Cassava
27.0,40.0,39.0,17.368745,73.667275,6.282382,646.019347,GardenBean
50.0,30.0,48.0,23.417276,42.91861,7.386783,444.083913,SunflowerSeed
116.0,23.0,25.0,23.4123707,52.26994674,6.869720196,139.3670753,Coffee
64.0,35.0,23.0,23.02038334,61.89472002,5.680361038,63.03843397,Maize
2.0,38.0,33.0,32.38697531,53.2328243,4.691396195,90.21633216,Mango
25.0,17.0,40.0,18.91251245,87.74938524,6.608023872,111.2800516,Pomegranate
8.0,23.0,44.0,18.47412402,89.68919664,7.130837931,108.4758509,Pomegranate
4.0,61.0,21.0,24.84063998,60.09116626,6.75020529,48.77790371,Lentil
2.0,120.0,203.0,23.12652652,94.71203306,5.893492999,108.6211833,Apple
32.0,141.0,204.0,8.825674745,82.89753705,5.536645599,67.235765,Grapes
29.0,54.0,16.0,27.78031515,54.65030015,8.153022903,32.05025323,MothBeans
47.0,33.0,62.0,25.746996,92.10435,5.948967,2018.135957,Vanilla
57.0,31.0,59.0,22.838567,72.642848,5.8644,822.161637,SweetPotato
102.0,53.0,21.0,23.03814028,76.11021529,6.913678684,91.49697481,Cotton
39.0,20.0,34.0,31.599884,41.325376,8.0,584.816793,Sorghum
116.0,52.0,19.0,22.94276687,75.37170612,6.114525877,67.08022574,Cotton
99.0,6.0,45.0,26.12588914,86.5507939,6.000975617,40.71210074,Watermelon
39.0,70.0,15.0,20.76774783,63.90164154,6.366355781,47.9271552,Lentil
15.0,77.0,20.0,25.13163619,66.92642362,7.399749291,49.04015558,Lentil
89.0,23.0,65.0,27.964276,84.093811,5.885029,1772.097033,Cocoa
23.0,15.0,35.0,29.895655,38.118822,6.95523,478.716438,Millet
24.0,30.0,11.0,32.39523995,94.51768464,6.601395755,113.25373,Orange
56.0,38.0,73.0,17.393689,53.619873,6.453351,494.928812,Onion
31.0,44.0,48.0,24.0,60.238283,7.177821,585.834369,Onion
61.0,30.0,63.0,20.747597,57.747,6.903418,428.187249,Onion
34.0,47.0,19.0,27.31372793,85.44815232,6.568795404,53.15223123,MungBean
86.0,37.0,16.0,20.51716779,59.21235483,5.561510732,67.61013737,Maize
60.0,43.0,44.0,21.01944696,82.95221726,7.416245107,298.4018471,Rice
86.0,37.0,78.0,24.784717,87.237886,5.911846,1946.546397,Cocoa
55.0,66.0,22.0,30.91219459,68.79427388,7.747775263,66.63830637,Blackgram
93.0,53.0,38.0,26.92995077,81.91411159,7.069172227,290.6793783,Rice
75.0,27.0,66.0,23.259302,90.74731,6.229512,1908.129008,Vanilla
2.0,123.0,198.0,39.64851881,82.21079946,6.253034534,70.39906054,Grapes
29.0,9.0,19.0,27.770899,43.551515,6.46357,431.982285,SesameSeed
33.0,47.0,62.0,15.473605,61.2143,6.463852,371.499457,Onion
47.0,39.0,58.0,20.783628,72.667778,6.944381,571.455068,Onion
11.0,6.0,25.0,28.69164799,96.65248672,6.081568052,178.9635457,Coconut
24.0,33.0,35.0,29.26382931,54.82257868,5.342866119,100.7586226,Mango
83.0,29.0,52.0,25.76402693,87.5931128,6.704688865,46.05122728,Watermelon
50.0,56.0,76.0,20.99502153,19.8601304,7.966605025,73.50734019,ChickPea
40.0,49.0,17.0,31.02215872,45.89239456,6.68727523,53.56783314,MothBeans
32.0,25.0,9.0,10.35609594,93.75652041,7.796034006,101.1456947,Orange
33.0,61.0,24.0,20.04611791,48.93905624,4.567446499,122.4564203,PigeonPeas
114.0,43.0,216.0,19.261359,87.183008,6.070756,1429.96438,Plantain
10.0,24.0,27.0,27.57283516,94.90485697,5.708409601,145.9298935,Coconut
110.0,21.0,54.0,26.73690828,87.82430156,6.747537642,47.46447019,Watermelon
7.0,144.0,195.0,22.96388477,93.58065995,5.85648105,104.6472986,Apple
55.0,30.0,79.0,25.060567,64.105076,5.238966,956.208955,SweetPotato
97.0,14.0,42.0,22.64822,88.029757,5.428872,2070.959732,Tea
84.0,37.0,42.0,25.49674786,81.13449097,6.691074249,169.9288234,Jute
26.0,121.0,201.0,22.19109412,90.02575116,6.162034371,112.3126628,Apple
3.0,136.0,205.0,17.5862944,80.84806564,6.334771461,71.4065452,Grapes
17.0,42.0,38.0,28.835428,67.650157,6.833354,600.0,Groundnut
83.0,30.0,74.0,23.0,85.451158,6.159396,1819.48209,Cocoa
25.0,19.0,16.0,27.796291,43.24671,7.333064,501.785749,SesameSeed
119.0,5.0,55.0,29.68846716,94.30111601,6.168757984,26.83924845,Muskmelon
33.0,10.0,31.0,27.693306,68.309722,4.608978,1180.637992,Cassava
165.0,39.0,215.0,23.17174,84.944617,6.159752,2236.871548,Plantain
14.0,19.0,14.0,17.68408797,94.35815354,6.699164936,108.0638166,Orange
22.0,18.0,33.0,30.41235793,52.48100602,6.621623545,93.92375879,Mango
21.0,135.0,198.0,23.86087054,94.92048112,5.765015126,105.0241329,Apple
20.0,13.0,20.0,33.006098,42.268694,6.485364,401.812936,SesameSeed
16.0,18.0,21.0,26.144215,40.329605,6.448964,434.778318,Millet
13.0,7.0,43.0,18.20230419,91.12282162,7.013481515,109.6623974,Pomegranate
95.0,40.0,62.0,25.904054,84.291836,7.232078,1784.036812,Sugarcane
28.0,43.0,41.0,28.708803,68.447399,6.124204,938.903712,Groundnut
26.0,67.0,16.0,29.10713092,67.90577375,7.17620823,67.83345933,Blackgram
32.0,30.0,42.0,20.424506,72.196642,6.418513,774.312346,GardenBean
31.0,79.0,75.0,18.8202251,16.1074793,8.204862075,89.73119396,ChickPea
41.0,78.0,21.0,25.19857725,60.37332688,6.581313137,70.88787207,Blackgram
67.0,38.0,37.0,26.868479,90.499271,5.8,2265.08292,Vanilla
26.0,18.0,30.0,32.06097197,51.08494181,6.336234624,96.59816497,Mango
49.0,51.0,51.0,18.77821,62.85201,7.348487,469.24087,Onion
35.0,24.0,40.0,30.476738,38.833949,6.565195,589.682453,Sorghum
23.0,14.0,18.0,32.464547,37.956152,6.533109,590.047906,SesameSeed
17.0,134.0,204.0,39.04071989,80.18393287,6.499604931,73.88467027,Grapes
104.0,80.0,54.0,27.09062164,81.33506906,5.879119455,110.1331182,Banana
108.0,35.0,25.0,23.98143338,61.10935084,6.971963169,161.5279095,Coffee
91.0,75.0,55.0,27.48612983,76.11239849,6.212369363,109.2768851,Banana
33.0,33.0,27.0,27.689169,59.216884,6.484907,934.073448,Groundnut
8.0,38.0,32.0,29.75150773,46.73723302,4.981816523,91.405983,Mango
114.0,8.0,52.0,29.34081108,94.5513539,6.419083092,28.22908103,Muskmelon
27.0,19.0,16.0,30.431794,40.764068,6.63673,388.729813,SesameSeed
21.0,13.0,17.0,29.594106,46.515774,5.989727,353.005962,SesameSeed
104.0,70.0,77.0,31.496885,68.139966,6.034584,1471.259098,Sugarcane
96.0,28.0,80.0,27.699704,88.283377,6.447515,1676.755297,Cocoa
36.0,65.0,16.0,25.71269843,64.1123333,7.692013657,50.17067771,Lentil
89.0,60.0,17.0,25.37548751,57.21025565,5.983952675,101.7004306,Maize
42.0,34.0,53.0,21.667468,94.769252,6.387366,2231.464219,Vanilla
13.0,74.0,25.0,24.12192608,61.09533545,6.461618577,44.23629285,Lentil
52.0,36.0,34.0,16.181172,88.0,6.635735,665.364028,GardenBean
50.0,58.0,23.0,27.81326852,62.50460464,7.596802025,69.75555541,Blackgram
60.0,26.0,56.0,26.330285,60.879116,5.262786,631.691448,Tobacco
20.0,18.0,23.0,28.687968,38.01215,5.932319,515.858931,Millet
52.0,73.0,79.0,17.25769499,18.74943955,7.840339389,94.00287214,ChickPea
97.0,36.0,45.0,22.2286982,81.85872947,6.939083505,278.0791793,Rice
35.0,24.0,43.0,29.679734,42.381685,7.344457,549.776572,Sorghum
27.0,65.0,18.0,20.10993761,23.22323766,5.59503163,73.36386477,KidneyBeans
42.0,53.0,60.0,16.040559,73.732744,6.543921,620.404963,Onion
26.0,17.0,29.0,25.884355,72.017632,4.694696,1336.773593,Cassava
111.0,37.0,101.0,29.898197,79.472164,7.2915,1677.570831,Sugarcane
60.0,26.0,54.0,23.159159,59.655615,5.666563,768.794178,Tobacco
30.0,63.0,16.0,23.60506572,21.90539577,5.525904526,100.5978728,KidneyBeans
84.0,25.0,52.0,24.37190239,81.2514818,6.12532356,44.20899581,Watermelon
161.0,36.0,177.0,25.945745,82.19456,5.732269,1612.832625,Plantain
133.0,47.0,23.0,24.88738107,75.62137159,6.827354668,89.76050416,Cotton
4.0,59.0,22.0,29.33743412,49.00323081,8.914074888,42.44054315,MothBeans
111.0,32.0,34.0,25.46743689,69.35161206,6.392048018,171.3764462,Coffee
40.0,143.0,201.0,24.97256132,82.72828653,6.476757723,66.70016285,Grapes
24.0,6.0,32.0,28.11321494,90.01734526,6.387067562,172.4813641,Coconut
14.0,59.0,22.0,23.82723528,67.89815262,6.76660668,46.90725077,Lentil
66.0,37.0,59.0,19.840098,61.172419,6.841996,300.0,Onion
99.0,33.0,98.0,29.237721,86.213082,6.031996,2109.164621,Cocoa
48.0,35.0,56.0,23.076007,71.815813,5.915772,687.279753,SweetPotato
16.0,143.0,204.0,23.71475278,91.53331177,5.631333387,121.8961665,Apple
99.0,57.0,35.0,26.75754171,81.17734011,5.960370061,272.2999056,Rice
47.0,35.0,31.0,17.711047,66.074504,6.304526,864.603014,GardenBean
164.0,42.0,172.0,20.084774,73.406502,6.060018,1793.717905,Plantain
113.0,33.0,34.0,26.00373964,62.1445102,6.559817161,153.477776,Coffee
34.0,50.0,59.0,19.397899,52.974451,6.745121,539.359479,Onion
14.0,8.0,43.0,21.92513945,94.46485312,7.051654924,111.7162016,Pomegranate
5.0,136.0,195.0,22.35628673,91.92360477,6.264202804,107.7697413,Apple
30.0,17.0,31.0,31.20478173,54.49960506,6.804437106,94.62954663,Mango
36.0,50.0,42.0,15.54697,77.097635,6.471917,984.907579,GardenBean
32.0,10.0,38.0,27.034316,67.111166,4.769243,816.885821,Cassava
28.0,19.0,18.0,28.685027,40.98187,6.599767,523.4133,SesameSeed
18.0,12.0,37.0,34.016285,33.489097,5.937827,392.451602,Millet
3.0,9.0,35.0,26.91641934,99.84671638,6.318552973,225.6323656,Coconut
5.0,45.0,21.0,28.36291385,88.00989267,6.487124217,43.05130077,MungBean
42.0,36.0,38.0,27.052421,75.931768,6.691054,1071.276644,Soyabean
82.0,52.0,93.0,29.378684,80.203124,6.669023,2040.153437,Sugarcane
32.0,66.0,17.0,34.9466155,65.26774011,7.162357641,70.1415139,Blackgram
31.0,72.0,17.0,28.69180475,49.47225353,5.833031708,96.36222901,PigeonPeas
135.0,35.0,145.0,26.548135,74.272291,6.277617,1285.214785,Plantain
36.0,140.0,198.0,23.34386401,91.47684705,6.28188384,104.4267991,Apple
15.0,9.0,11.0,11.54785707,94.14861001,7.907956251,108.8289171,Orange
18.0,66.0,22.0,25.87990287,67.55109024,6.347379185,47.89645224,Lentil
19.0,53.0,22.0,27.8640132,80.4513142,6.852884643,42.83053902,MungBean
66.0,54.0,21.0,25.19008683,60.2001687,5.919045532,72.12375573,Maize
3.0,68.0,16.0,18.31910448,34.69776639,4.964887857,107.4721605,PigeonPeas
131.0,37.0,98.0,26.960174,72.015874,6.969206,1898.193215,Sugarcane
30.0,7.0,15.0,33.23453301,91.06053924,7.825531916,115.7659902,Orange
105.0,48.0,108.0,23.629053,76.166001,6.33151,1391.000322,Sugarcane
23.0,37.0,35.0,24.0,70.693301,6.619929,837.234532,Groundnut
76.0,30.0,59.0,24.863734,85.891736,6.115463,2084.9946,Vanilla
91.0,50.0,40.0,20.82477109,84.1341879,6.462391607,230.2242223,Rice
40.0,31.0,30.0,25.555929,75.050787,6.597237,697.379377,Soyabean
31.0,35.0,44.0,24.124058,56.640647,6.568912,498.706806,SunflowerSeed
86.0,39.0,43.0,26.14576648,71.23690851,6.432051512,193.1007598,Jute
33.0,75.0,21.0,33.04687968,68.93875631,6.690655045,62.30278274,Blackgram
15.0,12.0,22.0,30.706138,31.734295,6.064746,391.892535,Millet
29.0,25.0,14.0,30.49183837,90.4582865,7.781988584,113.3302105,Orange
90.0,46.0,42.0,23.97898217,81.45061596,7.50283396,250.0832336,Rice
43.0,20.0,29.0,28.145294,45.959138,7.060786,434.206405,Sorghum
45.0,61.0,78.0,19.48649305,16.06240074,6.489389282,81.5284269,ChickPea
103.0,72.0,51.0,26.12643374,81.81365007,6.099478745,104.4812858,Banana
29.0,34.0,26.0,33.88004781,54.39416048,6.273953676,89.29147581,Mango
82.0,13.0,52.0,27.11535046,94.86907886,6.442810053,26.51924782,Muskmelon
73.0,27.0,53.0,22.652911,64.303779,5.942091,701.537144,Tobacco
62.0,34.0,53.0,21.399555,65.856351,5.780494,738.201891,Tobacco
40.0,34.0,38.0,17.757518,72.04314,6.29554,839.130369,GardenBean
80.0,15.0,52.0,18.094184,76.349289,5.117142,2166.72059,Tea
29.0,145.0,205.0,22.81227579,92.12992101,6.212302608,109.3383552,Apple
31.0,28.0,46.0,31.616116,53.465594,6.606998,599.115708,Sorghum
35.0,37.0,39.0,20.183582,66.536447,6.255697,783.795753,GardenBean
39.0,33.0,46.0,23.584298,67.648022,5.744237,717.538033,Tobacco
20.0,23.0,11.0,31.8520694,90.12220323,6.407715561,109.9455062,Orange
6.0,64.0,23.0,23.33565221,67.40460704,7.065264073,36.18678721,Lentil
36.0,16.0,36.0,26.961914,66.503344,4.654404,825.962153,Cassava
26.0,56.0,22.0,23.05276444,60.424786,7.011121216,52.60285259,Lentil
11.0,72.0,22.0,29.37735586,44.82294584,6.842744374,172.40168,PigeonPeas
53.0,26.0,63.0,23.786971,63.760564,5.914613,692.183842,SweetPotato
48.0,62.0,47.0,25.34756111,93.02871078,6.803094965,174.4012337,Papaya
33.0,59.0,22.0,22.64236876,21.59396123,5.946999529,122.3886015,KidneyBeans
47.0,35.0,38.0,27.225989,60.0,6.640299,821.558503,Soyabean
102.0,66.0,90.0,28.606404,65.713191,7.33356,1959.644701,Sugarcane
29.0,57.0,20.0,25.60973447,50.7330069,5.87707519,53.39249517,MothBeans
102.0,28.0,54.0,25.15623099,80.27525115,6.862157042,55.49541453,Watermelon
83.0,79.0,55.0,25.14748006,83.34688193,5.565028635,98.66679427,Banana
60.0,30.0,37.0,25.332111,78.230138,6.977674,1058.449681,Soyabean
82.0,45.0,46.0,25.09092,59.626991,5.989257,737.333597,Tobacco
77.0,29.0,40.0,21.748454,65.27913,5.700144,642.434952,Tobacco
40.0,34.0,40.0,25.888748,68.305537,6.492251,849.66783,Soyabean
33.0,39.0,42.0,21.622802,58.473144,7.286734,415.27703,Onion
38.0,36.0,60.0,24.936685,90.148719,6.172602,2021.921107,Vanilla
32.0,55.0,51.0,29.60718808,93.15642801,6.57398033,62.68710535,Papaya
28.0,15.0,32.0,29.497647,38.592277,6.562815,361.247339,Millet
48.0,57.0,54.0,29.02328049,90.20396783,6.617703178,126.8069869,Papaya
61.0,41.0,35.0,24.97178693,79.47557931,6.842966479,195.7571622,Jute
31.0,79.0,25.0,23.18864385,22.3104551,5.902033406,63.38208822,KidneyBeans
109.0,36.0,71.0,28.178396,84.416942,6.259492,1812.810018,Cocoa
101.0,10.0,47.0,25.5421695,83.31883376,6.936997681,57.57343233,Watermelon
0.0,12.0,7.0,20.18432263,90.65458473,6.969249676,116.8130969,Orange
3.0,58.0,21.0,25.36140526,46.82652785,9.160691747,55.60523179,MothBeans
47.0,30.0,60.0,22.481916,73.300313,5.502788,803.840498,SweetPotato
37.0,19.0,33.0,28.615158,40.16478,6.953526,463.984859,Sorghum
30.0,13.0,30.0,32.807016,55.0,6.644528,339.597731,Millet
41.0,17.0,24.0,27.456827,65.953213,4.83677,1069.157441,Cassava
24.0,13.0,14.0,34.854217,41.125773,6.418616,529.258059,SesameSeed
5.0,126.0,197.0,12.80000387,81.20876367,6.417500829,67.10439401,Grapes
37.0,29.0,40.0,26.232991,54.094033,6.746564,502.859702,SunflowerSeed
99.0,57.0,94.0,33.839929,78.588595,5.967689,1650.59431,Sugarcane
12.0,20.0,39.0,19.86173586,86.19740917,6.026999326,111.0217929,Pomegranate
56.0,50.0,52.0,33.08706051,92.25197542,6.770384816,88.1300769,Papaya
80.0,30.0,25.0,26.24092174,65.64381357,7.487266991,148.3771202,Coffee
108.0,88.0,55.0,26.28845991,83.390039,5.891458107,113.8729798,Banana
166.0,43.0,110.0,20.971584,90.467503,6.249289,2290.259264,Plantain
113.0,85.0,45.0,27.94972463,76.63713353,6.037430836,109.0921631,Banana
29.0,27.0,22.0,28.735842,48.484251,7.454248,568.45694,SunflowerSeed
48.0,30.0,34.0,22.395806,71.691564,6.486487,598.108917,GardenBean
107.0,37.0,69.0,30.811295,86.51701,6.610397,1933.541162,Cocoa
4.0,14.0,41.0,19.85139326,89.80732335,6.430163481,102.8186358,Pomegranate
13.0,22.0,5.0,19.667056,90.50096668,7.764040111,100.1737964,Orange
60.0,38.0,17.0,18.41932981,64.23580251,6.474476516,76.41312437,Maize
173.0,37.0,174.0,22.377542,83.109314,6.392872,2051.472851,Plantain
72.0,23.0,36.0,24.737597,57.888243,5.330976,674.937318,Tobacco
23.0,12.0,14.0,27.537917,38.705147,6.417886,459.102579,SesameSeed
45.0,41.0,33.0,25.51464,66.398397,6.506802,808.948169,Soyabean
20.0,45.0,16.0,29.93964907,54.61813464,4.626212446,45.43669946,MothBeans
115.0,12.0,52.0,27.51492243,94.96218673,6.685553129,21.01796432,Muskmelon
42.0,73.0,25.0,34.03679184,67.21113844,6.501869314,73.23573601,Blackgram
9.0,122.0,201.0,29.58748357,80.91934392,5.570290539,68.06417307,Grapes
9.0,77.0,17.0,21.65845777,63.58337146,6.280725549,38.07659414,Lentil
13.0,75.0,20.0,30.55992394,35.29006485,6.979540061,178.8998611,PigeonPeas
35.0,57.0,25.0,27.0956288,42.26206161,8.340398059,71.1271039,MothBeans
26.0,32.0,32.0,30.91471455,49.92963856,6.810186079,90.14047759,Mango
40.0,16.0,35.0,34.16438906,54.16482251,4.954739564,98.33351125,Mango
47.0,34.0,44.0,25.630289,71.353088,6.519563,957.523314,Soyabean
27.0,43.0,23.0,31.70447482,56.85420099,5.875333778,44.94317432,MothBeans
4.0,36.0,22.0,27.60887393,86.13316408,7.012740397,43.80041104,MungBean
46.0,34.0,76.0,17.278383,53.089913,7.076925,553.027287,Onion
19.0,24.0,15.0,20.48954522,93.72485075,7.137136973,111.8391951,Orange
95.0,75.0,50.0,28.08166093,75.26429821,5.623615687,118.2761894,Banana
107.0,51.0,22.0,24.86560781,78.22080815,5.983075895,79.56866268,Cotton
37.0,36.0,26.0,32.89300162,52.61323969,4.650536197,94.49161372,Mango
58.0,23.0,33.0,25.649814,62.413306,6.226996,1062.10228,Soyabean
61.0,33.0,28.0,24.555595,60.347862,5.75927,704.231544,Tobacco
70.0,47.0,17.0,24.6129118,70.4162444,6.600827017,104.1626147,Maize
24.0,80.0,19.0,29.67892453,69.0854554,6.808041722,65.66436565,Blackgram
89.0,18.0,59.0,14.642442,95.455665,4.976424,2037.322785,Tea
136.0,36.0,24.0,22.74446976,80.41198458,7.59781958,90.07326633,Cotton
82.0,77.0,46.0,28.9470467,82.1888998,5.901100841,95.83016448,Banana
16.0,18.0,26.0,28.43647052,91.81320717,5.568365926,145.5414413,Coconut
30.0,79.0,22.0,18.28766124,69.48515056,6.254216611,48.60449438,Lentil
74.0,55.0,19.0,18.05033737,62.89366992,6.28886807,84.23613484,Maize
2.0,38.0,18.0,27.53632932,89.92908171,6.619891498,45.48591922,MungBean
67.0,22.0,58.0,17.425367,83.157378,4.876617,1581.312107,Tea
78.0,18.0,54.0,20.531649,87.55656,4.99167,1533.800554,Tea
58.0,34.0,53.0,23.464664,84.66068,6.166009,2204.404127,Vanilla
14.0,48.0,21.0,29.24598976,84.80084105,6.991242362,53.43228915,MungBean
4.0,67.0,25.0,23.78709569,24.35679348,5.948164454,119.6404412,KidneyBeans
52.0,56.0,85.0,20.1187446,14.44228303,6.81712422,88.68168643,ChickPea
40.0,35.0,35.0,19.787033,68.721675,6.394526,838.619119,GardenBean
21.0,11.0,21.0,31.438986,50.922624,6.514713,502.378951,SesameSeed
47.0,25.0,37.0,25.045742,75.761531,6.503037,1200.0,Soyabean
15.0,14.0,18.0,30.864944,39.216553,6.216228,558.687197,SesameSeed
76.0,49.0,42.0,24.958779,84.47963372,5.206373153,196.9560008,Rice
65.0,28.0,49.0,20.551225,63.537711,5.532904,795.47044,Tobacco
30.0,20.0,38.0,22.59890174,93.16343942,7.058222596,110.0932899,Pomegranate
10.0,75.0,17.0,18.43966037,68.05394959,7.732194788,39.00992137,Lentil
56.0,76.0,16.0,28.27265858,61.18956161,7.513151076,63.29900785,Blackgram
4.0,136.0,204.0,29.93707596,81.77713468,5.898944282,65.52279323,Grapes
38.0,19.0,31.0,34.73823882,49.08864345,5.855119268,90.65022183,Mango
78.0,42.0,42.0,20.13017482,81.60487287,7.628472891,262.7173405,Rice
111.0,40.0,97.0,28.566002,81.120219,6.30814,1642.65162,Sugarcane
40.0,120.0,197.0,23.80593812,92.48879468,5.889480679,119.6335548,Apple
134.0,37.0,248.0,23.167306,77.005166,6.474785,1230.940946,Plantain
47.0,25.0,65.0,23.395199,71.304597,5.650554,898.131956,SweetPotato
123.0,53.0,111.0,25.065716,80.724511,6.507871,1685.043041,Sugarcane
108.0,33.0,74.0,25.613248,91.039816,5.737062,1555.667738,Cocoa
60.0,12.0,33.0,30.230052,45.038534,7.127146,524.037949,Sorghum
107.0,50.0,109.0,28.855153,83.263086,7.696096,1579.090311,Sugarcane
89.0,85.0,55.0,26.6719835,76.48541655,6.275384607,91.73358569,Banana
18.0,57.0,21.0,27.37659643,63.93927841,6.155915975,49.47371773,Lentil
6.0,37.0,17.0,28.08657178,80.35005927,6.760694228,38.14476781,MungBean
56.0,58.0,49.0,37.13165026,94.60761797,6.69215564,172.4788062,Papaya
39.0,24.0,49.0,23.98806,66.16623,5.182255,864.975527,SweetPotato
32.0,38.0,20.0,26.790734,64.877759,6.224955,870.780251,Groundnut
49.0,20.0,77.0,18.0,83.745655,5.927362,869.51498,SweetPotato
118.0,33.0,30.0,24.13179691,67.22512329,6.362607851,173.3228386,Coffee
38.0,15.0,27.0,33.7462686,48.50387598,6.777788126,92.26439205,Mango
51.0,45.0,60.0,19.960022,59.807746,6.556566,511.363558,Onion
39.0,42.0,20.0,29.3499706,61.25353851,8.055908858,40.82840673,MothBeans
60.0,36.0,43.0,23.43121862,83.06310136,5.286203711,219.9048349,Rice
32.0,79.0,22.0,27.60195453,63.46170674,5.91645379,54.37814199,Lentil
108.0,60.0,17.0,22.75805656,76.75768356,6.558902588,97.76600619,Cotton
32.0,35.0,29.0,18.169131,75.991746,6.210811,732.462154,GardenBean
31.0,13.0,33.0,27.63834933,95.48763389,5.85971872,205.5463111,Coconut
10.0,78.0,18.0,18.54141834,62.70637578,6.296976913,44.07819743,Lentil
3.0,28.0,33.0,30.33723921,48.88704844,5.755049971,94.42850522,Mango
3.0,18.0,31.0,31.65333432,48.20662669,6.392313973,91.09745581,Mango
10.0,23.0,22.0,30.93767,38.621202,6.47864,333.535083,Millet
113.0,41.0,20.0,25.0017188,80.53965818,7.256877571,96.32600992,Cotton
32.0,14.0,37.0,22.73031253,88.48567856,6.825256236,104.6843243,Pomegranate
36.0,31.0,49.0,16.619512,73.271662,6.293759,672.116296,GardenBean
22.0,60.0,24.0,18.78226261,20.24768314,5.630664753,104.2570723,KidneyBeans
28.0,16.0,27.0,31.132805,45.545621,6.526626,418.589786,Millet
42.0,31.0,62.0,22.064598,73.568526,5.635209,746.80613,SweetPotato
88.0,35.0,40.0,23.57943626,83.58760316,5.85393208,291.2986618,Rice
25.0,59.0,19.0,29.06631494,83.6869203,6.626629798,43.95183726,MungBean
95.0,55.0,42.0,26.79533926,82.1480873,5.950660556,193.3473987,Rice
23.0,16.0,29.0,27.682122,45.568854,6.32326,406.906484,SesameSeed
64.0,18.0,54.0,25.590414,54.628291,5.907901,770.394386,Tobacco
47.0,42.0,38.0,25.645541,67.686745,6.656526,778.262433,Soyabean
26.0,50.0,19.0,27.3179125,51.66921088,6.005242945,32.55919573,MothBeans
26.0,23.0,34.0,32.747317,40.976279,7.437219,434.459371,Sorghum
9.0,8.0,40.0,22.48720144,89.9224883,6.553509673,111.6631582,Pomegranate
40.0,5.0,29.0,28.48444906,97.76865458,5.820978791,160.389421,Coconut
27.0,10.0,33.0,27.81132822,97.48410555,6.465906333,154.0621221,Coconut
17.0,57.0,20.0,28.50677929,45.20094476,3.793575185,66.1761456,MothBeans
51.0,33.0,34.0,27.104756,70.774176,6.781387,811.316561,Soyabean
70.0,68.0,45.0,33.83508569,92.85470152,6.991626158,203.4044028,Papaya
71.0,21.0,46.0,23.310486,81.17917,6.21186,1725.026869,Vanilla
141.0,43.0,264.0,26.908882,86.435251,6.382499,1209.245293,Plantain
44.0,25.0,60.0,15.667268,57.096399,6.594995,663.558525,Onion
35.0,64.0,78.0,17.92845928,14.27327988,7.496645259,85.37378769,ChickPea
169.0,44.0,249.0,27.175423,84.932396,5.98036,1806.840915,Plantain
27.0,62.0,24.0,28.63005477,66.770943,7.353876754,62.2737345,Blackgram
108.0,26.0,52.0,28.82629037,94.26765349,6.201797639,26.23838511,Muskmelon
34.0,12.0,25.0,31.982513,45.510727,6.720655,398.963648,Millet
94.0,54.0,17.0,23.39128187,61.74427165,5.871647806,107.3198135,Maize
111.0,65.0,101.0,26.156423,69.977459,6.386629,1552.075408,Sugarcane
7.0,20.0,12.0,16.53460397,94.76759975,6.475275337,110.0447896,Orange
16.0,13.0,21.0,28.775614,40.936658,6.341071,512.324512,SesameSeed
34.0,45.0,21.0,28.18837136,82.60629652,6.287380117,37.01110438,MungBean
33.0,39.0,41.0,16.938645,78.260741,5.8,877.189242,GardenBean
76.0,28.0,79.0,27.642638,93.765649,5.855763,1867.241736,Cocoa
85.0,25.0,47.0,26.11440416,87.64081095,6.29542477,58.48160844,Watermelon
40.0,45.0,20.0,29.37687468,57.69622912,6.878498176,38.34303462,MothBeans
42.0,31.0,44.0,24.478579,89.346406,6.117358,1991.3597,Vanilla
40.0,49.0,47.0,42.93368602,91.1756748,6.501521192,246.3613268,Papaya
31.0,20.0,26.0,25.56567803,97.61361544,6.443168642,199.7936345,Coconut
91.0,41.0,37.0,24.48556447,83.20630007,6.132570523,192.2316221,Jute
75.0,49.0,15.0,21.53574127,71.50905983,5.918263801,102.4852929,Maize
23.0,24.0,39.0,25.167735,44.321055,7.874292,530.527176,SunflowerSeed
57.0,32.0,60.0,23.219624,90.44094,6.515407,2078.403263,Vanilla
63.0,37.0,43.0,23.41798979,85.08640476,6.661957897,185.7446728,Jute
14.0,14.0,27.0,31.880061,46.198377,7.154696,337.986299,SesameSeed
10.0,5.0,42.0,20.24104904,91.08706822,6.887005997,109.2537734,Pomegranate
88.0,35.0,67.0,24.409855,89.157356,6.478785,2553.798322,Vanilla
79.0,59.0,17.0,20.37999665,63.73849998,6.644205485,108.5054416,Maize
9.0,29.0,34.0,29.38471637,45.88744691,5.72742254,100.8124659,Mango
40.0,9.0,41.0,24.37766782,85.4017118,5.78270695,106.128338,Pomegranate
25.0,48.0,21.0,28.438097,83.48991368,6.267684328,52.55469976,MungBean
89.0,20.0,38.0,22.046214,80.286278,5.223201,1834.333704,Tea
34.0,59.0,23.0,28.56212158,83.24855855,6.935804256,56.48265193,MungBean
90.0,52.0,25.0,25.97482359,69.36385721,6.822586546,103.2234212,Maize
25.0,70.0,16.0,19.63474332,18.90705639,5.759237003,106.3598183,KidneyBeans
24.0,22.0,12.0,28.792861,54.560299,5.705183,200.0,Millet
76.0,38.0,35.0,21.214453,55.766072,5.75578,743.383407,Tobacco
111.0,79.0,53.0,28.31193338,75.77363772,6.165001278,119.695765,Banana
73.0,26.0,44.0,19.283417,60.052929,5.382915,607.523435,Tobacco
84.0,42.0,74.0,26.770112,82.511518,5.791588,1927.376042,Cocoa
19.0,20.0,34.0,32.129498,37.551395,5.566431,432.424081,Millet
120.0,87.0,52.0,28.0764455,76.05522115,5.905494703,118.9923573,Banana
25.0,13.0,25.0,26.325342,45.530809,6.454881,512.381103,Millet
28.0,17.0,26.0,28.805051,71.85995,4.80515,1387.823246,Cassava
0.0,137.0,195.0,22.4359017,80.18612085,6.329499832,65.3973168,Grapes
30.0,32.0,52.0,16.498703,64.729225,7.200775,500.618231,Onion
85.0,38.0,41.0,21.58711777,82.7883708,6.249050656,276.6552459,Rice
172.0,33.0,192.0,18.340391,83.40964,6.847611,1872.06447,Plantain
57.0,31.0,67.0,25.007452,87.271838,5.958612,2166.874949,Vanilla
25.0,51.0,18.0,27.77799528,54.82130787,9.45949344,50.28438729,MothBeans
37.0,49.0,25.0,29.9145443,85.85384444,6.415459592,41.39081525,MungBean
73.0,17.0,57.0,20.255977,86.713712,4.504053,1953.322044,Tea
121.0,49.0,92.0,31.682025,81.583321,6.673001,2040.630969,Sugarcane
68.0,38.0,51.0,23.347736,85.827912,6.239939,2061.438783,Vanilla
20.0,129.0,201.0,23.41044706,91.69913296,5.587905967,116.0777931,Apple
3.0,9.0,45.0,23.89162561,89.61850203,6.535244251,104.617522,Pomegranate
19.0,11.0,18.0,28.970765,39.911213,6.885563,553.304263,SesameSeed
39.0,23.0,83.0,19.662832,72.531525,5.406871,946.251422,SweetPotato
42.0,79.0,23.0,27.71678273,63.29103387,6.781841984,68.56507978,Blackgram
44.0,21.0,46.0,21.379258,51.582534,8.0,596.710642,SunflowerSeed
22.0,67.0,78.0,17.16606398,14.42457525,6.204090835,72.32667516,ChickPea
73.0,43.0,42.0,26.58361011,78.00774772,6.310699968,154.8238864,Jute
38.0,19.0,50.0,23.49366,55.557545,7.045977,725.475964,SunflowerSeed
39.0,64.0,53.0,23.0124018,91.07355541,6.598860305,208.3357976,Papaya
47.0,25.0,45.0,27.084897,46.680967,7.006543,402.343006,Sorghum
72.0,33.0,44.0,26.831013,91.17305,6.144157,2168.490176,Vanilla
28.0,21.0,28.0,28.976689,69.678751,5.308346,1365.40868,Cassava
87.0,48.0,38.0,23.81579631,80.94023552,7.161865733,190.312216,Jute
34.0,10.0,14.0,34.05296914,92.05811721,6.725600855,116.8020848,Orange
46.0,37.0,41.0,20.778988,72.206332,6.182021,593.435197,GardenBean
82.0,78.0,46.0,25.05802193,84.97323747,5.738678895,110.4408803,Banana
19.0,57.0,23.0,23.6734328,47.2879691,7.342409555,141.1250722,PigeonPeas
5.0,13.0,37.0,22.34375696,89.7870345,5.648243649,103.3183074,Pomegranate
70.0,36.0,67.0,23.069613,83.89503,6.33158,2292.645307,Vanilla
50.0,37.0,39.0,18.784396,76.174547,6.491341,711.175695,GardenBean
80.0,30.0,83.0,24.535011,89.155154,6.249976,1861.511474,Cocoa
14.0,57.0,15.0,29.8757015,83.14796296,6.623438282,40.12044158,MungBean
64.0,27.0,45.0,23.21552,61.496574,5.917036,809.485437,Tobacco
28.0,122.0,197.0,19.89363946,82.73366439,5.856575335,69.66256816,Grapes
11.0,34.0,32.0,29.14305008,49.40983294,6.831706773,97.55155537,Mango
95.0,27.0,55.0,28.47212559,91.21322065,6.160414414,20.88620369,Muskmelon
52.0,40.0,35.0,23.824712,60.620082,5.698648,500.0,Tobacco
25.0,143.0,198.0,22.81212536,91.51861705,6.027314401,107.855225,Apple
81.0,39.0,98.0,29.131266,83.589258,5.724992,1882.241834,Cocoa
119.0,25.0,51.0,26.47330219,80.92254421,6.283818329,53.65742581,Watermelon
83.0,34.0,76.0,25.700517,80.739814,6.340936,1624.943833,Cocoa
51.0,31.0,38.0,26.65688,64.416433,6.326348,832.578948,Soyabean
7.0,16.0,9.0,18.87957654,92.04304496,7.813916603,114.6659511,Orange
79.0,45.0,20.0,23.80546189,59.24537979,5.715208817,89.9622014,Maize
31.0,68.0,45.0,42.92325255,90.07600528,6.938313356,196.2408242,Papaya
7.0,23.0,35.0,19.75088482,88.71691157,7.054313823,102.5538035,Pomegranate
61.0,42.0,52.0,19.031965,57.294036,6.71246,648.163204,Onion
54.0,39.0,37.0,26.022639,72.67783,6.65934,837.344212,Soyabean
87.0,22.0,60.0,25.833623,85.04798,5.868185,2200.17475,Cocoa
30.0,61.0,18.0,27.14911056,67.02664337,6.157782589,52.50812701,Lentil
117.0,56.0,15.0,25.99237426,77.0543546,7.368258226,89.1188212,Cotton
16.0,17.0,10.0,28.130353,43.070507,6.76386,473.161744,SesameSeed
2.0,30.0,30.0,26.00175125,94.79998418,6.331051715,209.540094,Coconut
34.0,9.0,35.0,26.344613,56.339006,5.370471,1186.257951,Cassava
78.0,35.0,44.0,26.54348085,84.67353597,7.072655622,183.6222657,Rice
62.0,27.0,37.0,20.182079,54.837009,5.906809,639.024987,Tobacco
23.0,14.0,26.0,30.574571,40.020253,6.695124,321.920255,Millet
142.0,38.0,146.0,24.856868,78.406444,6.193296,1611.918179,Plantain
36.0,59.0,51.0,19.338976,45.0,7.108518,535.591672,Onion
29.0,77.0,75.0,17.50361137,15.48083156,7.778591618,72.9446671,ChickPea
73.0,58.0,21.0,19.97215954,57.68272924,6.596060648,60.65171481,Maize
99.0,12.0,52.0,28.69708334,94.30759855,6.002927293,22.21807088,Muskmelon
95.0,23.0,45.0,27.82424457,90.56698742,6.266208727,21.19014526,Muskmelon
13.0,16.0,8.0,34.74004942,93.12316972,6.949838549,100.1967854,Orange
15.0,54.0,15.0,29.97604322,57.03184356,8.35495812,44.86052932,MothBeans
33.0,57.0,17.0,27.89636126,88.71782287,6.78415271,57.79863368,MungBean
13.0,8.0,12.0,25.16296632,92.54736032,7.105904818,114.3117197,Orange
145.0,35.0,160.0,23.031848,77.276652,7.0,2069.456647,Plantain
107.0,21.0,26.0,26.45288458,55.32222678,7.235070264,144.6861336,Coffee
104.0,18.0,30.0,23.60301571,60.39647474,6.779832611,140.9370415,Coffee
27.0,57.0,24.0,27.33534897,43.35795962,6.09186275,142.3303677,PigeonPeas
36.0,26.0,26.0,30.17294105,51.0845903,6.814630246,95.23444287,Mango
37.0,12.0,29.0,25.893424,61.94989,4.835249,1060.659318,Cassava
45.0,46.0,42.0,26.350884,70.143421,6.57684,737.933284,Soyabean
28.0,7.0,9.0,34.5917846,92.13229786,6.730757538,115.5650287,Orange
139.0,40.0,200.0,25.674455,79.807715,6.372719,1501.510992,Plantain
47.0,33.0,61.0,22.196634,83.532236,6.158904,1866.911695,Vanilla
72.0,42.0,43.0,26.56767277,80.90424543,6.352771037,181.2915605,Jute
110.0,42.0,99.0,28.590709,72.808315,6.1244,1702.648747,Sugarcane
77.0,31.0,79.0,26.652921,85.286887,5.691131,1953.72747,Cocoa
143.0,37.0,159.0,22.795913,88.773528,6.13731,1559.308216,Plantain
17.0,67.0,18.0,31.2192752,56.46868874,5.611510977,129.2028653,PigeonPeas
57.0,25.0,58.0,24.849267,55.0,5.745414,919.045082,SweetPotato
116.0,5.0,54.0,25.37601283,80.99313508,6.65398725,57.23028471,Watermelon
31.0,17.0,23.0,32.332937,40.852553,6.802266,449.433132,SesameSeed
100.0,56.0,40.0,26.38905406,83.31240346,7.433313409,176.1516409,Jute
7.0,63.0,24.0,19.55750776,64.45268309,6.818681086,53.04669416,Lentil
111.0,39.0,72.0,26.32761,79.807434,5.202828,1687.892308,Cocoa
31.0,37.0,21.0,27.23924995,86.404241,6.713410626,37.31236904,MungBean
36.0,33.0,55.0,23.103892,71.918692,6.201857,816.38424,SweetPotato
70.0,36.0,60.0,25.711611,66.645745,5.779769,642.489695,Tobacco
53.0,55.0,55.0,33.32315744,91.25271223,6.709668804,234.496633,Papaya
57.0,73.0,85.0,18.49311205,14.72115044,7.358099622,91.94595352,ChickPea
16.0,7.0,8.0,22.79196751,90.60901895,6.420457311,116.5084074,Orange
48.0,29.0,48.0,23.985003,49.318447,7.317084,568.883445,SunflowerSeed
95.0,13.0,46.0,29.84070774,93.76312893,6.126019932,23.28207838,Muskmelon
117.0,32.0,34.0,26.2724184,52.12739421,6.758792552,127.1752928,Coffee
100.0,48.0,17.0,23.7805123,83.03878838,7.827877818,66.26555904,Cotton
39.0,14.0,28.0,32.513562,41.051269,6.602253,511.79102,Millet
13.0,28.0,33.0,28.130115,95.64807631,5.686972967,151.0761899,Coconut
11.0,60.0,23.0,27.33684386,88.50229102,7.033012777,51.09802625,MungBean
57.0,31.0,46.0,23.632909,86.375883,6.347191,2252.780582,Vanilla
57.0,37.0,50.0,23.860083,75.644627,5.420756,835.91511,SweetPotato
21.0,18.0,26.0,31.896893,47.200474,6.561035,349.825923,Millet
44.0,34.0,42.0,22.675876,64.538449,5.160424,769.298964,Tobacco
114.0,40.0,23.0,25.53676123,81.13668716,6.753978061,95.4262599,Cotton
29.0,14.0,13.0,26.470825,55.0,6.42668,428.229987,SesameSeed
27.0,71.0,24.0,31.46417866,48.17631461,7.064973419,165.405354,PigeonPeas
30.0,30.0,35.0,25.00872392,95.59224018,6.001936419,165.8092179,Coconut
34.0,61.0,49.0,28.12971499,93.3210737,6.502675132,117.8201907,Papaya
29.0,16.0,30.0,27.411569,48.668621,6.29057,525.996305,SesameSeed
46.0,50.0,39.0,14.519611,58.512719,7.024213,531.518018,Onion
61.0,60.0,15.0,24.87502824,68.74248334,6.265564338,91.26056654,Maize
24.0,142.0,202.0,22.53779727,91.48135786,5.710819862,101.8474768,Apple
118.0,44.0,23.0,22.08458267,82.82904143,6.691690476,67.06459777,Cotton
113.0,19.0,46.0,25.41864024,81.12122989,6.286387658,49.52320689,Watermelon
42.0,22.0,41.0,25.0,41.122636,5.863484,566.007861,Sorghum
47.0,28.0,35.0,24.886867,90.200514,6.110195,2023.44432,Vanilla
107.0,50.0,98.0,28.104885,69.347639,6.183289,2437.57338,Sugarcane
44.0,25.0,35.0,27.692503,62.400363,6.618506,670.312792,Soyabean
36.0,38.0,15.0,28.36363858,87.59810657,6.320662012,57.99524359,MungBean
68.0,70.0,54.0,31.29986342,92.76039164,6.986228647,54.77830202,Papaya
83.0,18.0,42.0,18.257176,86.132628,5.387662,2045.27146,Tea
24.0,18.0,36.0,33.691037,43.283589,5.681157,482.265741,Millet
35.0,24.0,30.0,28.255206,62.464061,7.150905,563.492109,SunflowerSeed
65.0,60.0,22.0,25.36768364,72.52054555,6.606984086,107.9124111,Maize
7.0,17.0,26.0,34.89226666,48.75613373,6.414526606,91.63074547,Mango
31.0,44.0,71.0,17.634437,52.58113,6.68356,526.746164,Onion
0.0,49.0,18.0,29.68361658,87.93598094,6.990095452,41.82490236,MungBean
118.0,31.0,34.0,27.54823036,62.88179198,6.123796057,181.4170812,Coffee
39.0,34.0,34.0,20.183351,76.019628,6.314456,807.117941,GardenBean
118.0,45.0,23.0,23.37044424,77.43198948,7.977651226,71.67870701,Cotton
116.0,50.0,130.0,29.548514,71.477308,6.022473,1560.504543,Sugarcane
60.0,54.0,19.0,18.74826712,62.49878458,6.417820493,70.23401597,Maize
10.0,18.0,23.0,31.214778,41.225265,6.253115,422.557979,SesameSeed
51.0,25.0,67.0,23.240063,65.474345,5.847079,782.709493,SweetPotato
35.0,63.0,76.0,17.81564548,17.60756635,7.714153038,90.82097601,ChickPea
34.0,66.0,19.0,32.97030511,60.18122078,7.586642101,73.44678678,Blackgram
3.0,72.0,24.0,36.51268371,57.92887167,6.03160778,122.6539694,PigeonPeas
74.0,56.0,22.0,18.28362235,66.65952796,6.829199275,80.97573281,Maize
28.0,28.0,82.0,20.400954,53.699671,6.918715,473.323145,Onion
39.0,58.0,85.0,17.88776475,15.40589717,5.996932037,68.54932919,ChickPea
87.0,24.0,69.0,22.930117,50.544607,5.683261,645.307825,Tobacco
39.0,65.0,23.0,25.43459777,69.12613376,7.685959305,41.02682925,Lentil
27.0,16.0,35.0,31.566544,78.161869,5.415016,1156.758226,Cassava
108.0,22.0,47.0,28.53545677,91.72742702,6.161123579,25.1290048,Muskmelon
39.0,70.0,52.0,26.26559543,90.79668055,6.65149129,59.49373381,Papaya
27.0,30.0,5.0,32.71748548,90.54608254,7.656978112,113.328978,Orange
71.0,27.0,49.0,25.022158,81.942344,6.449936,1906.834646,Vanilla
34.0,65.0,47.0,23.48546973,93.71043692,6.833768535,191.7760562,Papaya
76.0,29.0,80.0,33.0,86.632918,5.956693,1968.633824,Cocoa
23.0,23.0,30.0,32.82141065,47.45553843,4.755273631,90.89173106,Mango
12.0,6.0,8.0,30.84835031,92.86773675,6.388617138,107.4142681,Orange
86.0,18.0,47.0,22.441199,86.594488,5.162541,2493.083573,Tea
47.0,23.0,32.0,29.961161,50.71882,6.517345,538.108622,Sorghum
76.0,26.0,61.0,24.073615,64.850068,5.496112,764.85479,Tobacco
42.0,53.0,48.0,23.11407669,94.31994776,6.758479569,231.5153161,Papaya
6.0,68.0,18.0,24.388717,62.50453062,6.711341147,47.26052494,Lentil
31.0,121.0,201.0,23.15791104,90.34396882,5.731535258,110.712841,Apple
38.0,23.0,22.0,28.53274,72.802554,4.596765,1320.718738,Cassava
10.0,59.0,15.0,29.83040388,89.30428305,6.32400451,58.86687093,MungBean
85.0,58.0,41.0,21.77046169,80.31964408,7.038096361,226.6555374,Rice
94.0,26.0,27.0,26.36629861,52.25738495,7.456460375,177.3176161,Coffee
23.0,45.0,23.0,28.77653519,86.69133979,6.983130466,56.12443206,MungBean
64.0,32.0,50.0,23.672465,84.798827,6.419491,2076.702329,Vanilla
17.0,14.0,23.0,30.66912,44.057454,7.139788,507.12958,SesameSeed
5.0,25.0,6.0,30.72119881,94.01331956,6.011302181,106.8118019,Orange
155.0,44.0,266.0,25.045149,84.106703,6.304088,1448.834924,Plantain
70.0,19.0,51.0,19.392003,75.021986,5.197782,1644.264458,Tea
80.0,27.0,66.0,19.705797,84.742547,4.857072,1972.411776,Tea
14.0,121.0,203.0,9.724457611,83.74765639,6.158689406,74.46411148,Grapes
93.0,29.0,83.0,28.86767,72.0,5.466012,2006.525522,Cocoa
50.0,22.0,35.0,32.680901,44.913286,6.965961,616.197403,Sorghum
35.0,128.0,205.0,21.07273439,93.56585985,6.041053829,107.8737015,Apple
24.0,27.0,34.0,28.87862994,95.11320315,6.203376525,145.0583117,Coconut
16.0,35.0,31.0,32.27652024,50.19368841,5.316875978,95.99487068,Mango
31.0,24.0,48.0,28.577999,43.055505,6.840622,616.519909,SunflowerSeed
88.0,28.0,73.0,26.973746,87.627359,6.564744,2196.81709,Cocoa
33.0,12.0,15.0,30.25578031,92.03272799,6.052318465,116.7173125,Orange
70.0,26.0,30.0,17.334869,79.84761,4.91173,1643.734624,Tea
107.0,58.0,15.0,23.73868041,75.77503808,7.55606399,76.63669195,Cotton
9.0,48.0,22.0,27.77076285,87.09979549,6.402926221,49.50812624,MungBean
24.0,44.0,17.0,29.8596912,80.03499648,6.666380512,50.66487502,MungBean
19.0,120.0,195.0,18.73932187,81.12109244,5.931538447,73.55807954,Grapes
60.0,30.0,52.0,25.08805,60.806655,5.648164,786.849759,Tobacco
27.0,80.0,15.0,19.07096165,21.21092266,5.788386951,86.21917578,KidneyBeans
4.0,59.0,25.0,27.68515114,81.94268594,6.227134139,54.62243308,MungBean
98.0,26.0,52.0,27.33897716,90.69759008,6.150090899,28.69113835,Muskmelon
115.0,18.0,53.0,29.17052093,94.19790371,6.012480351,22.06994464,Muskmelon
50.0,74.0,17.0,27.10053268,63.36085585,6.5408208,73.84949872,Blackgram
71.0,16.0,37.0,17.917075,81.856222,4.854751,1997.114233,Tea
1.0,132.0,200.0,16.27852801,82.94270065,5.620745638,66.57462809,Grapes
66.0,69.0,47.0,23.69212243,93.61055571,6.912299695,87.53393983,Papaya
18.0,21.0,35.0,23.2801227,94.94330457,6.368560522,111.1382096,Pomegranate
25.0,35.0,50.0,26.796104,74.277214,6.213272,721.541573,Groundnut
17.0,36.0,46.0,29.565475,63.191485,7.106216,819.781941,Groundnut
85.0,27.0,45.0,26.0713757,88.7285657,6.467095849,57.79652846,Watermelon
115.0,17.0,55.0,27.57826922,94.11878202,6.776533055,28.08253201,Muskmelon
113.0,6.0,52.0,27.76317235,90.35567642,6.740983646,25.21609113,Muskmelon
70.0,49.0,50.0,21.555062,56.9033,6.441023,582.532302,Onion
14.0,14.0,34.0,27.664397,57.83929,4.846178,1063.197234,Cassava
32.0,20.0,41.0,24.51735,47.116554,6.783849,492.274473,SunflowerSeed
82.0,26.0,47.0,28.50416396,93.46806467,6.565312653,24.20007242,Muskmelon
74.0,23.0,66.0,17.078583,85.497862,5.16474,2159.810678,Tea
62.0,49.0,37.0,24.21744605,82.85284045,7.479248124,166.1365886,Jute
6.0,144.0,198.0,21.11478672,90.31528693,5.559363609,104.5086618,Apple
26.0,11.0,11.0,13.70319166,90.95589386,7.609348255,106.2944879,Orange
82.0,25.0,51.0,24.31334971,87.47409052,6.074209622,48.11248366,Watermelon
117.0,34.0,72.0,30.582938,90.649697,5.913046,2274.298949,Cocoa
65.0,38.0,58.0,22.492556,88.141486,6.272388,2312.160014,Vanilla
36.0,11.0,13.0,17.34083741,93.04897191,7.1917274,112.7194284,Orange
116.0,81.0,55.0,26.42313317,83.6995044,5.915546415,95.12322062,Banana
58.0,73.0,16.0,33.36984395,65.67718163,6.874142175,64.89517488,Blackgram
31.0,33.0,40.0,27.011773,69.190117,6.478814,796.468329,Groundnut
109.0,50.0,127.0,26.387381,75.295969,6.821713,2174.923538,Sugarcane
31.0,137.0,196.0,22.14464104,93.82567435,6.400321212,120.6310784,Apple
29.0,24.0,41.0,26.832636,62.738418,6.80823,893.597539,Groundnut
34.0,31.0,26.0,20.365635,74.964625,6.460426,915.620825,GardenBean
40.0,36.0,35.0,29.183445,62.560633,6.633047,956.394099,Groundnut
31.0,6.0,26.0,29.12859129,91.30924833,5.741367375,157.2388553,Coconut
111.0,46.0,247.0,29.301239,82.952086,6.162194,2305.704953,Plantain
49.0,26.0,34.0,23.943318,44.666842,6.797346,619.113884,SunflowerSeed
61.0,64.0,52.0,43.30204933,92.83405443,6.641098708,110.562229,Papaya
7.0,28.0,35.0,30.02086169,46.78393776,4.66910839,96.63721027,Mango
23.0,13.0,26.0,28.113634,38.20194,6.380221,362.625809,Millet
117.0,86.0,53.0,25.19640218,83.55829874,5.703381728,115.8586081,Banana
25.0,51.0,24.0,25.5042419,61.66852372,9.392694614,65.07981523,MothBeans
50.0,45.0,50.0,20.3735,60.547009,7.05668,464.592857,Onion
26.0,15.0,6.0,17.22034507,94.78797376,6.912033409,108.0054343,Orange
34.0,32.0,39.0,22.008218,62.364254,6.419098,859.730019,GardenBean
87.0,26.0,56.0,26.754656,83.636385,5.362835,2600.0,Cocoa
107.0,11.0,54.0,21.777387,87.17263,5.112652,1744.236153,Tea
29.0,8.0,16.0,29.943475,43.333076,6.348646,414.40166,Millet
65.0,63.0,50.0,31.88342554,91.3256535,6.524459342,79.27201575,Papaya
100.0,41.0,22.0,22.4204752,84.55794703,7.318802162,93.46595573,Cotton
88.0,46.0,42.0,22.68319059,83.46358271,6.604993475,194.2651719,Rice
114.0,94.0,53.0,26.33544853,76.8532006,6.190757459,118.6858263,Banana
28.0,57.0,17.0,30.47757686,61.58245338,9.416003106,61.86633917,MothBeans
35.0,26.0,36.0,24.682025,39.458788,6.685185,569.365654,SunflowerSeed
46.0,38.0,44.0,20.747144,64.540575,6.080276,789.579885,GardenBean
28.0,69.0,16.0,29.77013109,66.29327012,6.547361618,35.69674138,Lentil
120.0,16.0,51.0,27.99901833,91.64193051,6.547041903,23.28618248,Muskmelon
14.0,15.0,16.0,32.010793,46.354011,6.475985,541.672338,SesameSeed
19.0,30.0,30.0,29.56549169,91.40896307,5.826381164,224.8315729,Coconut
99.0,73.0,53.0,26.29039046,81.06003778,5.871702211,118.6730366,Banana
58.0,70.0,84.0,20.6543203,16.60820843,6.231049028,74.6631118,ChickPea
27.0,72.0,23.0,19.92889503,21.79992115,5.961934481,64.02640797,KidneyBeans
43.0,51.0,38.0,23.086262,71.371718,6.500324,982.27077,Soyabean
26.0,66.0,22.0,18.06486101,65.1034354,6.300479414,51.54922825,Lentil
37.0,70.0,25.0,19.73136909,24.89487354,5.819403771,84.06354115,KidneyBeans
48.0,35.0,36.0,25.715331,72.77932,6.516256,936.881474,Soyabean
97.0,19.0,83.0,25.661369,78.071261,6.284097,2151.12238,Cocoa
54.0,29.0,60.0,20.332995,64.851426,6.894134,484.312543,Onion
111.0,87.0,48.0,26.3985515,81.36028902,5.571401169,98.16752001,Banana
31.0,44.0,25.0,27.344501,74.592657,6.058441,817.298268,Groundnut
111.0,5.0,50.0,27.59350075,91.79742953,6.399891457,24.84266123,Muskmelon
27.0,29.0,40.0,27.029595,66.309448,6.177067,1019.572288,Groundnut
1.0,27.0,36.0,23.98598756,93.34236582,5.684995235,104.991282,Pomegranate
15.0,123.0,204.0,22.52709326,92.54780429,6.365972688,115.3830068,Apple
41.0,40.0,35.0,16.841535,74.485507,6.271019,653.375368,GardenBean
22.0,8.0,33.0,28.43572863,95.8840407,5.665785202,203.9283708,Coconut
51.0,31.0,35.0,18.549065,82.556976,6.016755,750.228794,GardenBean
98.0,29.0,30.0,25.64004392,61.03273481,6.217974349,199.4735636,Coffee
37.0,71.0,16.0,26.28663931,68.51966729,7.324863481,46.13833007,Lentil
33.0,47.0,46.0,29.20300896,93.96834049,6.839443833,209.4083305,Papaya
45.0,21.0,39.0,31.022405,51.003494,6.452169,392.330326,Sorghum
36.0,58.0,25.0,28.66024187,59.3189118,8.399135958,36.92629678,MothBeans
143.0,39.0,218.0,24.369265,85.159001,6.086918,1791.174816,Plantain
102.0,43.0,245.0,24.832968,78.503782,5.990806,1697.182898,Plantain
22.0,17.0,11.0,26.969353,31.252838,6.492082,488.536562,SesameSeed
47.0,63.0,16.0,27.44003279,67.10464369,6.661870999,72.50669768,Blackgram
1.0,12.0,30.0,27.754298,95.94643831,5.56222383,131.0900076,Coconut
40.0,72.0,77.0,17.02498456,16.98861173,7.485996067,88.55123143,ChickPea
103.0,33.0,33.0,26.71717393,50.50148528,7.131435858,126.8073984,Coffee
120.0,45.0,125.0,25.45727,70.691611,6.570878,1574.262183,Sugarcane
82.0,46.0,41.0,23.3250131,79.79609448,6.581693772,187.3096148,Jute
87.0,47.0,94.0,28.827344,73.3624,6.44412,1791.896107,Sugarcane
31.0,14.0,33.0,34.193488,85.0,4.408566,1218.422111,Cassava
64.0,40.0,64.0,22.918788,58.482829,5.723151,664.255757,Tobacco
43.0,64.0,47.0,38.58954491,91.58076549,6.825664782,102.2708231,Papaya
36.0,68.0,20.0,17.06104474,23.77201471,5.86442953,81.83420522,KidneyBeans
50.0,35.0,51.0,20.548469,77.136823,6.503972,726.39168,SweetPotato
26.0,67.0,24.0,36.97794384,37.73992903,5.642813116,161.4812963,PigeonPeas
40.0,17.0,15.0,21.35093384,90.9492967,7.871063004,107.0862095,Orange
40.0,78.0,20.0,19.18572809,20.83398341,5.669236258,80.15293435,KidneyBeans
32.0,40.0,42.0,29.354833,67.562497,6.697702,864.55212,Groundnut
2.0,143.0,196.0,22.71271308,90.45261746,5.669489065,109.8852597,Apple
1.0,35.0,34.0,30.79375683,46.69536813,6.27339822,92.21318555,Mango
142.0,41.0,179.0,22.870982,83.689668,6.365791,2046.109912,Plantain
96.0,13.0,55.0,29.5275305,94.57459443,6.700337732,21.13545688,Muskmelon
45.0,34.0,46.0,24.991984,62.123438,6.111923,1043.515404,Groundnut
76.0,44.0,45.0,25.4879684,84.48235878,6.740947635,168.7848886,Jute
37.0,36.0,27.0,27.5529736,47.90859131,5.910634533,90.40332704,Mango
91.0,12.0,46.0,24.64458469,85.49938185,6.343942518,48.31219031,Watermelon
24.0,14.0,18.0,31.63999,45.150707,6.52615,338.849925,Millet
76.0,47.0,42.0,20.08369642,83.29114712,5.739175027,263.6372176,Rice
98.0,43.0,35.0,25.40785911,76.44048625,7.319952206,188.6372826,Jute
1.0,29.0,29.0,27.32961444,49.30347234,6.052026047,93.53197359,Mango
118.0,29.0,176.0,21.566698,88.605858,5.998778,1607.769149,Plantain
20.0,67.0,19.0,19.24462755,50.54495302,5.671419084,180.6465282,PigeonPeas
5.0,65.0,16.0,21.32776028,18.48522915,5.866744372,109.1013261,KidneyBeans
20.0,21.0,37.0,28.117651,68.018663,5.018959,752.125799,Cassava
35.0,64.0,15.0,28.47442276,63.53604453,6.500144962,69.5274407,Blackgram
37.0,19.0,31.0,30.294374,66.713704,5.480486,921.687759,Cassava
59.0,58.0,17.0,28.546224,66.31394098,7.368318809,62.83469851,Blackgram
89.0,91.0,55.0,25.08347445,80.261731,6.275572298,94.32961456,Banana
0.0,74.0,17.0,23.33375853,64.50515776,7.240988401,47.01510708,Lentil
6.0,62.0,22.0,20.53052663,18.09224048,5.824090984,120.4509288,KidneyBeans
46.0,39.0,48.0,22.476511,63.417964,6.359449,725.36166,GardenBean
48.0,29.0,61.0,22.922983,70.753459,5.534688,942.877553,SweetPotato
85.0,95.0,47.0,25.94019018,78.3422098,6.211833161,119.84797,Banana
8.0,136.0,201.0,41.65602996,82.22118237,5.609255992,74.19664838,Grapes
68.0,31.0,59.0,21.726247,59.51514,5.470063,625.484942,Tobacco
37.0,77.0,17.0,36.20970524,31.94550613,5.617122801,191.0658531,PigeonPeas
32.0,29.0,25.0,20.962651,41.321011,6.93045,750.0,SunflowerSeed
40.0,79.0,17.0,21.12695586,63.18738532,6.403683619,38.71834464,Lentil
49.0,32.0,65.0,22.032228,69.654287,6.000438,763.373035,SweetPotato
33.0,23.0,45.0,20.00218987,85.83618191,7.116538883,112.337046,Pomegranate
121.0,53.0,19.0,23.51308653,76.72621429,7.976889498,80.11272117,Cotton
23.0,72.0,84.0,19.02061277,17.13159126,6.920251378,79.92698081,ChickPea
72.0,60.0,25.0,18.52510753,69.0276233,5.773454729,88.10234397,Maize
18.0,125.0,203.0,22.44307715,91.59234006,6.160267496,102.5565807,Apple
36.0,34.0,33.0,19.937408,82.104912,5.898509,780.698107,GardenBean
40.0,27.0,55.0,32.002092,47.563166,6.724303,512.415255,Sorghum
42.0,61.0,22.0,26.27274407,62.28814857,7.418650668,70.23207557,Blackgram
24.0,128.0,196.0,22.75088787,90.69489172,5.521466996,110.4317855,Apple
34.0,16.0,25.0,30.07202564,50.96040505,6.10729559,92.09609766,Mango
28.0,39.0,28.0,26.064837,75.116193,6.215867,766.79387,Groundnut
54.0,22.0,36.0,15.891379,84.758401,4.913719,2009.012738,Tea
110.0,78.0,50.0,25.93730186,78.89864446,5.915568968,98.21747528,Banana
150.0,43.0,89.0,22.900301,77.716538,6.089753,1425.425689,Sugarcane
99.0,23.0,51.0,22.508121,73.836651,4.872032,2276.39974,Tea
35.0,142.0,203.0,21.17089176,90.23730166,5.895319002,123.6495149,Apple
103.0,51.0,20.0,22.80213132,84.14668447,7.046607434,91.6389565,Cotton
115.0,33.0,220.0,22.901635,78.412725,6.259643,1389.807071,Plantain
35.0,16.0,40.0,28.08416,71.028326,5.101768,850.825336,Cassava
88.0,54.0,44.0,25.7354293,83.88266234,6.149410611,233.1321372,Rice
43.0,61.0,20.0,26.87187036,61.61367264,6.804253866,63.51822045,Blackgram
23.0,19.0,23.0,28.607872,25.0,5.704033,388.651749,Millet
93.0,20.0,38.0,21.850512,87.490717,5.158307,1880.030952,Tea
113.0,28.0,48.0,28.87726019,92.48839665,6.170520518,24.44267592,Muskmelon
126.0,45.0,138.0,31.256374,71.712025,6.924962,2310.238601,Sugarcane
89.0,25.0,54.0,24.69368934,85.56967628,6.353107393,48.99390828,Watermelon
113.0,21.0,33.0,26.02241444,55.83288958,7.277422738,176.9020924,Coffee
107.0,10.0,49.0,25.83202912,89.00481725,6.755192025,45.24690619,Watermelon
27.0,17.0,20.0,29.968069,50.874298,6.411245,358.018116,SesameSeed
40.0,29.0,28.0,27.518624,75.836121,7.084093,1049.15533,Groundnut
81.0,24.0,57.0,19.351541,84.455232,4.817994,1823.661629,Tea
38.0,32.0,30.0,27.888205,74.281264,6.483817,892.482213,Soyabean
80.0,52.0,39.0,26.41915161,76.85691248,7.165696848,197.2101782,Jute
59.0,55.0,79.0,20.36720401,16.89574311,8.766128654,82.2545577,ChickPea
84.0,40.0,43.0,25.01157559,88.3313023,7.228268228,169.4168014,Jute
47.0,36.0,70.0,19.520572,60.127608,5.568558,683.231727,SweetPotato
19.0,55.0,20.0,27.43329405,87.80507732,7.18530147,54.73367631,MungBean
42.0,16.0,34.0,26.767379,47.169021,5.998515,700.0,Sorghum
6.0,142.0,202.0,27.23708304,82.94573346,6.224542938,70.42508897,Grapes
16.0,14.0,30.0,31.894245,69.826198,4.769291,1490.235356,Cassava
58.0,39.0,40.0,25.264549,65.281979,6.081939,927.299505,Soyabean
62.0,59.0,41.0,24.2248758,74.89465426,7.175170657,192.4931257,Jute
27.0,40.0,24.0,27.84026517,89.99615558,7.063022095,52.84626009,MungBean
69.0,27.0,57.0,24.562716,55.13823,5.807805,827.355771,Tobacco
52.0,46.0,70.0,17.495265,59.340815,7.045889,538.828793,Onion
9.0,137.0,200.0,21.12152071,90.6878768,5.636687393,102.8017203,Apple
50.0,32.0,41.0,27.330587,73.756583,6.0,1016.139123,Soyabean
40.0,132.0,202.0,24.57558351,80.70695797,5.971813006,69.706113,Grapes
78.0,25.0,86.0,30.035914,77.170111,5.831136,2370.29563,Cocoa
19.0,26.0,29.0,26.93141945,98.80313612,5.67154928,166.5712879,Coconut
17.0,56.0,17.0,27.94293692,45.41393636,5.9565851,69.66289997,MothBeans
55.0,30.0,55.0,22.944025,85.228172,6.509982,2085.203044,Vanilla
53.0,38.0,45.0,17.753776,74.336482,6.138124,738.918744,GardenBean
114.0,33.0,107.0,27.491291,80.022927,7.281427,2224.635025,Sugarcane
92.0,60.0,23.0,18.66746724,71.516474,5.721667141,69.93293255,Maize
39.0,5.0,31.0,27.10134661,93.69979946,5.551963184,150.9502632,Coconut
0.0,5.0,36.0,24.35193812,90.88612388,6.152906502,105.529185,Pomegranate
49.0,36.0,41.0,18.666709,76.397843,6.8,740.517577,GardenBean
59.0,26.0,57.0,21.894614,66.23012,5.642508,634.300354,Tobacco
62.0,56.0,35.0,25.97825807,81.65769588,6.235357638,163.3488091,Jute
46.0,23.0,42.0,23.804309,89.264351,6.250101,1604.498776,Vanilla
33.0,6.0,14.0,31.199244,41.966927,6.33592,295.856927,Millet
90.0,86.0,55.0,27.96236771,84.15403614,5.644486582,97.55986676,Banana
9.0,59.0,24.0,20.43517772,39.37252634,4.747352458,137.2279662,PigeonPeas
86.0,35.0,84.0,26.289035,80.352155,6.606562,2032.035965,Cocoa
25.0,16.0,21.0,35.716112,41.2135,6.159384,441.1468,SesameSeed
55.0,67.0,16.0,34.37329112,69.69366426,6.596719015,70.27184748,Blackgram
43.0,32.0,67.0,25.798711,75.988061,5.945081,719.829146,SweetPotato
76.0,40.0,43.0,25.15745531,83.11713476,5.070175667,231.3843163,Rice
38.0,28.0,30.0,25.658379,42.042427,7.377754,433.342951,SunflowerSeed
25.0,64.0,20.0,33.15122581,32.45974539,4.807776749,105.0380275,PigeonPeas
0.0,36.0,26.0,34.13072188,51.25786185,5.101206389,96.38808001,Mango
49.0,25.0,76.0,26.455086,79.800589,5.833296,807.73693,SweetPotato
27.0,24.0,41.0,24.32770134,90.88292835,6.610251186,110.4606459,Pomegranate
22.0,138.0,195.0,27.83487131,83.51444973,6.208196881,73.02882766,Grapes
35.0,21.0,44.0,29.39364,46.722745,6.697026,540.437613,Sorghum
40.0,26.0,37.0,24.454149,75.617036,6.418623,917.865216,Soyabean
89.0,21.0,53.0,19.540616,86.402221,5.383332,1903.017125,Tea
30.0,143.0,199.0,23.76881552,90.59810302,5.7983508,102.2648546,Apple
49.0,30.0,40.0,22.925556,61.995847,6.79748,718.674156,SweetPotato
42.0,58.0,25.0,27.45853567,62.90020977,6.513620918,69.46020927,Blackgram
34.0,17.0,29.0,23.04738,35.0,6.873328,558.143067,SunflowerSeed
18.0,23.0,8.0,21.49118657,93.43949693,6.41354791,101.4819888,Orange
87.0,35.0,25.0,21.44526922,63.1621551,6.178056304,65.88951188,Maize
49.0,25.0,30.0,24.076703,83.718718,6.07271,1831.358122,Vanilla
28.0,15.0,23.0,27.122517,45.20144,6.028357,369.799057,SesameSeed
141.0,38.0,155.0,23.136058,80.201148,6.449988,1785.568182,Plantain
82.0,19.0,53.0,23.922993,86.437185,4.693119,1927.633689,Tea
88.0,35.0,35.0,27.55906475,58.45742907,6.784460602,117.9389993,Coffee
117.0,25.0,54.0,28.68275966,92.50969311,6.150686364,29.11187663,Muskmelon
17.0,77.0,23.0,24.51324787,20.81527638,5.670062975,64.19497947,KidneyBeans
14.0,131.0,198.0,33.4641162,83.86742974,5.562790949,67.92204319,Grapes
29.0,78.0,25.0,19.95991719,59.33157782,5.982854523,195.787103,PigeonPeas
111.0,28.0,26.0,27.77363343,64.47858698,6.937352845,192.7121236,Coffee
10.0,5.0,5.0,21.21306973,91.35349216,7.817846496,112.9834361,Orange
115.0,52.0,80.0,25.904402,74.023778,6.413105,1901.667356,Sugarcane
49.0,27.0,60.0,25.739683,95.322975,6.049277,1862.837018,Vanilla
108.0,94.0,47.0,27.35911627,84.54625006,6.387431383,90.81250457,Banana
11.0,36.0,31.0,27.92063282,51.77965917,6.47544932,100.2585673,Mango
11.0,124.0,204.0,13.42988625,80.06633966,6.361141107,71.40043037,Grapes
32.0,78.0,22.0,23.97081395,62.35557553,7.007037515,53.40906048,Lentil
70.0,22.0,54.0,22.146857,66.135856,5.762909,849.26281,Tobacco
141.0,29.0,211.0,27.620957,73.41875,5.845824,2177.770134,Plantain
